<?xml version="1.0" encoding="US-ASCII" standalone="no"?>
    <!-- Field: Doc-Info; Name: Generator; Value: GoFiler Complete; Version: 3.4c -->
    <!-- Field: Doc-Info; Name: VendorURI; Value: http://www.novaworks.co -->
    <!-- Field: Doc-Info; Name: Source; Value: marathon12312012.xfr; Date: 2013/03/25T16:19:16 -->
    <!-- Field: Doc-Info; Name: Status; Value: 0x00000000 -->
<link:linkbase xmlns:xsi="http://www.w3.org/2001/XMLSchema-instance" xmlns:xlink="http://www.w3.org/1999/xlink" xmlns:link="http://www.xbrl.org/2003/linkbase" xmlns:xbrldt="http://xbrl.org/2005/xbrldt" xmlns:xbrli="http://www.xbrl.org/2003/instance" xsi:schemaLocation="http://www.xbrl.org/2003/linkbase http://www.xbrl.org/2003/xbrl-linkbase-2003-12-31.xsd">
    <link:roleRef roleURI="http://marathonpg.com/role/DocumentAndEntityInformation" xlink:href="mara-20121231.xsd#DocumentAndEntityInformation" xlink:type="simple" />
    <link:roleRef roleURI="http://marathonpg.com/role/BalanceSheets" xlink:href="mara-20121231.xsd#BalanceSheets" xlink:type="simple" />
    <link:roleRef roleURI="http://marathonpg.com/role/BalanceSheetsParenthetical" xlink:href="mara-20121231.xsd#BalanceSheetsParenthetical" xlink:type="simple" />
    <link:roleRef roleURI="http://marathonpg.com/role/StatementsOfOperations" xlink:href="mara-20121231.xsd#StatementsOfOperations" xlink:type="simple" />
    <link:roleRef roleURI="http://marathonpg.com/role/StatementsOfCashFlows" xlink:href="mara-20121231.xsd#StatementsOfCashFlows" xlink:type="simple" />
    <link:roleRef roleURI="http://marathonpg.com/role/StatementOfShareholdersEquityDeficit" xlink:href="mara-20121231.xsd#StatementOfShareholdersEquityDeficit" xlink:type="simple" />
    <link:roleRef roleURI="http://marathonpg.com/role/OrganizationAndDescriptionOfBusiness" xlink:href="mara-20121231.xsd#OrganizationAndDescriptionOfBusiness" xlink:type="simple" />
    <link:roleRef roleURI="http://marathonpg.com/role/GoingConcern" xlink:href="mara-20121231.xsd#GoingConcern" xlink:type="simple" />
    <link:roleRef roleURI="http://marathonpg.com/role/SummaryOfSignificantAccountingPolicies" xlink:href="mara-20121231.xsd#SummaryOfSignificantAccountingPolicies" xlink:type="simple" />
    <link:roleRef roleURI="http://marathonpg.com/role/DiscontinuedOperations" xlink:href="mara-20121231.xsd#DiscontinuedOperations" xlink:type="simple" />
    <link:roleRef roleURI="http://marathonpg.com/role/IntangibleAssets" xlink:href="mara-20121231.xsd#IntangibleAssets" xlink:type="simple" />
    <link:roleRef roleURI="http://marathonpg.com/role/NotesPayable-RelatedParty" xlink:href="mara-20121231.xsd#NotesPayable-RelatedParty" xlink:type="simple" />
    <link:roleRef roleURI="http://marathonpg.com/role/StockholdersEquityDeficit" xlink:href="mara-20121231.xsd#StockholdersEquityDeficit" xlink:type="simple" />
    <link:roleRef roleURI="http://marathonpg.com/role/RelatedPartyTransactions" xlink:href="mara-20121231.xsd#RelatedPartyTransactions" xlink:type="simple" />
    <link:roleRef roleURI="http://marathonpg.com/role/CommitmentsAndContingencies" xlink:href="mara-20121231.xsd#CommitmentsAndContingencies" xlink:type="simple" />
    <link:roleRef roleURI="http://marathonpg.com/role/MarketableSecurities" xlink:href="mara-20121231.xsd#MarketableSecurities" xlink:type="simple" />
    <link:roleRef roleURI="http://marathonpg.com/role/IncomeTaxes" xlink:href="mara-20121231.xsd#IncomeTaxes" xlink:type="simple" />
    <link:roleRef roleURI="http://marathonpg.com/role/SubsequentEvents" xlink:href="mara-20121231.xsd#SubsequentEvents" xlink:type="simple" />
    <link:roleRef roleURI="http://marathonpg.com/role/SummaryOfSignificantAccountingPoliciesPolicies" xlink:href="mara-20121231.xsd#SummaryOfSignificantAccountingPoliciesPolicies" xlink:type="simple" />
    <link:roleRef roleURI="http://marathonpg.com/role/SummaryOfSignificantAccountingPoliciesTables" xlink:href="mara-20121231.xsd#SummaryOfSignificantAccountingPoliciesTables" xlink:type="simple" />
    <link:roleRef roleURI="http://marathonpg.com/role/DiscontinuedOperationsTables" xlink:href="mara-20121231.xsd#DiscontinuedOperationsTables" xlink:type="simple" />
    <link:roleRef roleURI="http://marathonpg.com/role/IntangibleAssetsTables" xlink:href="mara-20121231.xsd#IntangibleAssetsTables" xlink:type="simple" />
    <link:roleRef roleURI="http://marathonpg.com/role/StockholdersEquityDeficitTables" xlink:href="mara-20121231.xsd#StockholdersEquityDeficitTables" xlink:type="simple" />
    <link:roleRef roleURI="http://marathonpg.com/role/CommitmentsAndContingenciesTables" xlink:href="mara-20121231.xsd#CommitmentsAndContingenciesTables" xlink:type="simple" />
    <link:roleRef roleURI="http://marathonpg.com/role/MarketableSecuritiesTables" xlink:href="mara-20121231.xsd#MarketableSecuritiesTables" xlink:type="simple" />
    <link:roleRef roleURI="http://marathonpg.com/role/IncomeTaxesTables" xlink:href="mara-20121231.xsd#IncomeTaxesTables" xlink:type="simple" />
    <link:roleRef roleURI="http://marathonpg.com/role/OrganizationAndDescriptionOfBusinessDetailsNarrative" xlink:href="mara-20121231.xsd#OrganizationAndDescriptionOfBusinessDetailsNarrative" xlink:type="simple" />
    <link:roleRef roleURI="http://marathonpg.com/role/GoingConcernDetailsNarrative" xlink:href="mara-20121231.xsd#GoingConcernDetailsNarrative" xlink:type="simple" />
    <link:roleRef roleURI="http://marathonpg.com/role/SummaryOfSignificantAccountingPolicies-InvestmentMeasuredAtFairValueOnRecurringBasisDetails" xlink:href="mara-20121231.xsd#SummaryOfSignificantAccountingPolicies-InvestmentMeasuredAtFairValueOnRecurringBasisDetails" xlink:type="simple" />
    <link:roleRef roleURI="http://marathonpg.com/role/SummaryOfSignificantAccountingPolicies-ComputationOfBasicAndDilutedLossPerShareDetails" xlink:href="mara-20121231.xsd#SummaryOfSignificantAccountingPolicies-ComputationOfBasicAndDilutedLossPerShareDetails" xlink:type="simple" />
    <link:roleRef roleURI="http://marathonpg.com/role/SummaryOfSignificantAccountingPoliciesDetailsNarrative" xlink:href="mara-20121231.xsd#SummaryOfSignificantAccountingPoliciesDetailsNarrative" xlink:type="simple" />
    <link:roleRef roleURI="http://marathonpg.com/role/DiscontinuedOperations-CarryingAmountsOfAssetsAndLiabilitiesDetails" xlink:href="mara-20121231.xsd#DiscontinuedOperations-CarryingAmountsOfAssetsAndLiabilitiesDetails" xlink:type="simple" />
    <link:roleRef roleURI="http://marathonpg.com/role/DiscontinuedOperations-DiscontinuedOperationsAndRealEstateBusinessDetails" xlink:href="mara-20121231.xsd#DiscontinuedOperations-DiscontinuedOperationsAndRealEstateBusinessDetails" xlink:type="simple" />
    <link:roleRef roleURI="http://marathonpg.com/role/DiscontinuedOperationsDetailsNarrative" xlink:href="mara-20121231.xsd#DiscontinuedOperationsDetailsNarrative" xlink:type="simple" />
    <link:roleRef roleURI="http://marathonpg.com/role/IntangibleAssets-IntangibleAssetsAcquiredFromAcquisitionDetails" xlink:href="mara-20121231.xsd#IntangibleAssets-IntangibleAssetsAcquiredFromAcquisitionDetails" xlink:type="simple" />
    <link:roleRef roleURI="http://marathonpg.com/role/IntangibleAssets-FutureAmortizationOfIntangibleAssetsNetDetails" xlink:href="mara-20121231.xsd#IntangibleAssets-FutureAmortizationOfIntangibleAssetsNetDetails" xlink:type="simple" />
    <link:roleRef roleURI="http://marathonpg.com/role/IntangibleAssetsDetailsNarrative" xlink:href="mara-20121231.xsd#IntangibleAssetsDetailsNarrative" xlink:type="simple" />
    <link:roleRef roleURI="http://marathonpg.com/role/NotesPayable-RelatedPartyDetailsNarrative" xlink:href="mara-20121231.xsd#NotesPayable-RelatedPartyDetailsNarrative" xlink:type="simple" />
    <link:roleRef roleURI="http://marathonpg.com/role/StockholdersEquityDeficit-StatusOfOutstandingStockWarrantsDetails" xlink:href="mara-20121231.xsd#StockholdersEquityDeficit-StatusOfOutstandingStockWarrantsDetails" xlink:type="simple" />
    <link:roleRef roleURI="http://marathonpg.com/role/StockholdersEquityDeficit-SummaryOfStockOptionsDetails" xlink:href="mara-20121231.xsd#StockholdersEquityDeficit-SummaryOfStockOptionsDetails" xlink:type="simple" />
    <link:roleRef roleURI="http://marathonpg.com/role/StockholdersEquityDeficitDetailsNarrative" xlink:href="mara-20121231.xsd#StockholdersEquityDeficitDetailsNarrative" xlink:type="simple" />
    <link:roleRef roleURI="http://marathonpg.com/role/RelatedPartyTransactionsDetailsNarrative" xlink:href="mara-20121231.xsd#RelatedPartyTransactionsDetailsNarrative" xlink:type="simple" />
    <link:roleRef roleURI="http://marathonpg.com/role/CommitmentsAndContingencies-CommitmentsAndContingenciesDetails" xlink:href="mara-20121231.xsd#CommitmentsAndContingencies-CommitmentsAndContingenciesDetails" xlink:type="simple" />
    <link:roleRef roleURI="http://marathonpg.com/role/CommitmentsAndContingencies-CommitmentsAndContingenciesDetails1" xlink:href="mara-20121231.xsd#CommitmentsAndContingencies-CommitmentsAndContingenciesDetails1" xlink:type="simple" />
    <link:roleRef roleURI="http://marathonpg.com/role/CommitmentsAndContingenciesDetailsNarrative" xlink:href="mara-20121231.xsd#CommitmentsAndContingenciesDetailsNarrative" xlink:type="simple" />
    <link:roleRef roleURI="http://marathonpg.com/role/MarketableSecurities-MarketableSecuritiesDetails" xlink:href="mara-20121231.xsd#MarketableSecurities-MarketableSecuritiesDetails" xlink:type="simple" />
    <link:roleRef roleURI="http://marathonpg.com/role/MarketableSecuritiesDetailsNarrative" xlink:href="mara-20121231.xsd#MarketableSecuritiesDetailsNarrative" xlink:type="simple" />
    <link:roleRef roleURI="http://marathonpg.com/role/IncomeTaxes-EffectiveTaxRateAndStatutoryFederalRateDetails" xlink:href="mara-20121231.xsd#IncomeTaxes-EffectiveTaxRateAndStatutoryFederalRateDetails" xlink:type="simple" />
    <link:roleRef roleURI="http://marathonpg.com/role/IncomeTaxes-EffectiveTaxRateAndStatutoryFederalRatePercentageDetails" xlink:href="mara-20121231.xsd#IncomeTaxes-EffectiveTaxRateAndStatutoryFederalRatePercentageDetails" xlink:type="simple" />
    <link:roleRef roleURI="http://marathonpg.com/role/IncomeTaxes-DeferredTaxAssetDetails" xlink:href="mara-20121231.xsd#IncomeTaxes-DeferredTaxAssetDetails" xlink:type="simple" />
    <link:roleRef roleURI="http://marathonpg.com/role/IncomeTaxesDetailsNarrative" xlink:href="mara-20121231.xsd#IncomeTaxesDetailsNarrative" xlink:type="simple" />
    <link:roleRef roleURI="http://marathonpg.com/role/SubsequentEventsDetailsNarrative" xlink:href="mara-20121231.xsd#SubsequentEventsDetailsNarrative" xlink:type="simple" />
    <link:arcroleRef xlink:type="simple" xlink:href="http://www.xbrl.org/2005/xbrldt-2005.xsd#hypercube-dimension" arcroleURI="http://xbrl.org/int/dim/arcrole/hypercube-dimension" />
    <link:arcroleRef xlink:type="simple" xlink:href="http://www.xbrl.org/2005/xbrldt-2005.xsd#dimension-domain" arcroleURI="http://xbrl.org/int/dim/arcrole/dimension-domain" />
    <link:arcroleRef xlink:type="simple" xlink:href="http://www.xbrl.org/2005/xbrldt-2005.xsd#domain-member" arcroleURI="http://xbrl.org/int/dim/arcrole/domain-member" />
    <link:arcroleRef xlink:type="simple" xlink:href="http://www.xbrl.org/2005/xbrldt-2005.xsd#all" arcroleURI="http://xbrl.org/int/dim/arcrole/all" />
    <link:arcroleRef xlink:type="simple" xlink:href="http://www.xbrl.org/2005/xbrldt-2005.xsd#notAll" arcroleURI="http://xbrl.org/int/dim/arcrole/notAll" />
    <link:arcroleRef xlink:type="simple" xlink:href="http://www.xbrl.org/2005/xbrldt-2005.xsd#dimension-default" arcroleURI="http://xbrl.org/int/dim/arcrole/dimension-default" />
    <link:definitionLink xlink:type="extended" xlink:role="http://marathonpg.com/role/DocumentAndEntityInformation" xlink:title="0001 - Document - Document and Entity Information" />
    <link:definitionLink xlink:type="extended" xlink:role="http://marathonpg.com/role/BalanceSheets" xlink:title="0002 - Statement - Consolidated Balance Sheets" />
    <link:definitionLink xlink:type="extended" xlink:role="http://marathonpg.com/role/BalanceSheetsParenthetical" xlink:title="0003 - Statement - Consolidated Balance Sheets (Parenthetical)" />
    <link:definitionLink xlink:type="extended" xlink:role="http://marathonpg.com/role/StatementsOfOperations" xlink:title="0004 - Statement - Consolidated Statements of Operations" />
    <link:definitionLink xlink:type="extended" xlink:role="http://marathonpg.com/role/StatementsOfCashFlows" xlink:title="0005 - Statement - Consolidated Statements of Cash Flows" />
    <link:definitionLink xlink:type="extended" xlink:role="http://marathonpg.com/role/StatementOfShareholdersEquityDeficit" xlink:title="0006 - Statement - Consolidated Statement of Shareholders Equity (Deficit)">
      <link:loc xlink:type="locator" xlink:href="http://xbrl.fasb.org/us-gaap/2012/elts/us-gaap-2012-01-31.xsd#us-gaap_StatementLineItems" xlink:label="loc_MARAStatementLineItems" />
      <link:loc xlink:type="locator" xlink:href="http://xbrl.fasb.org/us-gaap/2012/elts/us-gaap-2012-01-31.xsd#us-gaap_StatementTable" xlink:label="loc_MARAStatementTable" />
      <link:definitionArc xlink:arcrole="http://xbrl.org/int/dim/arcrole/all" xbrldt:contextElement="segment" xlink:from="loc_MARAStatementLineItems" xlink:to="loc_MARAStatementTable" xlink:type="arc" order="10" xbrldt:closed="true" />
      <link:loc xlink:type="locator" xlink:href="http://xbrl.fasb.org/us-gaap/2012/elts/us-gaap-2012-01-31.xsd#us-gaap_StatementEquityComponentsAxis" xlink:label="loc_MARAStatementEquityComponentsAxis" />
      <link:definitionArc xlink:arcrole="http://xbrl.org/int/dim/arcrole/hypercube-dimension" xlink:from="loc_MARAStatementTable" xlink:to="loc_MARAStatementEquityComponentsAxis" xlink:type="arc" order="1" />
      <link:loc xlink:type="locator" xlink:href="http://xbrl.fasb.org/us-gaap/2012/elts/us-gaap-2012-01-31.xsd#us-gaap_EquityComponentDomain" xlink:label="loc_MARAEquityComponentDomain" />
      <link:definitionArc xlink:arcrole="http://xbrl.org/int/dim/arcrole/dimension-domain" xlink:from="loc_MARAStatementEquityComponentsAxis" xlink:to="loc_MARAEquityComponentDomain" xlink:type="arc" order="20" />
      <link:loc xlink:type="locator" xlink:href="http://xbrl.fasb.org/us-gaap/2012/elts/us-gaap-2012-01-31.xsd#us-gaap_EquityComponentDomain" xlink:label="loc_MARAEquityComponentDomain_10" />
      <link:definitionArc xlink:arcrole="http://xbrl.org/int/dim/arcrole/dimension-default" xbrldt:contextElement="segment" xlink:from="loc_MARAStatementEquityComponentsAxis" xlink:to="loc_MARAEquityComponentDomain_10" xlink:type="arc" order="30" />
      <link:loc xlink:type="locator" xlink:href="http://xbrl.fasb.org/us-gaap/2012/elts/us-gaap-2012-01-31.xsd#us-gaap_CommonStockMember" xlink:label="loc_MARACommonStockMember_0" />
      <link:definitionArc xlink:arcrole="http://xbrl.org/int/dim/arcrole/domain-member" xlink:from="loc_MARAEquityComponentDomain" xlink:to="loc_MARACommonStockMember_0" xlink:type="arc" order="1" />
      <link:loc xlink:type="locator" xlink:href="http://xbrl.fasb.org/us-gaap/2012/elts/us-gaap-2012-01-31.xsd#us-gaap_AdditionalPaidInCapitalMember" xlink:label="loc_MARAAdditionalPaidInCapitalMember_10" />
      <link:definitionArc xlink:arcrole="http://xbrl.org/int/dim/arcrole/domain-member" xlink:from="loc_MARAEquityComponentDomain" xlink:to="loc_MARAAdditionalPaidInCapitalMember_10" xlink:type="arc" order="11" />
      <link:loc xlink:type="locator" xlink:href="http://xbrl.fasb.org/us-gaap/2012/elts/us-gaap-2012-01-31.xsd#us-gaap_RetainedEarningsMember" xlink:label="loc_MARARetainedEarningsMember_20" />
      <link:definitionArc xlink:arcrole="http://xbrl.org/int/dim/arcrole/domain-member" xlink:from="loc_MARAEquityComponentDomain" xlink:to="loc_MARARetainedEarningsMember_20" xlink:type="arc" order="21" />
      <link:loc xlink:type="locator" xlink:href="http://xbrl.fasb.org/us-gaap/2012/elts/us-gaap-2012-01-31.xsd#us-gaap_NoncontrollingInterestMember" xlink:label="loc_MARANoncontrollingInterestMember_30" />
      <link:definitionArc xlink:arcrole="http://xbrl.org/int/dim/arcrole/domain-member" xlink:from="loc_MARAEquityComponentDomain" xlink:to="loc_MARANoncontrollingInterestMember_30" xlink:type="arc" order="31" />
      <link:loc xlink:type="locator" xlink:href="http://xbrl.fasb.org/us-gaap/2012/elts/us-gaap-2012-01-31.xsd#us-gaap_SharesOutstanding" xlink:label="loc_MARASharesOutstanding_60" />
      <link:definitionArc xlink:arcrole="http://xbrl.org/int/dim/arcrole/domain-member" xlink:from="loc_MARAStatementLineItems" xlink:to="loc_MARASharesOutstanding_60" xlink:type="arc" order="1" />
      <link:loc xlink:type="locator" xlink:href="http://xbrl.fasb.org/us-gaap/2012/elts/us-gaap-2012-01-31.xsd#us-gaap_StockholdersEquityIncludingPortionAttributableToNoncontrollingInterest" xlink:label="loc_MARAStockholdersEquityIncludingPortionAttributableToNoncontrollingInterest_60" />
      <link:definitionArc xlink:arcrole="http://xbrl.org/int/dim/arcrole/domain-member" xlink:from="loc_MARAStatementLineItems" xlink:to="loc_MARAStockholdersEquityIncludingPortionAttributableToNoncontrollingInterest_60" xlink:type="arc" order="2" />
      <link:loc xlink:type="locator" xlink:href="mara-20121231.xsd#MARA_StockIssuedToOfficersDuringPeriodSharesIssuedForCash" xlink:label="loc_MARAStockIssuedToOfficersDuringPeriodSharesIssuedForCash_60" />
      <link:definitionArc xlink:arcrole="http://xbrl.org/int/dim/arcrole/domain-member" xlink:from="loc_MARAStatementLineItems" xlink:to="loc_MARAStockIssuedToOfficersDuringPeriodSharesIssuedForCash_60" xlink:type="arc" order="3" />
      <link:loc xlink:type="locator" xlink:href="mara-20121231.xsd#MARA_StockIssuedToOfficersDuringPeriodValueIssuedForCash" xlink:label="loc_MARAStockIssuedToOfficersDuringPeriodValueIssuedForCash_60" />
      <link:definitionArc xlink:arcrole="http://xbrl.org/int/dim/arcrole/domain-member" xlink:from="loc_MARAStatementLineItems" xlink:to="loc_MARAStockIssuedToOfficersDuringPeriodValueIssuedForCash_60" xlink:type="arc" order="4" />
      <link:loc xlink:type="locator" xlink:href="mara-20121231.xsd#MARA_RecapitalizationShares" xlink:label="loc_MARARecapitalizationShares_60" />
      <link:definitionArc xlink:arcrole="http://xbrl.org/int/dim/arcrole/domain-member" xlink:from="loc_MARAStatementLineItems" xlink:to="loc_MARARecapitalizationShares_60" xlink:type="arc" order="5" />
      <link:loc xlink:type="locator" xlink:href="http://xbrl.fasb.org/us-gaap/2012/elts/us-gaap-2012-01-31.xsd#us-gaap_RecapitalizationCosts" xlink:label="loc_MARARecapitalizationCosts_60" />
      <link:definitionArc xlink:arcrole="http://xbrl.org/int/dim/arcrole/domain-member" xlink:from="loc_MARAStatementLineItems" xlink:to="loc_MARARecapitalizationCosts_60" xlink:type="arc" order="6" />
      <link:loc xlink:type="locator" xlink:href="http://xbrl.fasb.org/us-gaap/2012/elts/us-gaap-2012-01-31.xsd#us-gaap_StockIssuedDuringPeriodSharesIssuedForCash" xlink:label="loc_MARAStockIssuedDuringPeriodSharesIssuedForCash_60" />
      <link:definitionArc xlink:arcrole="http://xbrl.org/int/dim/arcrole/domain-member" xlink:from="loc_MARAStatementLineItems" xlink:to="loc_MARAStockIssuedDuringPeriodSharesIssuedForCash_60" xlink:type="arc" order="7" />
      <link:loc xlink:type="locator" xlink:href="http://xbrl.fasb.org/us-gaap/2012/elts/us-gaap-2012-01-31.xsd#us-gaap_StockIssuedDuringPeriodValueIssuedForCash" xlink:label="loc_MARAStockIssuedDuringPeriodValueIssuedForCash_60" />
      <link:definitionArc xlink:arcrole="http://xbrl.org/int/dim/arcrole/domain-member" xlink:from="loc_MARAStatementLineItems" xlink:to="loc_MARAStockIssuedDuringPeriodValueIssuedForCash_60" xlink:type="arc" order="8" />
      <link:loc xlink:type="locator" xlink:href="mara-20121231.xsd#MARA_IssuanceCommonStockAdvancesPayableShares" xlink:label="loc_MARAIssuanceCommonStockAdvancesPayableShares_60" />
      <link:definitionArc xlink:arcrole="http://xbrl.org/int/dim/arcrole/domain-member" xlink:from="loc_MARAStatementLineItems" xlink:to="loc_MARAIssuanceCommonStockAdvancesPayableShares_60" xlink:type="arc" order="9" />
      <link:loc xlink:type="locator" xlink:href="mara-20121231.xsd#MARA_IssuanceCommonStockAdvancesPayable" xlink:label="loc_MARAIssuanceCommonStockAdvancesPayable_60" />
      <link:definitionArc xlink:arcrole="http://xbrl.org/int/dim/arcrole/domain-member" xlink:from="loc_MARAStatementLineItems" xlink:to="loc_MARAIssuanceCommonStockAdvancesPayable_60" xlink:type="arc" order="10" />
      <link:loc xlink:type="locator" xlink:href="mara-20121231.xsd#MARA_StockIssuedDuringPeriodSharesOtherLegalServices" xlink:label="loc_MARAStockIssuedDuringPeriodSharesOtherLegalServices_60" />
      <link:definitionArc xlink:arcrole="http://xbrl.org/int/dim/arcrole/domain-member" xlink:from="loc_MARAStatementLineItems" xlink:to="loc_MARAStockIssuedDuringPeriodSharesOtherLegalServices_60" xlink:type="arc" order="11" />
      <link:loc xlink:type="locator" xlink:href="mara-20121231.xsd#MARA_StockIssuedDuringPeriodValueOtherLegalServices" xlink:label="loc_MARAStockIssuedDuringPeriodValueOtherLegalServices_60" />
      <link:definitionArc xlink:arcrole="http://xbrl.org/int/dim/arcrole/domain-member" xlink:from="loc_MARAStatementLineItems" xlink:to="loc_MARAStockIssuedDuringPeriodValueOtherLegalServices_60" xlink:type="arc" order="12" />
      <link:loc xlink:type="locator" xlink:href="mara-20121231.xsd#MARA_IssuanceOfCommonStockOptionAgreementShares" xlink:label="loc_MARAIssuanceOfCommonStockOptionAgreementShares_60" />
      <link:definitionArc xlink:arcrole="http://xbrl.org/int/dim/arcrole/domain-member" xlink:from="loc_MARAStatementLineItems" xlink:to="loc_MARAIssuanceOfCommonStockOptionAgreementShares_60" xlink:type="arc" order="13" />
      <link:loc xlink:type="locator" xlink:href="mara-20121231.xsd#MARA_IssuanceOfCommonStockOptionAgreement" xlink:label="loc_MARAIssuanceOfCommonStockOptionAgreement_60" />
      <link:definitionArc xlink:arcrole="http://xbrl.org/int/dim/arcrole/domain-member" xlink:from="loc_MARAStatementLineItems" xlink:to="loc_MARAIssuanceOfCommonStockOptionAgreement_60" xlink:type="arc" order="14" />
      <link:loc xlink:type="locator" xlink:href="http://xbrl.fasb.org/us-gaap/2012/elts/us-gaap-2012-01-31.xsd#us-gaap_ShareBasedCompensationArrangementByShareBasedPaymentAwardSharesIssuedInPeriod" xlink:label="loc_MARAShareBasedCompensationArrangementByShareBasedPaymentAwardSharesIssuedInPeriod_60" />
      <link:definitionArc xlink:arcrole="http://xbrl.org/int/dim/arcrole/domain-member" xlink:from="loc_MARAStatementLineItems" xlink:to="loc_MARAShareBasedCompensationArrangementByShareBasedPaymentAwardSharesIssuedInPeriod_60" xlink:type="arc" order="15" />
      <link:loc xlink:type="locator" xlink:href="http://xbrl.fasb.org/us-gaap/2012/elts/us-gaap-2012-01-31.xsd#us-gaap_ShareBasedCompensation" xlink:label="loc_MARAShareBasedCompensation_60" />
      <link:definitionArc xlink:arcrole="http://xbrl.org/int/dim/arcrole/domain-member" xlink:from="loc_MARAStatementLineItems" xlink:to="loc_MARAShareBasedCompensation_60" xlink:type="arc" order="16" />
      <link:loc xlink:type="locator" xlink:href="mara-20121231.xsd#MARA_StockIssuedExerciseWarrantsCashlessBasisShares" xlink:label="loc_MARAStockIssuedExerciseWarrantsCashlessBasisShares_60" />
      <link:definitionArc xlink:arcrole="http://xbrl.org/int/dim/arcrole/domain-member" xlink:from="loc_MARAStatementLineItems" xlink:to="loc_MARAStockIssuedExerciseWarrantsCashlessBasisShares_60" xlink:type="arc" order="17" />
      <link:loc xlink:type="locator" xlink:href="mara-20121231.xsd#MARA_StockIssuedExerciseWarrantsCashlessBasisValue" xlink:label="loc_MARAStockIssuedExerciseWarrantsCashlessBasisValue_60" />
      <link:definitionArc xlink:arcrole="http://xbrl.org/int/dim/arcrole/domain-member" xlink:from="loc_MARAStatementLineItems" xlink:to="loc_MARAStockIssuedExerciseWarrantsCashlessBasisValue_60" xlink:type="arc" order="18" />
      <link:loc xlink:type="locator" xlink:href="http://xbrl.fasb.org/us-gaap/2012/elts/us-gaap-2012-01-31.xsd#us-gaap_StockIssuedDuringPeriodSharesAcquisitions" xlink:label="loc_MARAStockIssuedDuringPeriodSharesAcquisitions_60" />
      <link:definitionArc xlink:arcrole="http://xbrl.org/int/dim/arcrole/domain-member" xlink:from="loc_MARAStatementLineItems" xlink:to="loc_MARAStockIssuedDuringPeriodSharesAcquisitions_60" xlink:type="arc" order="19" />
      <link:loc xlink:type="locator" xlink:href="http://xbrl.fasb.org/us-gaap/2012/elts/us-gaap-2012-01-31.xsd#us-gaap_StockIssuedDuringPeriodValueAcquisitions" xlink:label="loc_MARAStockIssuedDuringPeriodValueAcquisitions_60" />
      <link:definitionArc xlink:arcrole="http://xbrl.org/int/dim/arcrole/domain-member" xlink:from="loc_MARAStatementLineItems" xlink:to="loc_MARAStockIssuedDuringPeriodValueAcquisitions_60" xlink:type="arc" order="20" />
      <link:loc xlink:type="locator" xlink:href="mara-20121231.xsd#MARA_ShareBasedCompensationWarrantsEmployeesConsultants" xlink:label="loc_MARAShareBasedCompensationWarrantsEmployeesConsultants_60" />
      <link:definitionArc xlink:arcrole="http://xbrl.org/int/dim/arcrole/domain-member" xlink:from="loc_MARAStatementLineItems" xlink:to="loc_MARAShareBasedCompensationWarrantsEmployeesConsultants_60" xlink:type="arc" order="21" />
      <link:loc xlink:type="locator" xlink:href="mara-20121231.xsd#MARA_StockCancelledDuringPeriodShares" xlink:label="loc_MARAStockCancelledDuringPeriodShares_60" />
      <link:definitionArc xlink:arcrole="http://xbrl.org/int/dim/arcrole/domain-member" xlink:from="loc_MARAStatementLineItems" xlink:to="loc_MARAStockCancelledDuringPeriodShares_60" xlink:type="arc" order="22" />
      <link:loc xlink:type="locator" xlink:href="mara-20121231.xsd#MARA_StockCancelledDuringPeriodValue" xlink:label="loc_MARAStockCancelledDuringPeriodValue_60" />
      <link:definitionArc xlink:arcrole="http://xbrl.org/int/dim/arcrole/domain-member" xlink:from="loc_MARAStatementLineItems" xlink:to="loc_MARAStockCancelledDuringPeriodValue_60" xlink:type="arc" order="23" />
      <link:loc xlink:type="locator" xlink:href="http://xbrl.fasb.org/us-gaap/2012/elts/us-gaap-2012-01-31.xsd#us-gaap_ProceedsFromPaymentsForOtherFinancingActivities" xlink:label="loc_MARAProceedsFromPaymentsForOtherFinancingActivities_60" />
      <link:definitionArc xlink:arcrole="http://xbrl.org/int/dim/arcrole/domain-member" xlink:from="loc_MARAStatementLineItems" xlink:to="loc_MARAProceedsFromPaymentsForOtherFinancingActivities_60" xlink:type="arc" order="24" />
      <link:loc xlink:type="locator" xlink:href="http://xbrl.fasb.org/us-gaap/2012/elts/us-gaap-2012-01-31.xsd#us-gaap_ProfitLoss" xlink:label="loc_MARAProfitLoss_60" />
      <link:definitionArc xlink:arcrole="http://xbrl.org/int/dim/arcrole/domain-member" xlink:from="loc_MARAStatementLineItems" xlink:to="loc_MARAProfitLoss_60" xlink:type="arc" order="25" />
    </link:definitionLink>
    <link:definitionLink xlink:type="extended" xlink:role="http://marathonpg.com/role/OrganizationAndDescriptionOfBusiness" xlink:title="0007 - Disclosure - ORGANIZATION AND DESCRIPTION OF BUSINESS" />
    <link:definitionLink xlink:type="extended" xlink:role="http://marathonpg.com/role/GoingConcern" xlink:title="0008 - Disclosure - Going Concern" />
    <link:definitionLink xlink:type="extended" xlink:role="http://marathonpg.com/role/SummaryOfSignificantAccountingPolicies" xlink:title="0009 - Disclosure - SUMMARY OF SIGNIFICANT ACCOUNTING POLICIES" />
    <link:definitionLink xlink:type="extended" xlink:role="http://marathonpg.com/role/DiscontinuedOperations" xlink:title="0010 - Disclosure - DISCONTINUED OPERATIONS" />
    <link:definitionLink xlink:type="extended" xlink:role="http://marathonpg.com/role/IntangibleAssets" xlink:title="0011 - Disclosure - INTANGIBLE ASSETS" />
    <link:definitionLink xlink:type="extended" xlink:role="http://marathonpg.com/role/NotesPayable-RelatedParty" xlink:title="0012 - Disclosure - NOTES PAYABLE - RELATED PARTY" />
    <link:definitionLink xlink:type="extended" xlink:role="http://marathonpg.com/role/StockholdersEquityDeficit" xlink:title="0013 - Disclosure - STOCKHOLDERS EQUITY (DEFICIT)" />
    <link:definitionLink xlink:type="extended" xlink:role="http://marathonpg.com/role/RelatedPartyTransactions" xlink:title="0014 - Disclosure - RELATED PARTY TRANSACTIONS" />
    <link:definitionLink xlink:type="extended" xlink:role="http://marathonpg.com/role/CommitmentsAndContingencies" xlink:title="0015 - Disclosure - COMMITMENTS AND CONTINGENCIES" />
    <link:definitionLink xlink:type="extended" xlink:role="http://marathonpg.com/role/MarketableSecurities" xlink:title="0016 - Disclosure - MARKETABLE SECURITIES" />
    <link:definitionLink xlink:type="extended" xlink:role="http://marathonpg.com/role/IncomeTaxes" xlink:title="0017 - Disclosure - INCOME TAXES" />
    <link:definitionLink xlink:type="extended" xlink:role="http://marathonpg.com/role/SubsequentEvents" xlink:title="0018 - Disclosure - SUBSEQUENT EVENTS" />
    <link:definitionLink xlink:type="extended" xlink:role="http://marathonpg.com/role/SummaryOfSignificantAccountingPoliciesPolicies" xlink:title="0019 - Disclosure - SUMMARY OF SIGNIFICANT ACCOUNTING POLICIES (Policies)" />
    <link:definitionLink xlink:type="extended" xlink:role="http://marathonpg.com/role/SummaryOfSignificantAccountingPoliciesTables" xlink:title="0020 - Disclosure - SUMMARY OF SIGNIFICANT ACCOUNTING POLICIES (Tables)" />
    <link:definitionLink xlink:type="extended" xlink:role="http://marathonpg.com/role/DiscontinuedOperationsTables" xlink:title="0021 - Disclosure - DISCONTINUED OPERATIONS (Tables)" />
    <link:definitionLink xlink:type="extended" xlink:role="http://marathonpg.com/role/IntangibleAssetsTables" xlink:title="0022 - Disclosure - INTANGIBLE ASSETS (Tables)" />
    <link:definitionLink xlink:type="extended" xlink:role="http://marathonpg.com/role/StockholdersEquityDeficitTables" xlink:title="0023 - Disclosure - STOCKHOLDERS EQUITY (DEFICIT) (Tables)" />
    <link:definitionLink xlink:type="extended" xlink:role="http://marathonpg.com/role/CommitmentsAndContingenciesTables" xlink:title="0024 - Disclosure - COMMITMENTS AND CONTINGENCIES (Tables)" />
    <link:definitionLink xlink:type="extended" xlink:role="http://marathonpg.com/role/MarketableSecuritiesTables" xlink:title="0025 - Disclosure - MARKETABLE SECURITIES (Tables)" />
    <link:definitionLink xlink:type="extended" xlink:role="http://marathonpg.com/role/IncomeTaxesTables" xlink:title="0026 - Disclosure - INCOME TAXES (Tables)" />
    <link:definitionLink xlink:type="extended" xlink:role="http://marathonpg.com/role/OrganizationAndDescriptionOfBusinessDetailsNarrative" xlink:title="0027 - Disclosure - ORGANIZATION AND DESCRIPTION OF BUSINESS (Details Narrative)" />
    <link:definitionLink xlink:type="extended" xlink:role="http://marathonpg.com/role/GoingConcernDetailsNarrative" xlink:title="0028 - Disclosure - Going Concern (Details Narrative)" />
    <link:definitionLink xlink:type="extended" xlink:role="http://marathonpg.com/role/SummaryOfSignificantAccountingPolicies-InvestmentMeasuredAtFairValueOnRecurringBasisDetails" xlink:title="0029 - Disclosure - SUMMARY OF SIGNIFICANT ACCOUNTING POLICIES - Investment measured at fair value on a recurring basis (Details)">
      <link:loc xlink:type="locator" xlink:href="http://xbrl.fasb.org/us-gaap/2012/elts/us-gaap-2012-01-31.xsd#us-gaap_StatementLineItems" xlink:label="loc_MARAStatementLineItems" />
      <link:loc xlink:type="locator" xlink:href="http://xbrl.fasb.org/us-gaap/2012/elts/us-gaap-2012-01-31.xsd#us-gaap_StatementTable" xlink:label="loc_MARAStatementTable" />
      <link:definitionArc xlink:arcrole="http://xbrl.org/int/dim/arcrole/all" xbrldt:contextElement="segment" xlink:from="loc_MARAStatementLineItems" xlink:to="loc_MARAStatementTable" xlink:type="arc" order="10" xbrldt:closed="true" />
      <link:loc xlink:type="locator" xlink:href="http://xbrl.fasb.org/us-gaap/2012/elts/us-gaap-2012-01-31.xsd#us-gaap_SecuritiesFinancingTransactionAxis" xlink:label="loc_MARASecuritiesFinancingTransactionAxis" />
      <link:definitionArc xlink:arcrole="http://xbrl.org/int/dim/arcrole/hypercube-dimension" xlink:from="loc_MARAStatementTable" xlink:to="loc_MARASecuritiesFinancingTransactionAxis" xlink:type="arc" order="1" />
      <link:loc xlink:type="locator" xlink:href="http://xbrl.fasb.org/us-gaap/2012/elts/us-gaap-2012-01-31.xsd#us-gaap_SecuritiesFinancingTransactionTypeDomain" xlink:label="loc_MARASecuritiesFinancingTransactionTypeDomain" />
      <link:definitionArc xlink:arcrole="http://xbrl.org/int/dim/arcrole/dimension-domain" xlink:from="loc_MARASecuritiesFinancingTransactionAxis" xlink:to="loc_MARASecuritiesFinancingTransactionTypeDomain" xlink:type="arc" order="20" />
      <link:loc xlink:type="locator" xlink:href="http://xbrl.fasb.org/us-gaap/2012/elts/us-gaap-2012-01-31.xsd#us-gaap_SecuritiesFinancingTransactionTypeDomain" xlink:label="loc_MARASecuritiesFinancingTransactionTypeDomain_10" />
      <link:definitionArc xlink:arcrole="http://xbrl.org/int/dim/arcrole/dimension-default" xbrldt:contextElement="segment" xlink:from="loc_MARASecuritiesFinancingTransactionAxis" xlink:to="loc_MARASecuritiesFinancingTransactionTypeDomain_10" xlink:type="arc" order="30" />
      <link:loc xlink:type="locator" xlink:href="http://xbrl.fasb.org/us-gaap/2012/elts/us-gaap-2012-01-31.xsd#us-gaap_FairValueInputsLevel1Member" xlink:label="loc_MARAFairValueInputsLevel1Member_0" />
      <link:definitionArc xlink:arcrole="http://xbrl.org/int/dim/arcrole/domain-member" xlink:from="loc_MARASecuritiesFinancingTransactionTypeDomain" xlink:to="loc_MARAFairValueInputsLevel1Member_0" xlink:type="arc" order="1" />
      <link:loc xlink:type="locator" xlink:href="http://xbrl.fasb.org/us-gaap/2012/elts/us-gaap-2012-01-31.xsd#us-gaap_FairValueInputsLevel2Member" xlink:label="loc_MARAFairValueInputsLevel2Member_10" />
      <link:definitionArc xlink:arcrole="http://xbrl.org/int/dim/arcrole/domain-member" xlink:from="loc_MARASecuritiesFinancingTransactionTypeDomain" xlink:to="loc_MARAFairValueInputsLevel2Member_10" xlink:type="arc" order="11" />
      <link:loc xlink:type="locator" xlink:href="http://xbrl.fasb.org/us-gaap/2012/elts/us-gaap-2012-01-31.xsd#us-gaap_FairValueInputsLevel3Member" xlink:label="loc_MARAFairValueInputsLevel3Member_20" />
      <link:definitionArc xlink:arcrole="http://xbrl.org/int/dim/arcrole/domain-member" xlink:from="loc_MARASecuritiesFinancingTransactionTypeDomain" xlink:to="loc_MARAFairValueInputsLevel3Member_20" xlink:type="arc" order="21" />
      <link:loc xlink:type="locator" xlink:href="http://xbrl.fasb.org/us-gaap/2012/elts/us-gaap-2012-01-31.xsd#us-gaap_AvailableForSaleSecuritiesFairValueDisclosure" xlink:label="loc_MARAAvailableForSaleSecuritiesFairValueDisclosure_40" />
      <link:definitionArc xlink:arcrole="http://xbrl.org/int/dim/arcrole/domain-member" xlink:from="loc_MARAStatementLineItems" xlink:to="loc_MARAAvailableForSaleSecuritiesFairValueDisclosure_40" xlink:type="arc" order="2" />
    </link:definitionLink>
    <link:definitionLink xlink:type="extended" xlink:role="http://marathonpg.com/role/SummaryOfSignificantAccountingPolicies-ComputationOfBasicAndDilutedLossPerShareDetails" xlink:title="0030 - Disclosure - SUMMARY OF SIGNIFICANT ACCOUNTING POLICIES - Computation of basic and diluted loss per share (Details)" />
    <link:definitionLink xlink:type="extended" xlink:role="http://marathonpg.com/role/SummaryOfSignificantAccountingPoliciesDetailsNarrative" xlink:title="0031 - Disclosure - SUMMARY OF SIGNIFICANT ACCOUNTING POLICIES (Details Narrative)" />
    <link:definitionLink xlink:type="extended" xlink:role="http://marathonpg.com/role/DiscontinuedOperations-CarryingAmountsOfAssetsAndLiabilitiesDetails" xlink:title="0032 - Disclosure - DISCONTINUED OPERATIONS - Carrying amounts of assets and liabilities (Details)" />
    <link:definitionLink xlink:type="extended" xlink:role="http://marathonpg.com/role/DiscontinuedOperations-DiscontinuedOperationsAndRealEstateBusinessDetails" xlink:title="0033 - Disclosure - DISCONTINUED OPERATIONS - Discontinued operations and real estate business (Details)" />
    <link:definitionLink xlink:type="extended" xlink:role="http://marathonpg.com/role/DiscontinuedOperationsDetailsNarrative" xlink:title="0034 - Disclosure - DISCONTINUED OPERATIONS (Details Narrative)" />
    <link:definitionLink xlink:type="extended" xlink:role="http://marathonpg.com/role/IntangibleAssets-IntangibleAssetsAcquiredFromAcquisitionDetails" xlink:title="0035 - Disclosure - INTANGIBLE ASSETS - Intangible assets acquired from acquisition (Details)" />
    <link:definitionLink xlink:type="extended" xlink:role="http://marathonpg.com/role/IntangibleAssets-FutureAmortizationOfIntangibleAssetsNetDetails" xlink:title="0036 - Disclosure - INTANGIBLE ASSETS - Future amortization of intangible assets, net (Details)" />
    <link:definitionLink xlink:type="extended" xlink:role="http://marathonpg.com/role/IntangibleAssetsDetailsNarrative" xlink:title="0037 - Disclosure - INTANGIBLE ASSETS (Details Narrative)" />
    <link:definitionLink xlink:type="extended" xlink:role="http://marathonpg.com/role/NotesPayable-RelatedPartyDetailsNarrative" xlink:title="0038 - Disclosure - NOTES PAYABLE - RELATED PARTY (Details Narrative)" />
    <link:definitionLink xlink:type="extended" xlink:role="http://marathonpg.com/role/StockholdersEquityDeficit-StatusOfOutstandingStockWarrantsDetails" xlink:title="0039 - Disclosure - STOCKHOLDERS EQUITY (DEFICIT) - Status of outstanding stock warrants (Details)">
      <link:loc xlink:type="locator" xlink:href="http://xbrl.fasb.org/us-gaap/2012/elts/us-gaap-2012-01-31.xsd#us-gaap_StatementLineItems" xlink:label="loc_MARAStatementLineItems" />
      <link:loc xlink:type="locator" xlink:href="http://xbrl.fasb.org/us-gaap/2012/elts/us-gaap-2012-01-31.xsd#us-gaap_StatementTable" xlink:label="loc_MARAStatementTable" />
      <link:definitionArc xlink:arcrole="http://xbrl.org/int/dim/arcrole/all" xbrldt:contextElement="segment" xlink:from="loc_MARAStatementLineItems" xlink:to="loc_MARAStatementTable" xlink:type="arc" order="10" xbrldt:closed="true" />
      <link:loc xlink:type="locator" xlink:href="http://xbrl.fasb.org/us-gaap/2012/elts/us-gaap-2012-01-31.xsd#us-gaap_ClassOfWarrantOrRightAxis" xlink:label="loc_MARAClassOfWarrantOrRightAxis" />
      <link:definitionArc xlink:arcrole="http://xbrl.org/int/dim/arcrole/hypercube-dimension" xlink:from="loc_MARAStatementTable" xlink:to="loc_MARAClassOfWarrantOrRightAxis" xlink:type="arc" order="1" />
      <link:loc xlink:type="locator" xlink:href="http://xbrl.fasb.org/us-gaap/2012/elts/us-gaap-2012-01-31.xsd#us-gaap_ClassOfWarrantOrRightDomain" xlink:label="loc_MARAClassOfWarrantOrRightDomain" />
      <link:definitionArc xlink:arcrole="http://xbrl.org/int/dim/arcrole/dimension-domain" xlink:from="loc_MARAClassOfWarrantOrRightAxis" xlink:to="loc_MARAClassOfWarrantOrRightDomain" xlink:type="arc" order="20" />
      <link:loc xlink:type="locator" xlink:href="http://xbrl.fasb.org/us-gaap/2012/elts/us-gaap-2012-01-31.xsd#us-gaap_ClassOfWarrantOrRightDomain" xlink:label="loc_MARAClassOfWarrantOrRightDomain_10" />
      <link:definitionArc xlink:arcrole="http://xbrl.org/int/dim/arcrole/dimension-default" xbrldt:contextElement="segment" xlink:from="loc_MARAClassOfWarrantOrRightAxis" xlink:to="loc_MARAClassOfWarrantOrRightDomain_10" xlink:type="arc" order="30" />
      <link:loc xlink:type="locator" xlink:href="mara-20121231.xsd#MARA_WarrantAmendmentMember" xlink:label="loc_MARAWarrantAmendmentMember_10" />
      <link:definitionArc xlink:arcrole="http://xbrl.org/int/dim/arcrole/domain-member" xlink:from="loc_MARAClassOfWarrantOrRightDomain" xlink:to="loc_MARAWarrantAmendmentMember_10" xlink:type="arc" order="11" />
      <link:loc xlink:type="locator" xlink:href="http://xbrl.fasb.org/us-gaap/2012/elts/us-gaap-2012-01-31.xsd#us-gaap_WeightedAverageMember" xlink:label="loc_MARAWeightedAverageMember_20" />
      <link:definitionArc xlink:arcrole="http://xbrl.org/int/dim/arcrole/domain-member" xlink:from="loc_MARAClassOfWarrantOrRightDomain" xlink:to="loc_MARAWeightedAverageMember_20" xlink:type="arc" order="21" />
      <link:loc xlink:type="locator" xlink:href="http://xbrl.fasb.org/us-gaap/2012/elts/us-gaap-2012-01-31.xsd#us-gaap_ServiceLifeMember" xlink:label="loc_MARAServiceLifeMember_30" />
      <link:definitionArc xlink:arcrole="http://xbrl.org/int/dim/arcrole/domain-member" xlink:from="loc_MARAClassOfWarrantOrRightDomain" xlink:to="loc_MARAServiceLifeMember_30" xlink:type="arc" order="31" />
      <link:loc xlink:type="locator" xlink:href="http://xbrl.fasb.org/us-gaap/2012/elts/us-gaap-2012-01-31.xsd#us-gaap_ShareBasedCompensationArrangementByShareBasedPaymentAwardNonOptionEquityInstrumentsOutstandingNumber" xlink:label="loc_MARAShareBasedCompensationArrangementByShareBasedPaymentAwardNonOptionEquityInstrumentsOutstandingNumber_60" />
      <link:definitionArc xlink:arcrole="http://xbrl.org/int/dim/arcrole/domain-member" xlink:from="loc_MARAStatementLineItems" xlink:to="loc_MARAShareBasedCompensationArrangementByShareBasedPaymentAwardNonOptionEquityInstrumentsOutstandingNumber_60" xlink:type="arc" order="1" />
      <link:loc xlink:type="locator" xlink:href="http://xbrl.fasb.org/us-gaap/2012/elts/us-gaap-2012-01-31.xsd#us-gaap_ShareBasedCompensationArrangementByShareBasedPaymentAwardNonOptionEquityInstrumentsGranted" xlink:label="loc_MARAShareBasedCompensationArrangementByShareBasedPaymentAwardNonOptionEquityInstrumentsGranted_60" />
      <link:definitionArc xlink:arcrole="http://xbrl.org/int/dim/arcrole/domain-member" xlink:from="loc_MARAStatementLineItems" xlink:to="loc_MARAShareBasedCompensationArrangementByShareBasedPaymentAwardNonOptionEquityInstrumentsGranted_60" xlink:type="arc" order="2" />
      <link:loc xlink:type="locator" xlink:href="http://xbrl.fasb.org/us-gaap/2012/elts/us-gaap-2012-01-31.xsd#us-gaap_ShareBasedCompensationArrangementsByShareBasedPaymentAwardOptionsGrantsInPeriodWeightedAverageExercisePrice" xlink:label="loc_MARAShareBasedCompensationArrangementsByShareBasedPaymentAwardOptionsGrantsInPeriodWeightedAverageExercisePrice_60" />
      <link:definitionArc xlink:arcrole="http://xbrl.org/int/dim/arcrole/domain-member" xlink:from="loc_MARAStatementLineItems" xlink:to="loc_MARAShareBasedCompensationArrangementsByShareBasedPaymentAwardOptionsGrantsInPeriodWeightedAverageExercisePrice_60" xlink:type="arc" order="3" />
      <link:loc xlink:type="locator" xlink:href="http://xbrl.fasb.org/us-gaap/2012/elts/us-gaap-2012-01-31.xsd#us-gaap_SharebasedCompensationArrangementBySharebasedPaymentAwardFairValueAssumptionsExpectedTerm1" xlink:label="loc_MARASharebasedCompensationArrangementBySharebasedPaymentAwardFairValueAssumptionsExpectedTerm1_60" />
      <link:definitionArc xlink:arcrole="http://xbrl.org/int/dim/arcrole/domain-member" xlink:from="loc_MARAStatementLineItems" xlink:to="loc_MARASharebasedCompensationArrangementBySharebasedPaymentAwardFairValueAssumptionsExpectedTerm1_60" xlink:type="arc" order="4" />
      <link:loc xlink:type="locator" xlink:href="http://xbrl.fasb.org/us-gaap/2012/elts/us-gaap-2012-01-31.xsd#us-gaap_ShareBasedCompensationArrangementByShareBasedPaymentAwardNonOptionEquityInstrumentsForfeituresAndExpirations" xlink:label="loc_MARAShareBasedCompensationArrangementByShareBasedPaymentAwardNonOptionEquityInstrumentsForfeituresAndExpirations_60" />
      <link:definitionArc xlink:arcrole="http://xbrl.org/int/dim/arcrole/domain-member" xlink:from="loc_MARAStatementLineItems" xlink:to="loc_MARAShareBasedCompensationArrangementByShareBasedPaymentAwardNonOptionEquityInstrumentsForfeituresAndExpirations_60" xlink:type="arc" order="5" />
      <link:loc xlink:type="locator" xlink:href="http://xbrl.fasb.org/us-gaap/2012/elts/us-gaap-2012-01-31.xsd#us-gaap_ShareBasedCompensationArrangementByShareBasedPaymentAwardEquityInstrumentsOtherThanOptionsForfeituresWeightedAverageGrantDateFairValue" xlink:label="loc_MARAShareBasedCompensationArrangementByShareBasedPaymentAwardEquityInstrumentsOtherThanOptionsForfeituresWeightedAverageGrantDateFairValue_60" />
      <link:definitionArc xlink:arcrole="http://xbrl.org/int/dim/arcrole/domain-member" xlink:from="loc_MARAStatementLineItems" xlink:to="loc_MARAShareBasedCompensationArrangementByShareBasedPaymentAwardEquityInstrumentsOtherThanOptionsForfeituresWeightedAverageGrantDateFairValue_60" xlink:type="arc" order="6" />
      <link:loc xlink:type="locator" xlink:href="mara-20121231.xsd#MARA_SharebasedCompensationArrangementBySharebasedPaymentAwardFairValueAssumptionsExpectedTerm2" xlink:label="loc_MARASharebasedCompensationArrangementBySharebasedPaymentAwardFairValueAssumptionsExpectedTerm2_60" />
      <link:definitionArc xlink:arcrole="http://xbrl.org/int/dim/arcrole/domain-member" xlink:from="loc_MARAStatementLineItems" xlink:to="loc_MARASharebasedCompensationArrangementBySharebasedPaymentAwardFairValueAssumptionsExpectedTerm2_60" xlink:type="arc" order="7" />
      <link:loc xlink:type="locator" xlink:href="http://xbrl.fasb.org/us-gaap/2012/elts/us-gaap-2012-01-31.xsd#us-gaap_ShareBasedCompensationArrangementByShareBasedPaymentAwardNonOptionEquityInstrumentsForfeitures" xlink:label="loc_MARAShareBasedCompensationArrangementByShareBasedPaymentAwardNonOptionEquityInstrumentsForfeitures_60" />
      <link:definitionArc xlink:arcrole="http://xbrl.org/int/dim/arcrole/domain-member" xlink:from="loc_MARAStatementLineItems" xlink:to="loc_MARAShareBasedCompensationArrangementByShareBasedPaymentAwardNonOptionEquityInstrumentsForfeitures_60" xlink:type="arc" order="8" />
      <link:loc xlink:type="locator" xlink:href="http://xbrl.fasb.org/us-gaap/2012/elts/us-gaap-2012-01-31.xsd#us-gaap_ShareBasedCompensationArrangementByShareBasedPaymentAwardNonOptionEquityInstrumentsExercised" xlink:label="loc_MARAShareBasedCompensationArrangementByShareBasedPaymentAwardNonOptionEquityInstrumentsExercised_60" />
      <link:definitionArc xlink:arcrole="http://xbrl.org/int/dim/arcrole/domain-member" xlink:from="loc_MARAStatementLineItems" xlink:to="loc_MARAShareBasedCompensationArrangementByShareBasedPaymentAwardNonOptionEquityInstrumentsExercised_60" xlink:type="arc" order="9" />
      <link:loc xlink:type="locator" xlink:href="http://xbrl.fasb.org/us-gaap/2012/elts/us-gaap-2012-01-31.xsd#us-gaap_ShareBasedCompensationArrangementsByShareBasedPaymentAwardOptionsExercisesInPeriodWeightedAverageExercisePrice" xlink:label="loc_MARAShareBasedCompensationArrangementsByShareBasedPaymentAwardOptionsExercisesInPeriodWeightedAverageExercisePrice_60" />
      <link:definitionArc xlink:arcrole="http://xbrl.org/int/dim/arcrole/domain-member" xlink:from="loc_MARAStatementLineItems" xlink:to="loc_MARAShareBasedCompensationArrangementsByShareBasedPaymentAwardOptionsExercisesInPeriodWeightedAverageExercisePrice_60" xlink:type="arc" order="10" />
      <link:loc xlink:type="locator" xlink:href="mara-20121231.xsd#MARA_SharebasedCompensationArrangementBySharebasedPaymentAwardFairValueAssumptionsExpectedTerm3" xlink:label="loc_MARASharebasedCompensationArrangementBySharebasedPaymentAwardFairValueAssumptionsExpectedTerm3_60" />
      <link:definitionArc xlink:arcrole="http://xbrl.org/int/dim/arcrole/domain-member" xlink:from="loc_MARAStatementLineItems" xlink:to="loc_MARASharebasedCompensationArrangementBySharebasedPaymentAwardFairValueAssumptionsExpectedTerm3_60" xlink:type="arc" order="11" />
      <link:loc xlink:type="locator" xlink:href="http://xbrl.fasb.org/us-gaap/2012/elts/us-gaap-2012-01-31.xsd#us-gaap_ShareBasedCompensationArrangementByShareBasedPaymentAwardOptionsOutstandingWeightedAverageExercisePrice" xlink:label="loc_MARAShareBasedCompensationArrangementByShareBasedPaymentAwardOptionsOutstandingWeightedAverageExercisePrice_60" />
      <link:definitionArc xlink:arcrole="http://xbrl.org/int/dim/arcrole/domain-member" xlink:from="loc_MARAStatementLineItems" xlink:to="loc_MARAShareBasedCompensationArrangementByShareBasedPaymentAwardOptionsOutstandingWeightedAverageExercisePrice_60" xlink:type="arc" order="13" />
      <link:loc xlink:type="locator" xlink:href="mara-20121231.xsd#MARA_SharebasedCompensationArrangementBySharebasedPaymentAwardFairValueAssumptionsExpectedTerm4" xlink:label="loc_MARASharebasedCompensationArrangementBySharebasedPaymentAwardFairValueAssumptionsExpectedTerm4_60" />
      <link:definitionArc xlink:arcrole="http://xbrl.org/int/dim/arcrole/domain-member" xlink:from="loc_MARAStatementLineItems" xlink:to="loc_MARASharebasedCompensationArrangementBySharebasedPaymentAwardFairValueAssumptionsExpectedTerm4_60" xlink:type="arc" order="14" />
      <link:loc xlink:type="locator" xlink:href="http://xbrl.fasb.org/us-gaap/2012/elts/us-gaap-2012-01-31.xsd#us-gaap_ShareBasedCompensationSharesAuthorizedUnderStockOptionPlansExercisePriceRangeNumberOfExercisableOptions" xlink:label="loc_MARAShareBasedCompensationSharesAuthorizedUnderStockOptionPlansExercisePriceRangeNumberOfExercisableOptions_60" />
      <link:definitionArc xlink:arcrole="http://xbrl.org/int/dim/arcrole/domain-member" xlink:from="loc_MARAStatementLineItems" xlink:to="loc_MARAShareBasedCompensationSharesAuthorizedUnderStockOptionPlansExercisePriceRangeNumberOfExercisableOptions_60" xlink:type="arc" order="15" />
      <link:loc xlink:type="locator" xlink:href="http://xbrl.fasb.org/us-gaap/2012/elts/us-gaap-2012-01-31.xsd#us-gaap_ShareBasedCompensationArrangementByShareBasedPaymentAwardEquityInstrumentsOtherThanOptionsGrantsInPeriodWeightedAverageGrantDateFairValue" xlink:label="loc_MARAShareBasedCompensationArrangementByShareBasedPaymentAwardEquityInstrumentsOtherThanOptionsGrantsInPeriodWeightedAverageGrantDateFairValue_60" />
      <link:definitionArc xlink:arcrole="http://xbrl.org/int/dim/arcrole/domain-member" xlink:from="loc_MARAStatementLineItems" xlink:to="loc_MARAShareBasedCompensationArrangementByShareBasedPaymentAwardEquityInstrumentsOtherThanOptionsGrantsInPeriodWeightedAverageGrantDateFairValue_60" xlink:type="arc" order="16" />
    </link:definitionLink>
    <link:definitionLink xlink:type="extended" xlink:role="http://marathonpg.com/role/StockholdersEquityDeficit-SummaryOfStockOptionsDetails" xlink:title="0040 - Disclosure - STOCKHOLDERS EQUITY (DEFICIT) - Summary of stock options (Details)">
      <link:loc xlink:type="locator" xlink:href="http://xbrl.fasb.org/us-gaap/2012/elts/us-gaap-2012-01-31.xsd#us-gaap_StatementLineItems" xlink:label="loc_MARAStatementLineItems" />
      <link:loc xlink:type="locator" xlink:href="http://xbrl.fasb.org/us-gaap/2012/elts/us-gaap-2012-01-31.xsd#us-gaap_StatementTable" xlink:label="loc_MARAStatementTable" />
      <link:definitionArc xlink:arcrole="http://xbrl.org/int/dim/arcrole/all" xbrldt:contextElement="segment" xlink:from="loc_MARAStatementLineItems" xlink:to="loc_MARAStatementTable" xlink:type="arc" order="10" xbrldt:closed="true" />
      <link:loc xlink:type="locator" xlink:href="http://xbrl.fasb.org/us-gaap/2012/elts/us-gaap-2012-01-31.xsd#us-gaap_OptionIndexedToIssuersEquityEquityAxis" xlink:label="loc_MARAOptionIndexedToIssuersEquityEquityAxis" />
      <link:definitionArc xlink:arcrole="http://xbrl.org/int/dim/arcrole/hypercube-dimension" xlink:from="loc_MARAStatementTable" xlink:to="loc_MARAOptionIndexedToIssuersEquityEquityAxis" xlink:type="arc" order="1" />
      <link:loc xlink:type="locator" xlink:href="http://xbrl.fasb.org/us-gaap/2012/elts/us-gaap-2012-01-31.xsd#us-gaap_OptionIndexedToIssuersEquityTypeDomain" xlink:label="loc_MARAOptionIndexedToIssuersEquityTypeDomain" />
      <link:definitionArc xlink:arcrole="http://xbrl.org/int/dim/arcrole/dimension-domain" xlink:from="loc_MARAOptionIndexedToIssuersEquityEquityAxis" xlink:to="loc_MARAOptionIndexedToIssuersEquityTypeDomain" xlink:type="arc" order="20" />
      <link:loc xlink:type="locator" xlink:href="http://xbrl.fasb.org/us-gaap/2012/elts/us-gaap-2012-01-31.xsd#us-gaap_OptionIndexedToIssuersEquityTypeDomain" xlink:label="loc_MARAOptionIndexedToIssuersEquityTypeDomain_10" />
      <link:definitionArc xlink:arcrole="http://xbrl.org/int/dim/arcrole/dimension-default" xbrldt:contextElement="segment" xlink:from="loc_MARAOptionIndexedToIssuersEquityEquityAxis" xlink:to="loc_MARAOptionIndexedToIssuersEquityTypeDomain_10" xlink:type="arc" order="30" />
      <link:loc xlink:type="locator" xlink:href="http://xbrl.fasb.org/us-gaap/2012/elts/us-gaap-2012-01-31.xsd#us-gaap_StockOptionsMember" xlink:label="loc_MARAStockOptionsMember_10" />
      <link:definitionArc xlink:arcrole="http://xbrl.org/int/dim/arcrole/domain-member" xlink:from="loc_MARAOptionIndexedToIssuersEquityTypeDomain" xlink:to="loc_MARAStockOptionsMember_10" xlink:type="arc" order="11" />
      <link:loc xlink:type="locator" xlink:href="http://xbrl.fasb.org/us-gaap/2012/elts/us-gaap-2012-01-31.xsd#us-gaap_WeightedAverageMember" xlink:label="loc_MARAWeightedAverageMember_20" />
      <link:definitionArc xlink:arcrole="http://xbrl.org/int/dim/arcrole/domain-member" xlink:from="loc_MARAOptionIndexedToIssuersEquityTypeDomain" xlink:to="loc_MARAWeightedAverageMember_20" xlink:type="arc" order="21" />
      <link:loc xlink:type="locator" xlink:href="http://xbrl.fasb.org/us-gaap/2012/elts/us-gaap-2012-01-31.xsd#us-gaap_ServiceLifeMember" xlink:label="loc_MARAServiceLifeMember_30" />
      <link:definitionArc xlink:arcrole="http://xbrl.org/int/dim/arcrole/domain-member" xlink:from="loc_MARAOptionIndexedToIssuersEquityTypeDomain" xlink:to="loc_MARAServiceLifeMember_30" xlink:type="arc" order="31" />
      <link:loc xlink:type="locator" xlink:href="http://xbrl.fasb.org/us-gaap/2012/elts/us-gaap-2012-01-31.xsd#us-gaap_ShareBasedCompensationArrangementByShareBasedPaymentAwardOptionsOutstandingNumber" xlink:label="loc_MARAShareBasedCompensationArrangementByShareBasedPaymentAwardOptionsOutstandingNumber_60" />
      <link:definitionArc xlink:arcrole="http://xbrl.org/int/dim/arcrole/domain-member" xlink:from="loc_MARAStatementLineItems" xlink:to="loc_MARAShareBasedCompensationArrangementByShareBasedPaymentAwardOptionsOutstandingNumber_60" xlink:type="arc" order="1" />
      <link:loc xlink:type="locator" xlink:href="http://xbrl.fasb.org/us-gaap/2012/elts/us-gaap-2012-01-31.xsd#us-gaap_ShareBasedCompensationArrangementByShareBasedPaymentAwardOptionsGrantsInPeriod" xlink:label="loc_MARAShareBasedCompensationArrangementByShareBasedPaymentAwardOptionsGrantsInPeriod_60" />
      <link:definitionArc xlink:arcrole="http://xbrl.org/int/dim/arcrole/domain-member" xlink:from="loc_MARAStatementLineItems" xlink:to="loc_MARAShareBasedCompensationArrangementByShareBasedPaymentAwardOptionsGrantsInPeriod_60" xlink:type="arc" order="2" />
      <link:loc xlink:type="locator" xlink:href="http://xbrl.fasb.org/us-gaap/2012/elts/us-gaap-2012-01-31.xsd#us-gaap_ShareBasedCompensationArrangementByShareBasedPaymentAwardOptionsGrantsInPeriodGrantDateIntrinsicValue" xlink:label="loc_MARAShareBasedCompensationArrangementByShareBasedPaymentAwardOptionsGrantsInPeriodGrantDateIntrinsicValue_60" />
      <link:definitionArc xlink:arcrole="http://xbrl.org/int/dim/arcrole/domain-member" xlink:from="loc_MARAStatementLineItems" xlink:to="loc_MARAShareBasedCompensationArrangementByShareBasedPaymentAwardOptionsGrantsInPeriodGrantDateIntrinsicValue_60" xlink:type="arc" order="3" />
      <link:loc xlink:type="locator" xlink:href="http://xbrl.fasb.org/us-gaap/2012/elts/us-gaap-2012-01-31.xsd#us-gaap_SharebasedCompensationArrangementBySharebasedPaymentAwardFairValueAssumptionsExpectedTerm1" xlink:label="loc_MARASharebasedCompensationArrangementBySharebasedPaymentAwardFairValueAssumptionsExpectedTerm1_60" />
      <link:definitionArc xlink:arcrole="http://xbrl.org/int/dim/arcrole/domain-member" xlink:from="loc_MARAStatementLineItems" xlink:to="loc_MARASharebasedCompensationArrangementBySharebasedPaymentAwardFairValueAssumptionsExpectedTerm1_60" xlink:type="arc" order="4" />
      <link:loc xlink:type="locator" xlink:href="http://xbrl.fasb.org/us-gaap/2012/elts/us-gaap-2012-01-31.xsd#us-gaap_StockIssuedDuringPeriodSharesStockOptionsExercised" xlink:label="loc_MARAStockIssuedDuringPeriodSharesStockOptionsExercised_60" />
      <link:definitionArc xlink:arcrole="http://xbrl.org/int/dim/arcrole/domain-member" xlink:from="loc_MARAStatementLineItems" xlink:to="loc_MARAStockIssuedDuringPeriodSharesStockOptionsExercised_60" xlink:type="arc" order="5" />
      <link:loc xlink:type="locator" xlink:href="http://xbrl.fasb.org/us-gaap/2012/elts/us-gaap-2012-01-31.xsd#us-gaap_ShareBasedCompensationArrangementByShareBasedPaymentAwardOptionsForfeituresInPeriod" xlink:label="loc_MARAShareBasedCompensationArrangementByShareBasedPaymentAwardOptionsForfeituresInPeriod_60" />
      <link:definitionArc xlink:arcrole="http://xbrl.org/int/dim/arcrole/domain-member" xlink:from="loc_MARAStatementLineItems" xlink:to="loc_MARAShareBasedCompensationArrangementByShareBasedPaymentAwardOptionsForfeituresInPeriod_60" xlink:type="arc" order="6" />
      <link:loc xlink:type="locator" xlink:href="http://xbrl.fasb.org/us-gaap/2012/elts/us-gaap-2012-01-31.xsd#us-gaap_ShareBasedCompensationArrangementByShareBasedPaymentAwardOptionsForfeituresAndExpirationsInPeriod" xlink:label="loc_MARAShareBasedCompensationArrangementByShareBasedPaymentAwardOptionsForfeituresAndExpirationsInPeriod_60" />
      <link:definitionArc xlink:arcrole="http://xbrl.org/int/dim/arcrole/domain-member" xlink:from="loc_MARAStatementLineItems" xlink:to="loc_MARAShareBasedCompensationArrangementByShareBasedPaymentAwardOptionsForfeituresAndExpirationsInPeriod_60" xlink:type="arc" order="7" />
      <link:loc xlink:type="locator" xlink:href="http://xbrl.fasb.org/us-gaap/2012/elts/us-gaap-2012-01-31.xsd#us-gaap_ShareBasedCompensationArrangementByShareBasedPaymentAwardOptionsForfeituresAndExpirationsInPeriodWeightedAverageExercisePrice" xlink:label="loc_MARAShareBasedCompensationArrangementByShareBasedPaymentAwardOptionsForfeituresAndExpirationsInPeriodWeightedAverageExercisePrice_60" />
      <link:definitionArc xlink:arcrole="http://xbrl.org/int/dim/arcrole/domain-member" xlink:from="loc_MARAStatementLineItems" xlink:to="loc_MARAShareBasedCompensationArrangementByShareBasedPaymentAwardOptionsForfeituresAndExpirationsInPeriodWeightedAverageExercisePrice_60" xlink:type="arc" order="8" />
      <link:loc xlink:type="locator" xlink:href="mara-20121231.xsd#MARA_SharebasedCompensationArrangementBySharebasedPaymentAwardFairValueAssumptionsExpectedTerm2" xlink:label="loc_MARASharebasedCompensationArrangementBySharebasedPaymentAwardFairValueAssumptionsExpectedTerm2_60" />
      <link:definitionArc xlink:arcrole="http://xbrl.org/int/dim/arcrole/domain-member" xlink:from="loc_MARAStatementLineItems" xlink:to="loc_MARASharebasedCompensationArrangementBySharebasedPaymentAwardFairValueAssumptionsExpectedTerm2_60" xlink:type="arc" order="9" />
      <link:loc xlink:type="locator" xlink:href="http://xbrl.fasb.org/us-gaap/2012/elts/us-gaap-2012-01-31.xsd#us-gaap_ShareBasedCompensationArrangementByShareBasedPaymentAwardOptionsExercisableWeightedAverageExercisePrice" xlink:label="loc_MARAShareBasedCompensationArrangementByShareBasedPaymentAwardOptionsExercisableWeightedAverageExercisePrice_60" />
      <link:definitionArc xlink:arcrole="http://xbrl.org/int/dim/arcrole/domain-member" xlink:from="loc_MARAStatementLineItems" xlink:to="loc_MARAShareBasedCompensationArrangementByShareBasedPaymentAwardOptionsExercisableWeightedAverageExercisePrice_60" xlink:type="arc" order="11" />
      <link:loc xlink:type="locator" xlink:href="http://xbrl.fasb.org/us-gaap/2012/elts/us-gaap-2012-01-31.xsd#us-gaap_SharebasedCompensationArrangementBySharebasedPaymentAwardOptionsOutstandingWeightedAverageRemainingContractualTerm2" xlink:label="loc_MARASharebasedCompensationArrangementBySharebasedPaymentAwardOptionsOutstandingWeightedAverageRemainingContractualTerm2_60" />
      <link:definitionArc xlink:arcrole="http://xbrl.org/int/dim/arcrole/domain-member" xlink:from="loc_MARAStatementLineItems" xlink:to="loc_MARASharebasedCompensationArrangementBySharebasedPaymentAwardOptionsOutstandingWeightedAverageRemainingContractualTerm2_60" xlink:type="arc" order="12" />
      <link:loc xlink:type="locator" xlink:href="http://xbrl.fasb.org/us-gaap/2012/elts/us-gaap-2012-01-31.xsd#us-gaap_ShareBasedCompensationArrangementByShareBasedPaymentAwardOptionsExercisableNumber" xlink:label="loc_MARAShareBasedCompensationArrangementByShareBasedPaymentAwardOptionsExercisableNumber_60" />
      <link:definitionArc xlink:arcrole="http://xbrl.org/int/dim/arcrole/domain-member" xlink:from="loc_MARAStatementLineItems" xlink:to="loc_MARAShareBasedCompensationArrangementByShareBasedPaymentAwardOptionsExercisableNumber_60" xlink:type="arc" order="13" />
      <link:loc xlink:type="locator" xlink:href="http://xbrl.fasb.org/us-gaap/2012/elts/us-gaap-2012-01-31.xsd#us-gaap_ShareBasedCompensationArrangementByShareBasedPaymentAwardOptionsVestedAndExpectedToVestOutstandingWeightedAverageExercisePrice" xlink:label="loc_MARAShareBasedCompensationArrangementByShareBasedPaymentAwardOptionsVestedAndExpectedToVestOutstandingWeightedAverageExercisePrice_60" />
      <link:definitionArc xlink:arcrole="http://xbrl.org/int/dim/arcrole/domain-member" xlink:from="loc_MARAStatementLineItems" xlink:to="loc_MARAShareBasedCompensationArrangementByShareBasedPaymentAwardOptionsVestedAndExpectedToVestOutstandingWeightedAverageExercisePrice_60" xlink:type="arc" order="14" />
      <link:loc xlink:type="locator" xlink:href="http://xbrl.fasb.org/us-gaap/2012/elts/us-gaap-2012-01-31.xsd#us-gaap_ShareBasedCompensationArrangementByShareBasedPaymentAwardOptionsVestedAndExpectedToVestOutstandingNumber" xlink:label="loc_MARAShareBasedCompensationArrangementByShareBasedPaymentAwardOptionsVestedAndExpectedToVestOutstandingNumber_60" />
      <link:definitionArc xlink:arcrole="http://xbrl.org/int/dim/arcrole/domain-member" xlink:from="loc_MARAStatementLineItems" xlink:to="loc_MARAShareBasedCompensationArrangementByShareBasedPaymentAwardOptionsVestedAndExpectedToVestOutstandingNumber_60" xlink:type="arc" order="15" />
      <link:loc xlink:type="locator" xlink:href="http://xbrl.fasb.org/us-gaap/2012/elts/us-gaap-2012-01-31.xsd#us-gaap_ShareBasedCompensationArrangementByShareBasedPaymentAwardOptionsGrantsInPeriodWeightedAverageGrantDateFairValue" xlink:label="loc_MARAShareBasedCompensationArrangementByShareBasedPaymentAwardOptionsGrantsInPeriodWeightedAverageGrantDateFairValue_60" />
      <link:definitionArc xlink:arcrole="http://xbrl.org/int/dim/arcrole/domain-member" xlink:from="loc_MARAStatementLineItems" xlink:to="loc_MARAShareBasedCompensationArrangementByShareBasedPaymentAwardOptionsGrantsInPeriodWeightedAverageGrantDateFairValue_60" xlink:type="arc" order="16" />
    </link:definitionLink>
    <link:definitionLink xlink:type="extended" xlink:role="http://marathonpg.com/role/StockholdersEquityDeficitDetailsNarrative" xlink:title="0041 - Disclosure - STOCKHOLDERS EQUITY (DEFICIT) (Details Narrative)" />
    <link:definitionLink xlink:type="extended" xlink:role="http://marathonpg.com/role/RelatedPartyTransactionsDetailsNarrative" xlink:title="0042 - Disclosure - RELATED PARTY TRANSACTIONS (Details Narrative)">
      <link:loc xlink:type="locator" xlink:href="http://xbrl.fasb.org/us-gaap/2012/elts/us-gaap-2012-01-31.xsd#us-gaap_StatementLineItems" xlink:label="loc_MARAStatementLineItems" />
      <link:loc xlink:type="locator" xlink:href="http://xbrl.fasb.org/us-gaap/2012/elts/us-gaap-2012-01-31.xsd#us-gaap_StatementTable" xlink:label="loc_MARAStatementTable" />
      <link:definitionArc xlink:arcrole="http://xbrl.org/int/dim/arcrole/all" xbrldt:contextElement="segment" xlink:from="loc_MARAStatementLineItems" xlink:to="loc_MARAStatementTable" xlink:type="arc" order="10" xbrldt:closed="true" />
      <link:loc xlink:type="locator" xlink:href="http://xbrl.fasb.org/us-gaap/2012/elts/us-gaap-2012-01-31.xsd#us-gaap_RelatedPartyTransactionsByRelatedPartyAxis" xlink:label="loc_MARARelatedPartyTransactionsByRelatedPartyAxis" />
      <link:definitionArc xlink:arcrole="http://xbrl.org/int/dim/arcrole/hypercube-dimension" xlink:from="loc_MARAStatementTable" xlink:to="loc_MARARelatedPartyTransactionsByRelatedPartyAxis" xlink:type="arc" order="1" />
      <link:loc xlink:type="locator" xlink:href="http://xbrl.fasb.org/us-gaap/2012/elts/us-gaap-2012-01-31.xsd#us-gaap_RelatedPartyDomain" xlink:label="loc_MARARelatedPartyDomain" />
      <link:definitionArc xlink:arcrole="http://xbrl.org/int/dim/arcrole/dimension-domain" xlink:from="loc_MARARelatedPartyTransactionsByRelatedPartyAxis" xlink:to="loc_MARARelatedPartyDomain" xlink:type="arc" order="20" />
      <link:loc xlink:type="locator" xlink:href="http://xbrl.fasb.org/us-gaap/2012/elts/us-gaap-2012-01-31.xsd#us-gaap_RelatedPartyDomain" xlink:label="loc_MARARelatedPartyDomain_10" />
      <link:definitionArc xlink:arcrole="http://xbrl.org/int/dim/arcrole/dimension-default" xbrldt:contextElement="segment" xlink:from="loc_MARARelatedPartyTransactionsByRelatedPartyAxis" xlink:to="loc_MARARelatedPartyDomain_10" xlink:type="arc" order="30" />
      <link:loc xlink:type="locator" xlink:href="mara-20121231.xsd#MARA_CaliforniaGoldMember" xlink:label="loc_MARACaliforniaGoldMember_0" />
      <link:definitionArc xlink:arcrole="http://xbrl.org/int/dim/arcrole/domain-member" xlink:from="loc_MARARelatedPartyDomain" xlink:to="loc_MARACaliforniaGoldMember_0" xlink:type="arc" order="1" />
      <link:loc xlink:type="locator" xlink:href="mara-20121231.xsd#MARA_RelatedPartyNotesMember" xlink:label="loc_MARARelatedPartyNotesMember_10" />
      <link:definitionArc xlink:arcrole="http://xbrl.org/int/dim/arcrole/domain-member" xlink:from="loc_MARARelatedPartyDomain" xlink:to="loc_MARARelatedPartyNotesMember_10" xlink:type="arc" order="11" />
      <link:loc xlink:type="locator" xlink:href="mara-20121231.xsd#MARA_GRQMember" xlink:label="loc_MARAGRQMember_20" />
      <link:definitionArc xlink:arcrole="http://xbrl.org/int/dim/arcrole/domain-member" xlink:from="loc_MARARelatedPartyDomain" xlink:to="loc_MARAGRQMember_20" xlink:type="arc" order="21" />
      <link:loc xlink:type="locator" xlink:href="mara-20121231.xsd#MARA_MelechdavidMember" xlink:label="loc_MARAMelechdavidMember_30" />
      <link:definitionArc xlink:arcrole="http://xbrl.org/int/dim/arcrole/domain-member" xlink:from="loc_MARARelatedPartyDomain" xlink:to="loc_MARAMelechdavidMember_30" xlink:type="arc" order="31" />
      <link:loc xlink:type="locator" xlink:href="mara-20121231.xsd#MARA_BleakMember" xlink:label="loc_MARABleakMember_40" />
      <link:definitionArc xlink:arcrole="http://xbrl.org/int/dim/arcrole/domain-member" xlink:from="loc_MARARelatedPartyDomain" xlink:to="loc_MARABleakMember_40" xlink:type="arc" order="41" />
      <link:loc xlink:type="locator" xlink:href="http://xbrl.fasb.org/us-gaap/2012/elts/us-gaap-2012-01-31.xsd#us-gaap_AffiliatedEntityMember" xlink:label="loc_MARAAffiliatedEntityMember_70" />
      <link:definitionArc xlink:arcrole="http://xbrl.org/int/dim/arcrole/domain-member" xlink:from="loc_MARARelatedPartyDomain" xlink:to="loc_MARAAffiliatedEntityMember_70" xlink:type="arc" order="71" />
      <link:loc xlink:type="locator" xlink:href="http://xbrl.fasb.org/us-gaap/2012/elts/us-gaap-2012-01-31.xsd#us-gaap_ProceedsFromNotesPayable" xlink:label="loc_MARAProceedsFromNotesPayable_220" />
      <link:definitionArc xlink:arcrole="http://xbrl.org/int/dim/arcrole/domain-member" xlink:from="loc_MARAStatementLineItems" xlink:to="loc_MARAProceedsFromNotesPayable_220" xlink:type="arc" order="0" />
      <link:loc xlink:type="locator" xlink:href="http://xbrl.fasb.org/us-gaap/2012/elts/us-gaap-2012-01-31.xsd#us-gaap_RepaymentsOfRelatedPartyDebt" xlink:label="loc_MARARepaymentsOfRelatedPartyDebt_220" />
      <link:definitionArc xlink:arcrole="http://xbrl.org/int/dim/arcrole/domain-member" xlink:from="loc_MARAStatementLineItems" xlink:to="loc_MARARepaymentsOfRelatedPartyDebt_220" xlink:type="arc" order="1" />
      <link:loc xlink:type="locator" xlink:href="mara-20121231.xsd#MARA_WarrantsSoldCash" xlink:label="loc_MARAWarrantsSoldCash_220" />
      <link:definitionArc xlink:arcrole="http://xbrl.org/int/dim/arcrole/domain-member" xlink:from="loc_MARAStatementLineItems" xlink:to="loc_MARAWarrantsSoldCash_220" xlink:type="arc" order="2" />
      <link:loc xlink:type="locator" xlink:href="mara-20121231.xsd#MARA_WarrantsIssuedForServices" xlink:label="loc_MARAWarrantsIssuedForServices_220" />
      <link:definitionArc xlink:arcrole="http://xbrl.org/int/dim/arcrole/domain-member" xlink:from="loc_MARAStatementLineItems" xlink:to="loc_MARAWarrantsIssuedForServices_220" xlink:type="arc" order="3" />
      <link:loc xlink:type="locator" xlink:href="mara-20121231.xsd#MARA_WarrantsExercisePrice" xlink:label="loc_MARAWarrantsExercisePrice_220" />
      <link:definitionArc xlink:arcrole="http://xbrl.org/int/dim/arcrole/domain-member" xlink:from="loc_MARAStatementLineItems" xlink:to="loc_MARAWarrantsExercisePrice_220" xlink:type="arc" order="4" />
      <link:loc xlink:type="locator" xlink:href="http://xbrl.fasb.org/us-gaap/2012/elts/us-gaap-2012-01-31.xsd#us-gaap_StockIssuedDuringPeriodSharesIssuedForCash" xlink:label="loc_MARAStockIssuedDuringPeriodSharesIssuedForCash_220" />
      <link:definitionArc xlink:arcrole="http://xbrl.org/int/dim/arcrole/domain-member" xlink:from="loc_MARAStatementLineItems" xlink:to="loc_MARAStockIssuedDuringPeriodSharesIssuedForCash_220" xlink:type="arc" order="5" />
      <link:loc xlink:type="locator" xlink:href="http://xbrl.fasb.org/us-gaap/2012/elts/us-gaap-2012-01-31.xsd#us-gaap_StockIssuedDuringPeriodValueIssuedForCash" xlink:label="loc_MARAStockIssuedDuringPeriodValueIssuedForCash_220" />
      <link:definitionArc xlink:arcrole="http://xbrl.org/int/dim/arcrole/domain-member" xlink:from="loc_MARAStatementLineItems" xlink:to="loc_MARAStockIssuedDuringPeriodValueIssuedForCash_220" xlink:type="arc" order="6" />
      <link:loc xlink:type="locator" xlink:href="mara-20121231.xsd#MARA_GeologicReviewServiceFeeRevenue" xlink:label="loc_MARAGeologicReviewServiceFeeRevenue_220" />
      <link:definitionArc xlink:arcrole="http://xbrl.org/int/dim/arcrole/domain-member" xlink:from="loc_MARAStatementLineItems" xlink:to="loc_MARAGeologicReviewServiceFeeRevenue_220" xlink:type="arc" order="7" />
      <link:loc xlink:type="locator" xlink:href="http://xbrl.fasb.org/us-gaap/2012/elts/us-gaap-2012-01-31.xsd#us-gaap_RepaymentOfNotesReceivableFromRelatedParties" xlink:label="loc_MARARepaymentOfNotesReceivableFromRelatedParties_220" />
      <link:definitionArc xlink:arcrole="http://xbrl.org/int/dim/arcrole/domain-member" xlink:from="loc_MARAStatementLineItems" xlink:to="loc_MARARepaymentOfNotesReceivableFromRelatedParties_220" xlink:type="arc" order="8" />
      <link:loc xlink:type="locator" xlink:href="http://xbrl.fasb.org/us-gaap/2012/elts/us-gaap-2012-01-31.xsd#us-gaap_DebtInstrumentInterestRateDuringPeriod" xlink:label="loc_MARADebtInstrumentInterestRateDuringPeriod_220" />
      <link:definitionArc xlink:arcrole="http://xbrl.org/int/dim/arcrole/domain-member" xlink:from="loc_MARAStatementLineItems" xlink:to="loc_MARADebtInstrumentInterestRateDuringPeriod_220" xlink:type="arc" order="9" />
      <link:loc xlink:type="locator" xlink:href="http://xbrl.fasb.org/us-gaap/2012/elts/us-gaap-2012-01-31.xsd#us-gaap_NotesReceivableRelatedPartiesCurrent" xlink:label="loc_MARANotesReceivableRelatedPartiesCurrent_220" />
      <link:definitionArc xlink:arcrole="http://xbrl.org/int/dim/arcrole/domain-member" xlink:from="loc_MARAStatementLineItems" xlink:to="loc_MARANotesReceivableRelatedPartiesCurrent_220" xlink:type="arc" order="10" />
      <link:loc xlink:type="locator" xlink:href="http://xbrl.fasb.org/us-gaap/2012/elts/us-gaap-2012-01-31.xsd#us-gaap_InterestReceivable" xlink:label="loc_MARAInterestReceivable_220" />
      <link:definitionArc xlink:arcrole="http://xbrl.org/int/dim/arcrole/domain-member" xlink:from="loc_MARAStatementLineItems" xlink:to="loc_MARAInterestReceivable_220" xlink:type="arc" order="11" />
      <link:loc xlink:type="locator" xlink:href="http://xbrl.fasb.org/us-gaap/2012/elts/us-gaap-2012-01-31.xsd#us-gaap_ProfessionalFees" xlink:label="loc_MARAProfessionalFees_220" />
      <link:definitionArc xlink:arcrole="http://xbrl.org/int/dim/arcrole/domain-member" xlink:from="loc_MARAStatementLineItems" xlink:to="loc_MARAProfessionalFees_220" xlink:type="arc" order="12" />
      <link:loc xlink:type="locator" xlink:href="http://xbrl.fasb.org/us-gaap/2012/elts/us-gaap-2012-01-31.xsd#us-gaap_GainLossOnSaleOfLoansAndLeases" xlink:label="loc_MARAGainLossOnSaleOfLoansAndLeases_220" />
      <link:definitionArc xlink:arcrole="http://xbrl.org/int/dim/arcrole/domain-member" xlink:from="loc_MARAStatementLineItems" xlink:to="loc_MARAGainLossOnSaleOfLoansAndLeases_220" xlink:type="arc" order="13" />
      <link:loc xlink:type="locator" xlink:href="http://xbrl.fasb.org/us-gaap/2012/elts/us-gaap-2012-01-31.xsd#us-gaap_DebtInstrumentConvertibleEffectiveInterestRate" xlink:label="loc_MARADebtInstrumentConvertibleEffectiveInterestRate_220" />
      <link:definitionArc xlink:arcrole="http://xbrl.org/int/dim/arcrole/domain-member" xlink:from="loc_MARAStatementLineItems" xlink:to="loc_MARADebtInstrumentConvertibleEffectiveInterestRate_220" xlink:type="arc" order="14" />
      <link:loc xlink:type="locator" xlink:href="mara-20121231.xsd#MARA_ProceedsFromLoanCollected" xlink:label="loc_MARAProceedsFromLoanCollected_220" />
      <link:definitionArc xlink:arcrole="http://xbrl.org/int/dim/arcrole/domain-member" xlink:from="loc_MARAStatementLineItems" xlink:to="loc_MARAProceedsFromLoanCollected_220" xlink:type="arc" order="15" />
      <link:loc xlink:type="locator" xlink:href="mara-20121231.xsd#MARA_PaymentCollectedAppliedTowardsPrincipalAmount" xlink:label="loc_MARAPaymentCollectedAppliedTowardsPrincipalAmount_220" />
      <link:definitionArc xlink:arcrole="http://xbrl.org/int/dim/arcrole/domain-member" xlink:from="loc_MARAStatementLineItems" xlink:to="loc_MARAPaymentCollectedAppliedTowardsPrincipalAmount_220" xlink:type="arc" order="16" />
      <link:loc xlink:type="locator" xlink:href="http://xbrl.fasb.org/us-gaap/2012/elts/us-gaap-2012-01-31.xsd#us-gaap_LoansAndLeasesReceivableOther" xlink:label="loc_MARALoansAndLeasesReceivableOther_220" />
      <link:definitionArc xlink:arcrole="http://xbrl.org/int/dim/arcrole/domain-member" xlink:from="loc_MARAStatementLineItems" xlink:to="loc_MARALoansAndLeasesReceivableOther_220" xlink:type="arc" order="17" />
      <link:loc xlink:type="locator" xlink:href="mara-20121231.xsd#MARA_IssuanceOfCommonStock" xlink:label="loc_MARAIssuanceOfCommonStock_220" />
      <link:definitionArc xlink:arcrole="http://xbrl.org/int/dim/arcrole/domain-member" xlink:from="loc_MARAStatementLineItems" xlink:to="loc_MARAIssuanceOfCommonStock_220" xlink:type="arc" order="18" />
      <link:loc xlink:type="locator" xlink:href="mara-20121231.xsd#MARA_PaymentInDisgorgementOfShortswingProfits" xlink:label="loc_MARAPaymentInDisgorgementOfShortswingProfits_220" />
      <link:definitionArc xlink:arcrole="http://xbrl.org/int/dim/arcrole/domain-member" xlink:from="loc_MARAStatementLineItems" xlink:to="loc_MARAPaymentInDisgorgementOfShortswingProfits_220" xlink:type="arc" order="19" />
      <link:loc xlink:type="locator" xlink:href="mara-20121231.xsd#MARA_WarrantsExercised" xlink:label="loc_MARAWarrantsExercised_220" />
      <link:definitionArc xlink:arcrole="http://xbrl.org/int/dim/arcrole/domain-member" xlink:from="loc_MARAStatementLineItems" xlink:to="loc_MARAWarrantsExercised_220" xlink:type="arc" order="20" />
      <link:loc xlink:type="locator" xlink:href="http://xbrl.fasb.org/us-gaap/2012/elts/us-gaap-2012-01-31.xsd#us-gaap_ConversionOfStockSharesIssued1" xlink:label="loc_MARAConversionOfStockSharesIssued1_220" />
      <link:definitionArc xlink:arcrole="http://xbrl.org/int/dim/arcrole/domain-member" xlink:from="loc_MARAStatementLineItems" xlink:to="loc_MARAConversionOfStockSharesIssued1_220" xlink:type="arc" order="21" />
    </link:definitionLink>
    <link:definitionLink xlink:type="extended" xlink:role="http://marathonpg.com/role/CommitmentsAndContingencies-CommitmentsAndContingenciesDetails" xlink:title="0043 - Disclosure - COMMITMENTS AND CONTINGENCIES - COMMITMENTS AND CONTINGENCIES (Details)" />
    <link:definitionLink xlink:type="extended" xlink:role="http://marathonpg.com/role/CommitmentsAndContingencies-CommitmentsAndContingenciesDetails1" xlink:title="0044 - Disclosure - COMMITMENTS AND CONTINGENCIES - COMMITMENTS AND CONTINGENCIES (Details1)" />
    <link:definitionLink xlink:type="extended" xlink:role="http://marathonpg.com/role/CommitmentsAndContingenciesDetailsNarrative" xlink:title="0045 - Disclosure - COMMITMENTS AND CONTINGENCIES (Details Narrative)">
      <link:loc xlink:type="locator" xlink:href="http://xbrl.fasb.org/us-gaap/2012/elts/us-gaap-2012-01-31.xsd#us-gaap_StatementLineItems" xlink:label="loc_MARAStatementLineItems" />
      <link:loc xlink:type="locator" xlink:href="http://xbrl.fasb.org/us-gaap/2012/elts/us-gaap-2012-01-31.xsd#us-gaap_StatementTable" xlink:label="loc_MARAStatementTable" />
      <link:definitionArc xlink:arcrole="http://xbrl.org/int/dim/arcrole/all" xbrldt:contextElement="segment" xlink:from="loc_MARAStatementLineItems" xlink:to="loc_MARAStatementTable" xlink:type="arc" order="10" xbrldt:closed="true" />
      <link:loc xlink:type="locator" xlink:href="http://xbrl.fasb.org/us-gaap/2012/elts/us-gaap-2012-01-31.xsd#us-gaap_StatementScenarioAxis" xlink:label="loc_MARAStatementScenarioAxis" />
      <link:definitionArc xlink:arcrole="http://xbrl.org/int/dim/arcrole/hypercube-dimension" xlink:from="loc_MARAStatementTable" xlink:to="loc_MARAStatementScenarioAxis" xlink:type="arc" order="1" />
      <link:loc xlink:type="locator" xlink:href="http://xbrl.fasb.org/us-gaap/2012/elts/us-gaap-2012-01-31.xsd#us-gaap_ScenarioUnspecifiedDomain" xlink:label="loc_MARAScenarioUnspecifiedDomain" />
      <link:definitionArc xlink:arcrole="http://xbrl.org/int/dim/arcrole/dimension-domain" xlink:from="loc_MARAStatementScenarioAxis" xlink:to="loc_MARAScenarioUnspecifiedDomain" xlink:type="arc" order="20" />
      <link:loc xlink:type="locator" xlink:href="http://xbrl.fasb.org/us-gaap/2012/elts/us-gaap-2012-01-31.xsd#us-gaap_ScenarioUnspecifiedDomain" xlink:label="loc_MARAScenarioUnspecifiedDomain_10" />
      <link:definitionArc xlink:arcrole="http://xbrl.org/int/dim/arcrole/dimension-default" xbrldt:contextElement="segment" xlink:from="loc_MARAStatementScenarioAxis" xlink:to="loc_MARAScenarioUnspecifiedDomain_10" xlink:type="arc" order="30" />
      <link:loc xlink:type="locator" xlink:href="http://xbrl.fasb.org/us-gaap/2012/elts/us-gaap-2012-01-31.xsd#us-gaap_RentalProperties" xlink:label="loc_MARARentalProperties_70" />
      <link:definitionArc xlink:arcrole="http://xbrl.org/int/dim/arcrole/domain-member" xlink:from="loc_MARAStatementLineItems" xlink:to="loc_MARARentalProperties_70" xlink:type="arc" order="0" />
      <link:loc xlink:type="locator" xlink:href="mara-20121231.xsd#MARA_PaymentToLessor" xlink:label="loc_MARAPaymentToLessor_70" />
      <link:definitionArc xlink:arcrole="http://xbrl.org/int/dim/arcrole/domain-member" xlink:from="loc_MARAStatementLineItems" xlink:to="loc_MARAPaymentToLessor_70" xlink:type="arc" order="1" />
      <link:loc xlink:type="locator" xlink:href="http://xbrl.fasb.org/us-gaap/2012/elts/us-gaap-2012-01-31.xsd#us-gaap_LeaseIncentivePayableCurrentAndNoncurrent" xlink:label="loc_MARALeaseIncentivePayableCurrentAndNoncurrent_70" />
      <link:definitionArc xlink:arcrole="http://xbrl.org/int/dim/arcrole/domain-member" xlink:from="loc_MARAStatementLineItems" xlink:to="loc_MARALeaseIncentivePayableCurrentAndNoncurrent_70" xlink:type="arc" order="2" />
      <link:loc xlink:type="locator" xlink:href="mara-20121231.xsd#MARA_PurchasePriceMiningClaimAndLeaseSalepurchaseAgreement" xlink:label="loc_MARAPurchasePriceMiningClaimAndLeaseSalepurchaseAgreement_70" />
      <link:definitionArc xlink:arcrole="http://xbrl.org/int/dim/arcrole/domain-member" xlink:from="loc_MARAStatementLineItems" xlink:to="loc_MARAPurchasePriceMiningClaimAndLeaseSalepurchaseAgreement_70" xlink:type="arc" order="3" />
      <link:loc xlink:type="locator" xlink:href="mara-20121231.xsd#MARA_ProductionRoyaltyPaidToLarson" xlink:label="loc_MARAProductionRoyaltyPaidToLarson_70" />
      <link:definitionArc xlink:arcrole="http://xbrl.org/int/dim/arcrole/domain-member" xlink:from="loc_MARAStatementLineItems" xlink:to="loc_MARAProductionRoyaltyPaidToLarson_70" xlink:type="arc" order="4" />
      <link:loc xlink:type="locator" xlink:href="mara-20121231.xsd#MARA_NumberOfAcres" xlink:label="loc_MARANumberOfAcres_70" />
      <link:definitionArc xlink:arcrole="http://xbrl.org/int/dim/arcrole/domain-member" xlink:from="loc_MARAStatementLineItems" xlink:to="loc_MARANumberOfAcres_70" xlink:type="arc" order="5" />
      <link:loc xlink:type="locator" xlink:href="mara-20121231.xsd#MARA_IncreasedRentalProperties" xlink:label="loc_MARAIncreasedRentalProperties_70" />
      <link:definitionArc xlink:arcrole="http://xbrl.org/int/dim/arcrole/domain-member" xlink:from="loc_MARAStatementLineItems" xlink:to="loc_MARAIncreasedRentalProperties_70" xlink:type="arc" order="6" />
      <link:loc xlink:type="locator" xlink:href="mara-20121231.xsd#MARA_PrepaidLeasePayment" xlink:label="loc_MARAPrepaidLeasePayment_70" />
      <link:definitionArc xlink:arcrole="http://xbrl.org/int/dim/arcrole/domain-member" xlink:from="loc_MARAStatementLineItems" xlink:to="loc_MARAPrepaidLeasePayment_70" xlink:type="arc" order="7" />
      <link:loc xlink:type="locator" xlink:href="mara-20121231.xsd#MARA_ProductionRoyaltyPerPound" xlink:label="loc_MARAProductionRoyaltyPerPound_70" />
      <link:definitionArc xlink:arcrole="http://xbrl.org/int/dim/arcrole/domain-member" xlink:from="loc_MARAStatementLineItems" xlink:to="loc_MARAProductionRoyaltyPerPound_70" xlink:type="arc" order="8" />
      <link:loc xlink:type="locator" xlink:href="mara-20121231.xsd#MARA_ProductionRoyaltyPercentage" xlink:label="loc_MARAProductionRoyaltyPercentage_70" />
      <link:definitionArc xlink:arcrole="http://xbrl.org/int/dim/arcrole/domain-member" xlink:from="loc_MARAStatementLineItems" xlink:to="loc_MARAProductionRoyaltyPercentage_70" xlink:type="arc" order="9" />
      <link:loc xlink:type="locator" xlink:href="mara-20121231.xsd#MARA_AggregateSumPaidToReduceRoyalty" xlink:label="loc_MARAAggregateSumPaidToReduceRoyalty_70" />
      <link:definitionArc xlink:arcrole="http://xbrl.org/int/dim/arcrole/domain-member" xlink:from="loc_MARAStatementLineItems" xlink:to="loc_MARAAggregateSumPaidToReduceRoyalty_70" xlink:type="arc" order="10" />
      <link:loc xlink:type="locator" xlink:href="http://xbrl.fasb.org/us-gaap/2012/elts/us-gaap-2012-01-31.xsd#us-gaap_CapitalLeasesFutureMinimumPaymentsNetMinimumPayments1" xlink:label="loc_MARACapitalLeasesFutureMinimumPaymentsNetMinimumPayments1_70" />
      <link:definitionArc xlink:arcrole="http://xbrl.org/int/dim/arcrole/domain-member" xlink:from="loc_MARAStatementLineItems" xlink:to="loc_MARACapitalLeasesFutureMinimumPaymentsNetMinimumPayments1_70" xlink:type="arc" order="11" />
      <link:loc xlink:type="locator" xlink:href="mara-20121231.xsd#MARA_AggregateSumPaidForFailureToMeetMinimumExpenses" xlink:label="loc_MARAAggregateSumPaidForFailureToMeetMinimumExpenses_70" />
      <link:definitionArc xlink:arcrole="http://xbrl.org/int/dim/arcrole/domain-member" xlink:from="loc_MARAStatementLineItems" xlink:to="loc_MARAAggregateSumPaidForFailureToMeetMinimumExpenses_70" xlink:type="arc" order="12" />
      <link:loc xlink:type="locator" xlink:href="mara-20121231.xsd#MARA_GrossRoyaltyPaidToAbsarokaStoneLlc" xlink:label="loc_MARAGrossRoyaltyPaidToAbsarokaStoneLlc_70" />
      <link:definitionArc xlink:arcrole="http://xbrl.org/int/dim/arcrole/domain-member" xlink:from="loc_MARAStatementLineItems" xlink:to="loc_MARAGrossRoyaltyPaidToAbsarokaStoneLlc_70" xlink:type="arc" order="13" />
      <link:loc xlink:type="locator" xlink:href="mara-20121231.xsd#MARA_MaximumAggregateAmountFromGrossRoyaltyPaidToAbsarokaStoneLlc" xlink:label="loc_MARAMaximumAggregateAmountFromGrossRoyaltyPaidToAbsarokaStoneLlc_70" />
      <link:definitionArc xlink:arcrole="http://xbrl.org/int/dim/arcrole/domain-member" xlink:from="loc_MARAStatementLineItems" xlink:to="loc_MARAMaximumAggregateAmountFromGrossRoyaltyPaidToAbsarokaStoneLlc_70" xlink:type="arc" order="14" />
    </link:definitionLink>
    <link:definitionLink xlink:type="extended" xlink:role="http://marathonpg.com/role/MarketableSecurities-MarketableSecuritiesDetails" xlink:title="0046 - Disclosure - MARKETABLE SECURITIES - Marketable securities (Details)">
      <link:loc xlink:type="locator" xlink:href="http://xbrl.fasb.org/us-gaap/2012/elts/us-gaap-2012-01-31.xsd#us-gaap_StatementLineItems" xlink:label="loc_MARAStatementLineItems" />
      <link:loc xlink:type="locator" xlink:href="http://xbrl.fasb.org/us-gaap/2012/elts/us-gaap-2012-01-31.xsd#us-gaap_StatementTable" xlink:label="loc_MARAStatementTable" />
      <link:definitionArc xlink:arcrole="http://xbrl.org/int/dim/arcrole/all" xbrldt:contextElement="segment" xlink:from="loc_MARAStatementLineItems" xlink:to="loc_MARAStatementTable" xlink:type="arc" order="10" xbrldt:closed="true" />
      <link:loc xlink:type="locator" xlink:href="http://xbrl.fasb.org/us-gaap/2012/elts/us-gaap-2012-01-31.xsd#us-gaap_GainLossOnInvestmentsByCategoryAxis" xlink:label="loc_MARAGainLossOnInvestmentsByCategoryAxis" />
      <link:definitionArc xlink:arcrole="http://xbrl.org/int/dim/arcrole/hypercube-dimension" xlink:from="loc_MARAStatementTable" xlink:to="loc_MARAGainLossOnInvestmentsByCategoryAxis" xlink:type="arc" order="1" />
      <link:loc xlink:type="locator" xlink:href="http://xbrl.fasb.org/us-gaap/2012/elts/us-gaap-2012-01-31.xsd#us-gaap_GainLossOnInvestmentsIncludingMarketableSecuritiesAndInvestmentsHeldAtCostCategoriesOfInvestmentsDomain" xlink:label="loc_MARAGainLossOnInvestmentsIncludingMarketableSecuritiesAndInvestmentsHeldAtCostCategoriesOfInvestmentsDomain" />
      <link:definitionArc xlink:arcrole="http://xbrl.org/int/dim/arcrole/dimension-domain" xlink:from="loc_MARAGainLossOnInvestmentsByCategoryAxis" xlink:to="loc_MARAGainLossOnInvestmentsIncludingMarketableSecuritiesAndInvestmentsHeldAtCostCategoriesOfInvestmentsDomain" xlink:type="arc" order="20" />
      <link:loc xlink:type="locator" xlink:href="http://xbrl.fasb.org/us-gaap/2012/elts/us-gaap-2012-01-31.xsd#us-gaap_GainLossOnInvestmentsIncludingMarketableSecuritiesAndInvestmentsHeldAtCostCategoriesOfInvestmentsDomain" xlink:label="loc_MARAGainLossOnInvestmentsIncludingMarketableSecuritiesAndInvestmentsHeldAtCostCategoriesOfInvestmentsDomain_10" />
      <link:definitionArc xlink:arcrole="http://xbrl.org/int/dim/arcrole/dimension-default" xbrldt:contextElement="segment" xlink:from="loc_MARAGainLossOnInvestmentsByCategoryAxis" xlink:to="loc_MARAGainLossOnInvestmentsIncludingMarketableSecuritiesAndInvestmentsHeldAtCostCategoriesOfInvestmentsDomain_10" xlink:type="arc" order="30" />
      <link:loc xlink:type="locator" xlink:href="mara-20121231.xsd#MARA_MarketableSecuritiesCostMember" xlink:label="loc_MARAMarketableSecuritiesCostMember_0" />
      <link:definitionArc xlink:arcrole="http://xbrl.org/int/dim/arcrole/domain-member" xlink:from="loc_MARAGainLossOnInvestmentsIncludingMarketableSecuritiesAndInvestmentsHeldAtCostCategoriesOfInvestmentsDomain" xlink:to="loc_MARAMarketableSecuritiesCostMember_0" xlink:type="arc" order="1" />
      <link:loc xlink:type="locator" xlink:href="http://xbrl.fasb.org/us-gaap/2012/elts/us-gaap-2012-01-31.xsd#us-gaap_UnrealizedGainLossOrWriteDownMember" xlink:label="loc_MARAUnrealizedGainLossOrWriteDownMember_10" />
      <link:definitionArc xlink:arcrole="http://xbrl.org/int/dim/arcrole/domain-member" xlink:from="loc_MARAGainLossOnInvestmentsIncludingMarketableSecuritiesAndInvestmentsHeldAtCostCategoriesOfInvestmentsDomain" xlink:to="loc_MARAUnrealizedGainLossOrWriteDownMember_10" xlink:type="arc" order="11" />
      <link:loc xlink:type="locator" xlink:href="http://xbrl.fasb.org/us-gaap/2012/elts/us-gaap-2012-01-31.xsd#us-gaap_RealizedGainLossOnSaleOfInvestmentsMember" xlink:label="loc_MARARealizedGainLossOnSaleOfInvestmentsMember_20" />
      <link:definitionArc xlink:arcrole="http://xbrl.org/int/dim/arcrole/domain-member" xlink:from="loc_MARAGainLossOnInvestmentsIncludingMarketableSecuritiesAndInvestmentsHeldAtCostCategoriesOfInvestmentsDomain" xlink:to="loc_MARARealizedGainLossOnSaleOfInvestmentsMember_20" xlink:type="arc" order="21" />
      <link:loc xlink:type="locator" xlink:href="mara-20121231.xsd#MARA_MarketableSecuritiesFairValueMember" xlink:label="loc_MARAMarketableSecuritiesFairValueMember_30" />
      <link:definitionArc xlink:arcrole="http://xbrl.org/int/dim/arcrole/domain-member" xlink:from="loc_MARAGainLossOnInvestmentsIncludingMarketableSecuritiesAndInvestmentsHeldAtCostCategoriesOfInvestmentsDomain" xlink:to="loc_MARAMarketableSecuritiesFairValueMember_30" xlink:type="arc" order="31" />
      <link:loc xlink:type="locator" xlink:href="http://xbrl.fasb.org/us-gaap/2012/elts/us-gaap-2012-01-31.xsd#us-gaap_AvailableForSaleSecuritiesEquitySecurities" xlink:label="loc_MARAAvailableForSaleSecuritiesEquitySecurities_50" />
      <link:definitionArc xlink:arcrole="http://xbrl.org/int/dim/arcrole/domain-member" xlink:from="loc_MARAStatementLineItems" xlink:to="loc_MARAAvailableForSaleSecuritiesEquitySecurities_50" xlink:type="arc" order="1" />
    </link:definitionLink>
    <link:definitionLink xlink:type="extended" xlink:role="http://marathonpg.com/role/MarketableSecuritiesDetailsNarrative" xlink:title="0047 - Disclosure - MARKETABLE SECURITIES (Details Narrative)" />
    <link:definitionLink xlink:type="extended" xlink:role="http://marathonpg.com/role/IncomeTaxes-EffectiveTaxRateAndStatutoryFederalRateDetails" xlink:title="0048 - Disclosure - INCOME TAXES - Effective tax rate and statutory federal rate (Details)" />
    <link:definitionLink xlink:type="extended" xlink:role="http://marathonpg.com/role/IncomeTaxes-EffectiveTaxRateAndStatutoryFederalRatePercentageDetails" xlink:title="0049 - Disclosure - INCOME TAXES - Effective tax rate and statutory federal rate, percentage (Details)" />
    <link:definitionLink xlink:type="extended" xlink:role="http://marathonpg.com/role/IncomeTaxes-DeferredTaxAssetDetails" xlink:title="0050 - Disclosure - INCOME TAXES - Deferred tax asset (Details)" />
    <link:definitionLink xlink:type="extended" xlink:role="http://marathonpg.com/role/IncomeTaxesDetailsNarrative" xlink:title="0051 - Disclosure - INCOME TAXES (Details Narrative)" />
    <link:definitionLink xlink:type="extended" xlink:role="http://marathonpg.com/role/SubsequentEventsDetailsNarrative" xlink:title="0052 - Disclosure - SUBSEQUENT EVENTS (Details Narrative)" />
</link:linkbase>
