<?xml version="1.0" encoding="us-ascii"?>
<!-- Created by Merrill Corporation -->
<!--XBRL document created with Merrill Bridge  6.1.177.0 -->
<!--Based on XBRL 2.1-->
<!--Created on: 3/30/2016 3:12:24 PM-->
<!--Modified on: 3/30/2016 3:12:24 PM-->
<link:linkbase xsi:schemaLocation="http://www.xbrl.org/2003/linkbase http://www.xbrl.org/2003/xbrl-linkbase-2003-12-31.xsd" xmlns:link="http://www.xbrl.org/2003/linkbase" xmlns:xsi="http://www.w3.org/2001/XMLSchema-instance" xmlns:xbrli="http://www.xbrl.org/2003/instance" xmlns:xlink="http://www.w3.org/1999/xlink">
  <roleRef xlink:type="simple" xlink:href="mara-20151231.xsd#StatementConsolidatedBalanceSheets" roleURI="http://marathonpg.com/role/StatementConsolidatedBalanceSheets" xmlns="http://www.xbrl.org/2003/linkbase" />
  <roleRef xlink:type="simple" xlink:href="mara-20151231.xsd#StatementConsolidatedStatementsOfOperations" roleURI="http://marathonpg.com/role/StatementConsolidatedStatementsOfOperations" xmlns="http://www.xbrl.org/2003/linkbase" />
  <roleRef xlink:type="simple" xlink:href="mara-20151231.xsd#StatementConsolidatedStatementsOfComprehensiveLoss" roleURI="http://marathonpg.com/role/StatementConsolidatedStatementsOfComprehensiveLoss" xmlns="http://www.xbrl.org/2003/linkbase" />
  <roleRef xlink:type="simple" xlink:href="mara-20151231.xsd#StatementConsolidatedStatementsOfCashFlows" roleURI="http://marathonpg.com/role/StatementConsolidatedStatementsOfCashFlows" xmlns="http://www.xbrl.org/2003/linkbase" />
  <roleRef xlink:type="simple" xlink:href="mara-20151231.xsd#DisclosureAcquisitionsDetails4" roleURI="http://marathonpg.com/role/DisclosureAcquisitionsDetails4" xmlns="http://www.xbrl.org/2003/linkbase" />
  <roleRef xlink:type="simple" xlink:href="mara-20151231.xsd#DisclosureCommitmentsAndContingenciesDetails" roleURI="http://marathonpg.com/role/DisclosureCommitmentsAndContingenciesDetails" xmlns="http://www.xbrl.org/2003/linkbase" />
  <roleRef xlink:type="simple" xlink:href="mara-20151231.xsd#DisclosureIncomeTaxesCurrentAndDeferredProvisionBenefitDetails" roleURI="http://marathonpg.com/role/DisclosureIncomeTaxesCurrentAndDeferredProvisionBenefitDetails" xmlns="http://www.xbrl.org/2003/linkbase" />
  <roleRef xlink:type="simple" xlink:href="mara-20151231.xsd#DisclosureIncomeTaxesEffectiveTaxRateAndStatutoryFederalRateInDollarsDetails" roleURI="http://marathonpg.com/role/DisclosureIncomeTaxesEffectiveTaxRateAndStatutoryFederalRateInDollarsDetails" xmlns="http://www.xbrl.org/2003/linkbase" />
  <roleRef xlink:type="simple" xlink:href="mara-20151231.xsd#DisclosureIncomeTaxesEffectiveTaxRateAndStatutoryFederalRateInPercentDetails" roleURI="http://marathonpg.com/role/DisclosureIncomeTaxesEffectiveTaxRateAndStatutoryFederalRateInPercentDetails" xmlns="http://www.xbrl.org/2003/linkbase" />
  <roleRef xlink:type="simple" xlink:href="mara-20151231.xsd#DisclosureIncomeTaxesDeferredTaxAssetsDetails" roleURI="http://marathonpg.com/role/DisclosureIncomeTaxesDeferredTaxAssetsDetails" xmlns="http://www.xbrl.org/2003/linkbase" />
  <calculationLink xlink:role="http://marathonpg.com/role/StatementConsolidatedBalanceSheets" xlink:type="extended" xlink:title="00100 - Statement - CONSOLIDATED BALANCE SHEETS" xmlns="http://www.xbrl.org/2003/linkbase">
    <loc xlink:type="locator" xlink:href="http://xbrl.fasb.org/us-gaap/2015/elts/us-gaap-2015-01-31.xsd#us-gaap_Assets" xlink:label="loc_us-gaapAssets" />
    <loc xlink:type="locator" xlink:href="http://xbrl.fasb.org/us-gaap/2015/elts/us-gaap-2015-01-31.xsd#us-gaap_AssetsCurrent" xlink:label="us-gaap_AssetsCurrent_635949475407041026" />
    <calculationArc xlink:type="arc" xlink:arcrole="http://www.xbrl.org/2003/arcrole/summation-item" xlink:from="loc_us-gaapAssets" xlink:to="us-gaap_AssetsCurrent_635949475407041026" order="1" use="optional" weight="1" />
    <loc xlink:type="locator" xlink:href="http://xbrl.fasb.org/us-gaap/2015/elts/us-gaap-2015-01-31.xsd#us-gaap_Cash" xlink:label="us-gaap_Cash_635949475407041026" />
    <calculationArc xlink:type="arc" xlink:arcrole="http://www.xbrl.org/2003/arcrole/summation-item" xlink:from="us-gaap_AssetsCurrent_635949475407041026" xlink:to="us-gaap_Cash_635949475407041026" order="1" use="optional" weight="1" />
    <loc xlink:type="locator" xlink:href="http://xbrl.fasb.org/us-gaap/2015/elts/us-gaap-2015-01-31.xsd#us-gaap_AccountsReceivableNetCurrent" xlink:label="us-gaap_AccountsReceivableNetCurrent_635949475407041026" />
    <calculationArc xlink:type="arc" xlink:arcrole="http://www.xbrl.org/2003/arcrole/summation-item" xlink:from="us-gaap_AssetsCurrent_635949475407041026" xlink:to="us-gaap_AccountsReceivableNetCurrent_635949475407041026" order="2" use="optional" weight="1" priority="2" />
    <loc xlink:type="locator" xlink:href="mara-20151231.xsd#mara_BondsPostedWithCourts" xlink:label="mara_BondsPostedWithCourts_635949475407041026" />
    <calculationArc xlink:type="arc" xlink:arcrole="http://www.xbrl.org/2003/arcrole/summation-item" xlink:from="us-gaap_AssetsCurrent_635949475407041026" xlink:to="mara_BondsPostedWithCourts_635949475407041026" order="3" use="optional" weight="1" />
    <loc xlink:type="locator" xlink:href="http://xbrl.fasb.org/us-gaap/2015/elts/us-gaap-2015-01-31.xsd#us-gaap_PrepaidExpenseAndOtherAssetsCurrent" xlink:label="us-gaap_PrepaidExpenseAndOtherAssetsCurrent_635949475407041026" />
    <calculationArc xlink:type="arc" xlink:arcrole="http://www.xbrl.org/2003/arcrole/summation-item" xlink:from="us-gaap_AssetsCurrent_635949475407041026" xlink:to="us-gaap_PrepaidExpenseAndOtherAssetsCurrent_635949475407041026" order="4" use="optional" weight="1" priority="2" />
    <loc xlink:type="locator" xlink:href="http://xbrl.fasb.org/us-gaap/2015/elts/us-gaap-2015-01-31.xsd#us-gaap_AssetsNoncurrent" xlink:label="us-gaap_AssetsNoncurrent_635949475407041026" />
    <calculationArc xlink:type="arc" xlink:arcrole="http://www.xbrl.org/2003/arcrole/summation-item" xlink:from="loc_us-gaapAssets" xlink:to="us-gaap_AssetsNoncurrent_635949475407041026" order="2" use="optional" weight="1" priority="2" />
    <loc xlink:type="locator" xlink:href="http://xbrl.fasb.org/us-gaap/2015/elts/us-gaap-2015-01-31.xsd#us-gaap_PropertyPlantAndEquipmentNet" xlink:label="us-gaap_PropertyPlantAndEquipmentNet_635949475407041026" />
    <calculationArc xlink:type="arc" xlink:arcrole="http://www.xbrl.org/2003/arcrole/summation-item" xlink:from="us-gaap_AssetsNoncurrent_635949475407041026" xlink:to="us-gaap_PropertyPlantAndEquipmentNet_635949475407041026" order="1" use="optional" weight="1" priority="1" />
    <loc xlink:type="locator" xlink:href="http://xbrl.fasb.org/us-gaap/2015/elts/us-gaap-2015-01-31.xsd#us-gaap_FiniteLivedIntangibleAssetsNet" xlink:label="us-gaap_FiniteLivedIntangibleAssetsNet_635949475407041026" />
    <calculationArc xlink:type="arc" xlink:arcrole="http://www.xbrl.org/2003/arcrole/summation-item" xlink:from="us-gaap_AssetsNoncurrent_635949475407041026" xlink:to="us-gaap_FiniteLivedIntangibleAssetsNet_635949475407041026" order="2" use="optional" weight="1" priority="2" />
    <loc xlink:type="locator" xlink:href="http://xbrl.fasb.org/us-gaap/2015/elts/us-gaap-2015-01-31.xsd#us-gaap_DeferredTaxAssetsLiabilitiesNetNoncurrent" xlink:label="us-gaap_DeferredTaxAssetsLiabilitiesNetNoncurrent_635949475407041026" />
    <calculationArc xlink:type="arc" xlink:arcrole="http://www.xbrl.org/2003/arcrole/summation-item" xlink:from="us-gaap_AssetsNoncurrent_635949475407041026" xlink:to="us-gaap_DeferredTaxAssetsLiabilitiesNetNoncurrent_635949475407041026" order="3" use="optional" weight="1" priority="3" />
    <loc xlink:type="locator" xlink:href="http://xbrl.fasb.org/us-gaap/2015/elts/us-gaap-2015-01-31.xsd#us-gaap_OtherAssetsNoncurrent" xlink:label="us-gaap_OtherAssetsNoncurrent_635949475407041026" />
    <calculationArc xlink:type="arc" xlink:arcrole="http://www.xbrl.org/2003/arcrole/summation-item" xlink:from="us-gaap_AssetsNoncurrent_635949475407041026" xlink:to="us-gaap_OtherAssetsNoncurrent_635949475407041026" order="4" use="optional" weight="1" priority="4" />
    <loc xlink:type="locator" xlink:href="http://xbrl.fasb.org/us-gaap/2015/elts/us-gaap-2015-01-31.xsd#us-gaap_Goodwill" xlink:label="us-gaap_Goodwill_635949475407041026" />
    <calculationArc xlink:type="arc" xlink:arcrole="http://www.xbrl.org/2003/arcrole/summation-item" xlink:from="us-gaap_AssetsNoncurrent_635949475407041026" xlink:to="us-gaap_Goodwill_635949475407041026" order="5" use="optional" weight="1" priority="1" />
    <loc xlink:type="locator" xlink:href="http://xbrl.fasb.org/us-gaap/2015/elts/us-gaap-2015-01-31.xsd#us-gaap_LiabilitiesAndStockholdersEquity" xlink:label="loc_us-gaapLiabilitiesAndStockholdersEquity" />
    <loc xlink:type="locator" xlink:href="http://xbrl.fasb.org/us-gaap/2015/elts/us-gaap-2015-01-31.xsd#us-gaap_StockholdersEquity" xlink:label="us-gaap_StockholdersEquity_635949475407041026" />
    <calculationArc xlink:type="arc" xlink:arcrole="http://www.xbrl.org/2003/arcrole/summation-item" xlink:from="loc_us-gaapLiabilitiesAndStockholdersEquity" xlink:to="us-gaap_StockholdersEquity_635949475407041026" order="1" use="optional" weight="1" />
    <loc xlink:type="locator" xlink:href="http://xbrl.fasb.org/us-gaap/2015/elts/us-gaap-2015-01-31.xsd#us-gaap_RetainedEarningsAccumulatedDeficit" xlink:label="us-gaap_RetainedEarningsAccumulatedDeficit_635949475407041026" />
    <calculationArc xlink:type="arc" xlink:arcrole="http://www.xbrl.org/2003/arcrole/summation-item" xlink:from="us-gaap_StockholdersEquity_635949475407041026" xlink:to="us-gaap_RetainedEarningsAccumulatedDeficit_635949475407041026" order="1" use="optional" weight="1" />
    <loc xlink:type="locator" xlink:href="http://xbrl.fasb.org/us-gaap/2015/elts/us-gaap-2015-01-31.xsd#us-gaap_AccumulatedOtherComprehensiveIncomeLossNetOfTax" xlink:label="us-gaap_AccumulatedOtherComprehensiveIncomeLossNetOfTax_635949475407041026" />
    <calculationArc xlink:type="arc" xlink:arcrole="http://www.xbrl.org/2003/arcrole/summation-item" xlink:from="us-gaap_StockholdersEquity_635949475407041026" xlink:to="us-gaap_AccumulatedOtherComprehensiveIncomeLossNetOfTax_635949475407041026" order="2" use="optional" weight="1" priority="2" />
    <loc xlink:type="locator" xlink:href="http://xbrl.fasb.org/us-gaap/2015/elts/us-gaap-2015-01-31.xsd#us-gaap_AdditionalPaidInCapital" xlink:label="us-gaap_AdditionalPaidInCapital_635949475407041026" />
    <calculationArc xlink:type="arc" xlink:arcrole="http://www.xbrl.org/2003/arcrole/summation-item" xlink:from="us-gaap_StockholdersEquity_635949475407041026" xlink:to="us-gaap_AdditionalPaidInCapital_635949475407041026" order="3" use="optional" weight="1" />
    <loc xlink:type="locator" xlink:href="http://xbrl.fasb.org/us-gaap/2015/elts/us-gaap-2015-01-31.xsd#us-gaap_CommonStockValue" xlink:label="us-gaap_CommonStockValue_635949475407041026" />
    <calculationArc xlink:type="arc" xlink:arcrole="http://www.xbrl.org/2003/arcrole/summation-item" xlink:from="us-gaap_StockholdersEquity_635949475407041026" xlink:to="us-gaap_CommonStockValue_635949475407041026" order="4" use="optional" weight="1" />
    <loc xlink:type="locator" xlink:href="http://xbrl.fasb.org/us-gaap/2015/elts/us-gaap-2015-01-31.xsd#us-gaap_PreferredStockValue" xlink:label="us-gaap_PreferredStockValue_635949475407041026" />
    <calculationArc xlink:type="arc" xlink:arcrole="http://www.xbrl.org/2003/arcrole/summation-item" xlink:from="us-gaap_StockholdersEquity_635949475407041026" xlink:to="us-gaap_PreferredStockValue_635949475407041026" order="5" use="optional" weight="1" />
    <loc xlink:type="locator" xlink:href="http://xbrl.fasb.org/us-gaap/2015/elts/us-gaap-2015-01-31.xsd#us-gaap_Liabilities" xlink:label="us-gaap_Liabilities_635949475407041026" />
    <calculationArc xlink:type="arc" xlink:arcrole="http://www.xbrl.org/2003/arcrole/summation-item" xlink:from="loc_us-gaapLiabilitiesAndStockholdersEquity" xlink:to="us-gaap_Liabilities_635949475407041026" order="2" use="optional" weight="1" />
    <loc xlink:type="locator" xlink:href="http://xbrl.fasb.org/us-gaap/2015/elts/us-gaap-2015-01-31.xsd#us-gaap_LiabilitiesCurrent" xlink:label="us-gaap_LiabilitiesCurrent_635949475407041026" />
    <calculationArc xlink:type="arc" xlink:arcrole="http://www.xbrl.org/2003/arcrole/summation-item" xlink:from="us-gaap_Liabilities_635949475407041026" xlink:to="us-gaap_LiabilitiesCurrent_635949475407041026" order="1" use="optional" weight="1" />
    <loc xlink:type="locator" xlink:href="http://xbrl.fasb.org/us-gaap/2015/elts/us-gaap-2015-01-31.xsd#us-gaap_AccountsPayableAndAccruedLiabilitiesCurrent" xlink:label="us-gaap_AccountsPayableAndAccruedLiabilitiesCurrent_635949475407197026" />
    <calculationArc xlink:type="arc" xlink:arcrole="http://www.xbrl.org/2003/arcrole/summation-item" xlink:from="us-gaap_LiabilitiesCurrent_635949475407041026" xlink:to="us-gaap_AccountsPayableAndAccruedLiabilitiesCurrent_635949475407197026" order="1" use="optional" weight="1" />
    <loc xlink:type="locator" xlink:href="http://xbrl.fasb.org/us-gaap/2015/elts/us-gaap-2015-01-31.xsd#us-gaap_BusinessCombinationContingentConsiderationLiabilityCurrent" xlink:label="us-gaap_BusinessCombinationContingentConsiderationLiabilityCurrent_635949475407197026" />
    <calculationArc xlink:type="arc" xlink:arcrole="http://www.xbrl.org/2003/arcrole/summation-item" xlink:from="us-gaap_LiabilitiesCurrent_635949475407041026" xlink:to="us-gaap_BusinessCombinationContingentConsiderationLiabilityCurrent_635949475407197026" order="2" use="optional" weight="1" priority="2" />
    <loc xlink:type="locator" xlink:href="http://xbrl.fasb.org/us-gaap/2015/elts/us-gaap-2015-01-31.xsd#us-gaap_NotesPayableCurrent" xlink:label="us-gaap_NotesPayableCurrent_635949475407197026" />
    <calculationArc xlink:type="arc" xlink:arcrole="http://www.xbrl.org/2003/arcrole/summation-item" xlink:from="us-gaap_LiabilitiesCurrent_635949475407041026" xlink:to="us-gaap_NotesPayableCurrent_635949475407197026" order="3" use="optional" weight="1" priority="2" />
    <loc xlink:type="locator" xlink:href="http://xbrl.fasb.org/us-gaap/2015/elts/us-gaap-2015-01-31.xsd#us-gaap_NotesPayable" xlink:label="us-gaap_NotesPayable_635949475407197026" />
    <calculationArc xlink:type="arc" xlink:arcrole="http://www.xbrl.org/2003/arcrole/summation-item" xlink:from="us-gaap_LiabilitiesCurrent_635949475407041026" xlink:to="us-gaap_NotesPayable_635949475407197026" order="4" use="optional" weight="1" />
    <loc xlink:type="locator" xlink:href="http://xbrl.fasb.org/us-gaap/2015/elts/us-gaap-2015-01-31.xsd#us-gaap_LiabilitiesNoncurrent" xlink:label="us-gaap_LiabilitiesNoncurrent_635949475407197026" />
    <calculationArc xlink:type="arc" xlink:arcrole="http://www.xbrl.org/2003/arcrole/summation-item" xlink:from="us-gaap_Liabilities_635949475407041026" xlink:to="us-gaap_LiabilitiesNoncurrent_635949475407197026" order="2" use="optional" weight="1" />
    <loc xlink:type="locator" xlink:href="http://xbrl.fasb.org/us-gaap/2015/elts/us-gaap-2015-01-31.xsd#us-gaap_BusinessCombinationContingentConsiderationLiabilityNoncurrent" xlink:label="us-gaap_BusinessCombinationContingentConsiderationLiabilityNoncurrent_635949475407197026" />
    <calculationArc xlink:type="arc" xlink:arcrole="http://www.xbrl.org/2003/arcrole/summation-item" xlink:from="us-gaap_LiabilitiesNoncurrent_635949475407197026" xlink:to="us-gaap_BusinessCombinationContingentConsiderationLiabilityNoncurrent_635949475407197026" order="1" use="optional" weight="1" priority="3" />
    <loc xlink:type="locator" xlink:href="http://xbrl.fasb.org/us-gaap/2015/elts/us-gaap-2015-01-31.xsd#us-gaap_DeferredTaxLiabilitiesNoncurrent" xlink:label="us-gaap_DeferredTaxLiabilitiesNoncurrent_635949475407197026" />
    <calculationArc xlink:type="arc" xlink:arcrole="http://www.xbrl.org/2003/arcrole/summation-item" xlink:from="us-gaap_LiabilitiesNoncurrent_635949475407197026" xlink:to="us-gaap_DeferredTaxLiabilitiesNoncurrent_635949475407197026" order="2" use="optional" weight="1" priority="2" />
    <loc xlink:type="locator" xlink:href="http://xbrl.fasb.org/us-gaap/2015/elts/us-gaap-2015-01-31.xsd#us-gaap_OtherLongTermDebtNoncurrent" xlink:label="us-gaap_OtherLongTermDebtNoncurrent_635949475407197026" />
    <calculationArc xlink:type="arc" xlink:arcrole="http://www.xbrl.org/2003/arcrole/summation-item" xlink:from="us-gaap_LiabilitiesNoncurrent_635949475407197026" xlink:to="us-gaap_OtherLongTermDebtNoncurrent_635949475407197026" order="3" use="optional" weight="1" priority="2" />
    <loc xlink:type="locator" xlink:href="http://xbrl.fasb.org/us-gaap/2015/elts/us-gaap-2015-01-31.xsd#us-gaap_LongTermNotesPayable" xlink:label="us-gaap_LongTermNotesPayable_635949475407197026" />
    <calculationArc xlink:type="arc" xlink:arcrole="http://www.xbrl.org/2003/arcrole/summation-item" xlink:from="us-gaap_LiabilitiesNoncurrent_635949475407197026" xlink:to="us-gaap_LongTermNotesPayable_635949475407197026" order="4" use="optional" weight="1" priority="2" />
    <loc xlink:type="locator" xlink:href="http://xbrl.fasb.org/us-gaap/2015/elts/us-gaap-2015-01-31.xsd#us-gaap_DeferredRevenueNoncurrent" xlink:label="us-gaap_DeferredRevenueNoncurrent_635949475407197026" />
    <calculationArc xlink:type="arc" xlink:arcrole="http://www.xbrl.org/2003/arcrole/summation-item" xlink:from="us-gaap_LiabilitiesNoncurrent_635949475407197026" xlink:to="us-gaap_DeferredRevenueNoncurrent_635949475407197026" order="5" use="optional" weight="1" priority="2" />
  </calculationLink>
  <calculationLink xlink:role="http://marathonpg.com/role/StatementConsolidatedStatementsOfOperations" xlink:type="extended" xlink:title="00200 - Statement - CONSOLIDATED STATEMENTS OF OPERATIONS" xmlns="http://www.xbrl.org/2003/linkbase">
    <loc xlink:type="locator" xlink:href="http://xbrl.fasb.org/us-gaap/2015/elts/us-gaap-2015-01-31.xsd#us-gaap_NetIncomeLoss" xlink:label="us-gaap_NetIncomeLoss" />
    <loc xlink:type="locator" xlink:href="http://xbrl.fasb.org/us-gaap/2015/elts/us-gaap-2015-01-31.xsd#us-gaap_IncomeLossFromContinuingOperationsBeforeIncomeTaxesMinorityInterestAndIncomeLossFromEquityMethodInvestments" xlink:label="us-gaap_IncomeLossFromContinuingOperationsBeforeIncomeTaxesMinorityInterestAndIncomeLossFromEquityMethodInvestments_635949475407197026" />
    <calculationArc xlink:type="arc" xlink:arcrole="http://www.xbrl.org/2003/arcrole/summation-item" xlink:from="us-gaap_NetIncomeLoss" xlink:to="us-gaap_IncomeLossFromContinuingOperationsBeforeIncomeTaxesMinorityInterestAndIncomeLossFromEquityMethodInvestments_635949475407197026" order="1" use="optional" weight="1" priority="5" />
    <loc xlink:type="locator" xlink:href="http://xbrl.fasb.org/us-gaap/2015/elts/us-gaap-2015-01-31.xsd#us-gaap_NonoperatingIncomeExpense" xlink:label="us-gaap_NonoperatingIncomeExpense_635949475407197026" />
    <calculationArc xlink:type="arc" xlink:arcrole="http://www.xbrl.org/2003/arcrole/summation-item" xlink:from="us-gaap_IncomeLossFromContinuingOperationsBeforeIncomeTaxesMinorityInterestAndIncomeLossFromEquityMethodInvestments_635949475407197026" xlink:to="us-gaap_NonoperatingIncomeExpense_635949475407197026" order="1" use="optional" weight="1" priority="3" />
    <loc xlink:type="locator" xlink:href="http://xbrl.fasb.org/us-gaap/2015/elts/us-gaap-2015-01-31.xsd#us-gaap_EffectOfExchangeRateOnCash" xlink:label="us-gaap_EffectOfExchangeRateOnCash_635949475407197026" />
    <calculationArc xlink:type="arc" xlink:arcrole="http://www.xbrl.org/2003/arcrole/summation-item" xlink:from="us-gaap_NonoperatingIncomeExpense_635949475407197026" xlink:to="us-gaap_EffectOfExchangeRateOnCash_635949475407197026" order="1" use="optional" weight="-1" />
    <loc xlink:type="locator" xlink:href="mara-20151231.xsd#mara_GainOnFairValueAdjustmentOfCloudingEarnout" xlink:label="mara_GainOnFairValueAdjustmentOfCloudingEarnout_635949475407197026" />
    <calculationArc xlink:type="arc" xlink:arcrole="http://www.xbrl.org/2003/arcrole/summation-item" xlink:from="us-gaap_NonoperatingIncomeExpense_635949475407197026" xlink:to="mara_GainOnFairValueAdjustmentOfCloudingEarnout_635949475407197026" order="2" use="optional" weight="1" />
    <loc xlink:type="locator" xlink:href="http://xbrl.fasb.org/us-gaap/2015/elts/us-gaap-2015-01-31.xsd#us-gaap_AvailableforsaleSecuritiesGrossRealizedLossesExcludingOtherThanTemporaryImpairments" xlink:label="us-gaap_AvailableforsaleSecuritiesGrossRealizedLossesExcludingOtherThanTemporaryImpairments_635949475407197026" />
    <calculationArc xlink:type="arc" xlink:arcrole="http://www.xbrl.org/2003/arcrole/summation-item" xlink:from="us-gaap_NonoperatingIncomeExpense_635949475407197026" xlink:to="us-gaap_AvailableforsaleSecuritiesGrossRealizedLossesExcludingOtherThanTemporaryImpairments_635949475407197026" order="3" use="optional" weight="-1" priority="2" />
    <loc xlink:type="locator" xlink:href="http://xbrl.fasb.org/us-gaap/2015/elts/us-gaap-2015-01-31.xsd#us-gaap_OtherNonoperatingIncomeExpense" xlink:label="us-gaap_OtherNonoperatingIncomeExpense_635949475407197026" />
    <calculationArc xlink:type="arc" xlink:arcrole="http://www.xbrl.org/2003/arcrole/summation-item" xlink:from="us-gaap_NonoperatingIncomeExpense_635949475407197026" xlink:to="us-gaap_OtherNonoperatingIncomeExpense_635949475407197026" order="4" use="optional" weight="1" priority="2" />
    <loc xlink:type="locator" xlink:href="http://xbrl.fasb.org/us-gaap/2015/elts/us-gaap-2015-01-31.xsd#us-gaap_InvestmentIncomeInterest" xlink:label="us-gaap_InvestmentIncomeInterest_635949475407197026" />
    <calculationArc xlink:type="arc" xlink:arcrole="http://www.xbrl.org/2003/arcrole/summation-item" xlink:from="us-gaap_NonoperatingIncomeExpense_635949475407197026" xlink:to="us-gaap_InvestmentIncomeInterest_635949475407197026" order="5" use="optional" weight="1" />
    <loc xlink:type="locator" xlink:href="http://xbrl.fasb.org/us-gaap/2015/elts/us-gaap-2015-01-31.xsd#us-gaap_GainsLossesOnExtinguishmentOfDebt" xlink:label="us-gaap_GainsLossesOnExtinguishmentOfDebt_635949475407197026" />
    <calculationArc xlink:type="arc" xlink:arcrole="http://www.xbrl.org/2003/arcrole/summation-item" xlink:from="us-gaap_NonoperatingIncomeExpense_635949475407197026" xlink:to="us-gaap_GainsLossesOnExtinguishmentOfDebt_635949475407197026" order="6" use="optional" weight="1" priority="2" />
    <loc xlink:type="locator" xlink:href="http://xbrl.fasb.org/us-gaap/2015/elts/us-gaap-2015-01-31.xsd#us-gaap_InterestExpense" xlink:label="us-gaap_InterestExpense_635949475407197026" />
    <calculationArc xlink:type="arc" xlink:arcrole="http://www.xbrl.org/2003/arcrole/summation-item" xlink:from="us-gaap_NonoperatingIncomeExpense_635949475407197026" xlink:to="us-gaap_InterestExpense_635949475407197026" order="7" use="optional" weight="-1" />
    <loc xlink:type="locator" xlink:href="http://xbrl.fasb.org/us-gaap/2015/elts/us-gaap-2015-01-31.xsd#us-gaap_OperatingIncomeLoss" xlink:label="us-gaap_OperatingIncomeLoss_635949475407197026" />
    <calculationArc xlink:type="arc" xlink:arcrole="http://www.xbrl.org/2003/arcrole/summation-item" xlink:from="us-gaap_IncomeLossFromContinuingOperationsBeforeIncomeTaxesMinorityInterestAndIncomeLossFromEquityMethodInvestments_635949475407197026" xlink:to="us-gaap_OperatingIncomeLoss_635949475407197026" order="2" use="optional" weight="1" priority="3" />
    <loc xlink:type="locator" xlink:href="http://xbrl.fasb.org/us-gaap/2015/elts/us-gaap-2015-01-31.xsd#us-gaap_OperatingExpenses" xlink:label="us-gaap_OperatingExpenses_635949475407197026" />
    <calculationArc xlink:type="arc" xlink:arcrole="http://www.xbrl.org/2003/arcrole/summation-item" xlink:from="us-gaap_OperatingIncomeLoss_635949475407197026" xlink:to="us-gaap_OperatingExpenses_635949475407197026" order="1" use="optional" weight="-1" />
    <loc xlink:type="locator" xlink:href="http://xbrl.fasb.org/us-gaap/2015/elts/us-gaap-2015-01-31.xsd#us-gaap_CostOfRevenue" xlink:label="us-gaap_CostOfRevenue_635949475407197026" />
    <calculationArc xlink:type="arc" xlink:arcrole="http://www.xbrl.org/2003/arcrole/summation-item" xlink:from="us-gaap_OperatingExpenses_635949475407197026" xlink:to="us-gaap_CostOfRevenue_635949475407197026" order="1" use="optional" weight="1" />
    <loc xlink:type="locator" xlink:href="http://xbrl.fasb.org/us-gaap/2015/elts/us-gaap-2015-01-31.xsd#us-gaap_DepreciationAndAmortization" xlink:label="us-gaap_DepreciationAndAmortization_635949475407197026" />
    <calculationArc xlink:type="arc" xlink:arcrole="http://www.xbrl.org/2003/arcrole/summation-item" xlink:from="us-gaap_OperatingExpenses_635949475407197026" xlink:to="us-gaap_DepreciationAndAmortization_635949475407197026" order="2" use="optional" weight="1" priority="1" />
    <loc xlink:type="locator" xlink:href="http://xbrl.fasb.org/us-gaap/2015/elts/us-gaap-2015-01-31.xsd#us-gaap_LaborAndRelatedExpense" xlink:label="us-gaap_LaborAndRelatedExpense_635949475407197026" />
    <calculationArc xlink:type="arc" xlink:arcrole="http://www.xbrl.org/2003/arcrole/summation-item" xlink:from="us-gaap_OperatingExpenses_635949475407197026" xlink:to="us-gaap_LaborAndRelatedExpense_635949475407197026" order="3" use="optional" weight="1" priority="2" />
    <loc xlink:type="locator" xlink:href="http://xbrl.fasb.org/us-gaap/2015/elts/us-gaap-2015-01-31.xsd#us-gaap_ProfessionalAndContractServicesExpense" xlink:label="us-gaap_ProfessionalAndContractServicesExpense_635949475407197026" />
    <calculationArc xlink:type="arc" xlink:arcrole="http://www.xbrl.org/2003/arcrole/summation-item" xlink:from="us-gaap_OperatingExpenses_635949475407197026" xlink:to="us-gaap_ProfessionalAndContractServicesExpense_635949475407197026" order="4" use="optional" weight="1" />
    <loc xlink:type="locator" xlink:href="http://xbrl.fasb.org/us-gaap/2015/elts/us-gaap-2015-01-31.xsd#us-gaap_ProfessionalFees" xlink:label="us-gaap_ProfessionalFees_635949475407197026" />
    <calculationArc xlink:type="arc" xlink:arcrole="http://www.xbrl.org/2003/arcrole/summation-item" xlink:from="us-gaap_OperatingExpenses_635949475407197026" xlink:to="us-gaap_ProfessionalFees_635949475407197026" order="5" use="optional" weight="1" />
    <loc xlink:type="locator" xlink:href="http://xbrl.fasb.org/us-gaap/2015/elts/us-gaap-2015-01-31.xsd#us-gaap_GeneralAndAdministrativeExpense" xlink:label="us-gaap_GeneralAndAdministrativeExpense_635949475407197026" />
    <calculationArc xlink:type="arc" xlink:arcrole="http://www.xbrl.org/2003/arcrole/summation-item" xlink:from="us-gaap_OperatingExpenses_635949475407197026" xlink:to="us-gaap_GeneralAndAdministrativeExpense_635949475407197026" order="6" use="optional" weight="1" />
    <loc xlink:type="locator" xlink:href="http://xbrl.fasb.org/us-gaap/2015/elts/us-gaap-2015-01-31.xsd#us-gaap_AssetImpairmentCharges" xlink:label="us-gaap_AssetImpairmentCharges_635949475407197026" />
    <calculationArc xlink:type="arc" xlink:arcrole="http://www.xbrl.org/2003/arcrole/summation-item" xlink:from="us-gaap_OperatingExpenses_635949475407197026" xlink:to="us-gaap_AssetImpairmentCharges_635949475407197026" order="7" use="optional" weight="1" />
    <loc xlink:type="locator" xlink:href="http://xbrl.fasb.org/us-gaap/2015/elts/us-gaap-2015-01-31.xsd#us-gaap_GoodwillImpairmentLoss" xlink:label="us-gaap_GoodwillImpairmentLoss_635949475407197026" />
    <calculationArc xlink:type="arc" xlink:arcrole="http://www.xbrl.org/2003/arcrole/summation-item" xlink:from="us-gaap_OperatingExpenses_635949475407197026" xlink:to="us-gaap_GoodwillImpairmentLoss_635949475407197026" order="8" use="optional" weight="1" priority="3" />
    <loc xlink:type="locator" xlink:href="http://xbrl.fasb.org/us-gaap/2015/elts/us-gaap-2015-01-31.xsd#us-gaap_Revenues" xlink:label="us-gaap_Revenues_635949475407197026" />
    <calculationArc xlink:type="arc" xlink:arcrole="http://www.xbrl.org/2003/arcrole/summation-item" xlink:from="us-gaap_OperatingIncomeLoss_635949475407197026" xlink:to="us-gaap_Revenues_635949475407197026" order="2" use="optional" weight="1" priority="2" />
    <loc xlink:type="locator" xlink:href="http://xbrl.fasb.org/us-gaap/2015/elts/us-gaap-2015-01-31.xsd#us-gaap_PreferredStockDividendsIncomeStatementImpact" xlink:label="us-gaap_PreferredStockDividendsIncomeStatementImpact_635949475407197026" />
    <calculationArc xlink:type="arc" xlink:arcrole="http://www.xbrl.org/2003/arcrole/summation-item" xlink:from="us-gaap_NetIncomeLoss" xlink:to="us-gaap_PreferredStockDividendsIncomeStatementImpact_635949475407197026" order="2" use="optional" weight="-1" priority="3" />
  </calculationLink>
  <calculationLink xlink:role="http://marathonpg.com/role/StatementConsolidatedStatementsOfComprehensiveLoss" xlink:type="extended" xlink:title="00300 - Statement - CONSOLIDATED STATEMENTS OF COMPREHENSIVE LOSS" xmlns="http://www.xbrl.org/2003/linkbase">
    <loc xlink:type="locator" xlink:href="http://xbrl.fasb.org/us-gaap/2015/elts/us-gaap-2015-01-31.xsd#us-gaap_ComprehensiveIncomeNetOfTax" xlink:label="us-gaap_ComprehensiveIncomeNetOfTax" />
    <loc xlink:type="locator" xlink:href="http://xbrl.fasb.org/us-gaap/2015/elts/us-gaap-2015-01-31.xsd#us-gaap_NetIncomeLoss" xlink:label="us-gaap_NetIncomeLoss_635949475407197026" />
    <calculationArc xlink:type="arc" xlink:arcrole="http://www.xbrl.org/2003/arcrole/summation-item" xlink:from="us-gaap_ComprehensiveIncomeNetOfTax" xlink:to="us-gaap_NetIncomeLoss_635949475407197026" order="1" use="optional" weight="1" priority="2" />
    <loc xlink:type="locator" xlink:href="http://xbrl.fasb.org/us-gaap/2015/elts/us-gaap-2015-01-31.xsd#us-gaap_OtherComprehensiveIncomeForeignCurrencyTransactionAndTranslationAdjustmentNetOfTaxPortionAttributableToParent" xlink:label="us-gaap_OtherComprehensiveIncomeForeignCurrencyTransactionAndTranslationAdjustmentNetOfTaxPortionAttributableToParent_635949475407197026" />
    <calculationArc xlink:type="arc" xlink:arcrole="http://www.xbrl.org/2003/arcrole/summation-item" xlink:from="us-gaap_ComprehensiveIncomeNetOfTax" xlink:to="us-gaap_OtherComprehensiveIncomeForeignCurrencyTransactionAndTranslationAdjustmentNetOfTaxPortionAttributableToParent_635949475407197026" order="2" use="optional" weight="1" priority="2" />
    <loc xlink:type="locator" xlink:href="http://xbrl.fasb.org/us-gaap/2015/elts/us-gaap-2015-01-31.xsd#us-gaap_OtherComprehensiveIncomeAvailableforsaleSecuritiesAdjustmentNetOfTaxPortionAttributableToParent" xlink:label="us-gaap_OtherComprehensiveIncomeAvailableforsaleSecuritiesAdjustmentNetOfTaxPortionAttributableToParent_635949475407197026" />
    <calculationArc xlink:type="arc" xlink:arcrole="http://www.xbrl.org/2003/arcrole/summation-item" xlink:from="us-gaap_ComprehensiveIncomeNetOfTax" xlink:to="us-gaap_OtherComprehensiveIncomeAvailableforsaleSecuritiesAdjustmentNetOfTaxPortionAttributableToParent_635949475407197026" order="3" use="optional" weight="1" priority="2" />
  </calculationLink>
  <calculationLink xlink:role="http://marathonpg.com/role/StatementConsolidatedStatementsOfCashFlows" xlink:type="extended" xlink:title="00500 - Statement - CONSOLIDATED STATEMENTS OF CASH FLOWS" xmlns="http://www.xbrl.org/2003/linkbase">
    <loc xlink:type="locator" xlink:href="http://xbrl.fasb.org/us-gaap/2015/elts/us-gaap-2015-01-31.xsd#us-gaap_NetCashProvidedByUsedInFinancingActivitiesContinuingOperations" xlink:label="us-gaap_NetCashProvidedByUsedInFinancingActivitiesContinuingOperations" />
    <loc xlink:type="locator" xlink:href="mara-20151231.xsd#mara_ProceedsReceivedFromSaleOfPreferredStockCommonStockNetOfIssuanceCosts" xlink:label="mara_ProceedsReceivedFromSaleOfPreferredStockCommonStockNetOfIssuanceCosts_635949475407197026" />
    <calculationArc xlink:type="arc" xlink:arcrole="http://www.xbrl.org/2003/arcrole/summation-item" xlink:from="us-gaap_NetCashProvidedByUsedInFinancingActivitiesContinuingOperations" xlink:to="mara_ProceedsReceivedFromSaleOfPreferredStockCommonStockNetOfIssuanceCosts_635949475407197026" order="1" use="optional" weight="1" priority="1" />
    <loc xlink:type="locator" xlink:href="http://xbrl.fasb.org/us-gaap/2015/elts/us-gaap-2015-01-31.xsd#us-gaap_ProceedsFromWarrantExercises" xlink:label="us-gaap_ProceedsFromWarrantExercises_635949475407197026" />
    <calculationArc xlink:type="arc" xlink:arcrole="http://www.xbrl.org/2003/arcrole/summation-item" xlink:from="us-gaap_NetCashProvidedByUsedInFinancingActivitiesContinuingOperations" xlink:to="us-gaap_ProceedsFromWarrantExercises_635949475407197026" order="2" use="optional" weight="1" priority="1" />
    <loc xlink:type="locator" xlink:href="http://xbrl.fasb.org/us-gaap/2015/elts/us-gaap-2015-01-31.xsd#us-gaap_RepaymentsOfNotesPayable" xlink:label="us-gaap_RepaymentsOfNotesPayable_635949475407197026" />
    <calculationArc xlink:type="arc" xlink:arcrole="http://www.xbrl.org/2003/arcrole/summation-item" xlink:from="us-gaap_NetCashProvidedByUsedInFinancingActivitiesContinuingOperations" xlink:to="us-gaap_RepaymentsOfNotesPayable_635949475407197026" order="3" use="optional" weight="-1" priority="1" />
    <loc xlink:type="locator" xlink:href="http://xbrl.fasb.org/us-gaap/2015/elts/us-gaap-2015-01-31.xsd#us-gaap_ProceedsFromConvertibleDebt" xlink:label="us-gaap_ProceedsFromConvertibleDebt_635949475407197026" />
    <calculationArc xlink:type="arc" xlink:arcrole="http://www.xbrl.org/2003/arcrole/summation-item" xlink:from="us-gaap_NetCashProvidedByUsedInFinancingActivitiesContinuingOperations" xlink:to="us-gaap_ProceedsFromConvertibleDebt_635949475407197026" order="4" use="optional" weight="1" priority="1" />
    <loc xlink:type="locator" xlink:href="http://xbrl.fasb.org/us-gaap/2015/elts/us-gaap-2015-01-31.xsd#us-gaap_RepaymentsOfConvertibleDebt" xlink:label="us-gaap_RepaymentsOfConvertibleDebt_635949475407197026" />
    <calculationArc xlink:type="arc" xlink:arcrole="http://www.xbrl.org/2003/arcrole/summation-item" xlink:from="us-gaap_NetCashProvidedByUsedInFinancingActivitiesContinuingOperations" xlink:to="us-gaap_RepaymentsOfConvertibleDebt_635949475407197026" order="5" use="optional" weight="-1" priority="1" />
    <loc xlink:type="locator" xlink:href="mara-20151231.xsd#mara_PaymentOnDueToMdrEscrowTli" xlink:label="mara_PaymentOnDueToMdrEscrowTli_635949475407197026" />
    <calculationArc xlink:type="arc" xlink:arcrole="http://www.xbrl.org/2003/arcrole/summation-item" xlink:from="us-gaap_NetCashProvidedByUsedInFinancingActivitiesContinuingOperations" xlink:to="mara_PaymentOnDueToMdrEscrowTli_635949475407197026" order="6" use="optional" weight="-1" priority="1" />
    <loc xlink:type="locator" xlink:href="http://xbrl.fasb.org/us-gaap/2015/elts/us-gaap-2015-01-31.xsd#us-gaap_NetCashProvidedByUsedInInvestingActivitiesContinuingOperations" xlink:label="us-gaap_NetCashProvidedByUsedInInvestingActivitiesContinuingOperations" />
    <loc xlink:type="locator" xlink:href="http://xbrl.fasb.org/us-gaap/2015/elts/us-gaap-2015-01-31.xsd#us-gaap_PaymentsToAcquirePropertyPlantAndEquipment" xlink:label="us-gaap_PaymentsToAcquirePropertyPlantAndEquipment_635949475407197026" />
    <calculationArc xlink:type="arc" xlink:arcrole="http://www.xbrl.org/2003/arcrole/summation-item" xlink:from="us-gaap_NetCashProvidedByUsedInInvestingActivitiesContinuingOperations" xlink:to="us-gaap_PaymentsToAcquirePropertyPlantAndEquipment_635949475407197026" order="1" use="optional" weight="-1" priority="1" />
    <loc xlink:type="locator" xlink:href="http://xbrl.fasb.org/us-gaap/2015/elts/us-gaap-2015-01-31.xsd#us-gaap_PaymentsToAcquireIntangibleAssets" xlink:label="us-gaap_PaymentsToAcquireIntangibleAssets_635949475407197026" />
    <calculationArc xlink:type="arc" xlink:arcrole="http://www.xbrl.org/2003/arcrole/summation-item" xlink:from="us-gaap_NetCashProvidedByUsedInInvestingActivitiesContinuingOperations" xlink:to="us-gaap_PaymentsToAcquireIntangibleAssets_635949475407197026" order="2" use="optional" weight="-1" priority="1" />
    <loc xlink:type="locator" xlink:href="http://xbrl.fasb.org/us-gaap/2015/elts/us-gaap-2015-01-31.xsd#us-gaap_NetCashProvidedByUsedInOperatingActivitiesContinuingOperations" xlink:label="us-gaap_NetCashProvidedByUsedInOperatingActivitiesContinuingOperations" />
    <loc xlink:type="locator" xlink:href="http://xbrl.fasb.org/us-gaap/2015/elts/us-gaap-2015-01-31.xsd#us-gaap_NetIncomeLoss" xlink:label="us-gaap_NetIncomeLoss_635949475407197026" />
    <calculationArc xlink:type="arc" xlink:arcrole="http://www.xbrl.org/2003/arcrole/summation-item" xlink:from="us-gaap_NetCashProvidedByUsedInOperatingActivitiesContinuingOperations" xlink:to="us-gaap_NetIncomeLoss_635949475407197026" order="1" use="optional" weight="1" priority="3" />
    <loc xlink:type="locator" xlink:href="http://xbrl.fasb.org/us-gaap/2015/elts/us-gaap-2015-01-31.xsd#us-gaap_ShareBasedCompensation" xlink:label="us-gaap_ShareBasedCompensation_635949475407197026" />
    <calculationArc xlink:type="arc" xlink:arcrole="http://www.xbrl.org/2003/arcrole/summation-item" xlink:from="us-gaap_NetCashProvidedByUsedInOperatingActivitiesContinuingOperations" xlink:to="us-gaap_ShareBasedCompensation_635949475407197026" order="2" use="optional" weight="1" priority="1" />
    <loc xlink:type="locator" xlink:href="http://xbrl.fasb.org/us-gaap/2015/elts/us-gaap-2015-01-31.xsd#us-gaap_Depreciation" xlink:label="us-gaap_Depreciation_635949475407197026" />
    <calculationArc xlink:type="arc" xlink:arcrole="http://www.xbrl.org/2003/arcrole/summation-item" xlink:from="us-gaap_NetCashProvidedByUsedInOperatingActivitiesContinuingOperations" xlink:to="us-gaap_Depreciation_635949475407197026" order="3" use="optional" weight="1" priority="1" />
    <loc xlink:type="locator" xlink:href="http://xbrl.fasb.org/us-gaap/2015/elts/us-gaap-2015-01-31.xsd#us-gaap_AmortizationOfIntangibleAssets" xlink:label="us-gaap_AmortizationOfIntangibleAssets_635949475407197026" />
    <calculationArc xlink:type="arc" xlink:arcrole="http://www.xbrl.org/2003/arcrole/summation-item" xlink:from="us-gaap_NetCashProvidedByUsedInOperatingActivitiesContinuingOperations" xlink:to="us-gaap_AmortizationOfIntangibleAssets_635949475407197026" order="4" use="optional" weight="1" priority="1" />
    <loc xlink:type="locator" xlink:href="mara-20151231.xsd#mara_DeemedSeriesDividendBeneficialConversion" xlink:label="mara_DeemedSeriesDividendBeneficialConversion_635949475407197026" />
    <calculationArc xlink:type="arc" xlink:arcrole="http://www.xbrl.org/2003/arcrole/summation-item" xlink:from="us-gaap_NetCashProvidedByUsedInOperatingActivitiesContinuingOperations" xlink:to="mara_DeemedSeriesDividendBeneficialConversion_635949475407197026" order="5" use="optional" weight="1" priority="1" />
    <loc xlink:type="locator" xlink:href="http://xbrl.fasb.org/us-gaap/2015/elts/us-gaap-2015-01-31.xsd#us-gaap_GainsLossesOnExtinguishmentOfDebt" xlink:label="us-gaap_GainsLossesOnExtinguishmentOfDebt_635949475407197026" />
    <calculationArc xlink:type="arc" xlink:arcrole="http://www.xbrl.org/2003/arcrole/summation-item" xlink:from="us-gaap_NetCashProvidedByUsedInOperatingActivitiesContinuingOperations" xlink:to="us-gaap_GainsLossesOnExtinguishmentOfDebt_635949475407197026" order="6" use="optional" weight="-1" priority="3" />
    <loc xlink:type="locator" xlink:href="http://xbrl.fasb.org/us-gaap/2015/elts/us-gaap-2015-01-31.xsd#us-gaap_ImpairmentOfIntangibleAssetsFinitelived" xlink:label="us-gaap_ImpairmentOfIntangibleAssetsFinitelived_635949475407197026" />
    <calculationArc xlink:type="arc" xlink:arcrole="http://www.xbrl.org/2003/arcrole/summation-item" xlink:from="us-gaap_NetCashProvidedByUsedInOperatingActivitiesContinuingOperations" xlink:to="us-gaap_ImpairmentOfIntangibleAssetsFinitelived_635949475407197026" order="7" use="optional" weight="1" priority="3" />
    <loc xlink:type="locator" xlink:href="http://xbrl.fasb.org/us-gaap/2015/elts/us-gaap-2015-01-31.xsd#us-gaap_GoodwillAndIntangibleAssetImpairment" xlink:label="us-gaap_GoodwillAndIntangibleAssetImpairment_635949475407197026" />
    <calculationArc xlink:type="arc" xlink:arcrole="http://www.xbrl.org/2003/arcrole/summation-item" xlink:from="us-gaap_NetCashProvidedByUsedInOperatingActivitiesContinuingOperations" xlink:to="us-gaap_GoodwillAndIntangibleAssetImpairment_635949475407197026" order="8" use="optional" weight="1" priority="2" />
    <loc xlink:type="locator" xlink:href="mara-20151231.xsd#mara_IncreaseDecreaseInDeferredTaxAssets" xlink:label="mara_IncreaseDecreaseInDeferredTaxAssets_635949475407197026" />
    <calculationArc xlink:type="arc" xlink:arcrole="http://www.xbrl.org/2003/arcrole/summation-item" xlink:from="us-gaap_NetCashProvidedByUsedInOperatingActivitiesContinuingOperations" xlink:to="mara_IncreaseDecreaseInDeferredTaxAssets_635949475407197026" order="9" use="optional" weight="-1" priority="3" />
    <loc xlink:type="locator" xlink:href="mara-20151231.xsd#mara_IncreaseDecreaseInDeferredTaxLiabilities" xlink:label="mara_IncreaseDecreaseInDeferredTaxLiabilities_635949475407197026" />
    <calculationArc xlink:type="arc" xlink:arcrole="http://www.xbrl.org/2003/arcrole/summation-item" xlink:from="us-gaap_NetCashProvidedByUsedInOperatingActivitiesContinuingOperations" xlink:to="mara_IncreaseDecreaseInDeferredTaxLiabilities_635949475407197026" order="10" use="optional" weight="1" priority="2" />
    <loc xlink:type="locator" xlink:href="http://xbrl.fasb.org/us-gaap/2015/elts/us-gaap-2015-01-31.xsd#us-gaap_IncreaseDecreaseInPrepaidDeferredExpenseAndOtherAssets" xlink:label="us-gaap_IncreaseDecreaseInPrepaidDeferredExpenseAndOtherAssets_635949475407197026" />
    <calculationArc xlink:type="arc" xlink:arcrole="http://www.xbrl.org/2003/arcrole/summation-item" xlink:from="us-gaap_NetCashProvidedByUsedInOperatingActivitiesContinuingOperations" xlink:to="us-gaap_IncreaseDecreaseInPrepaidDeferredExpenseAndOtherAssets_635949475407197026" order="11" use="optional" weight="-1" priority="3" />
    <loc xlink:type="locator" xlink:href="http://xbrl.fasb.org/us-gaap/2015/elts/us-gaap-2015-01-31.xsd#us-gaap_IncreaseDecreaseInAccountsPayableAndAccruedLiabilities" xlink:label="us-gaap_IncreaseDecreaseInAccountsPayableAndAccruedLiabilities_635949475407197026" />
    <calculationArc xlink:type="arc" xlink:arcrole="http://www.xbrl.org/2003/arcrole/summation-item" xlink:from="us-gaap_NetCashProvidedByUsedInOperatingActivitiesContinuingOperations" xlink:to="us-gaap_IncreaseDecreaseInAccountsPayableAndAccruedLiabilities_635949475407197026" order="12" use="optional" weight="1" priority="1" />
    <loc xlink:type="locator" xlink:href="http://xbrl.fasb.org/us-gaap/2015/elts/us-gaap-2015-01-31.xsd#us-gaap_IncreaseDecreaseInAccountsReceivable" xlink:label="us-gaap_IncreaseDecreaseInAccountsReceivable_635949475407197026" />
    <calculationArc xlink:type="arc" xlink:arcrole="http://www.xbrl.org/2003/arcrole/summation-item" xlink:from="us-gaap_NetCashProvidedByUsedInOperatingActivitiesContinuingOperations" xlink:to="us-gaap_IncreaseDecreaseInAccountsReceivable_635949475407197026" order="13" use="optional" weight="-1" priority="2" />
    <loc xlink:type="locator" xlink:href="http://xbrl.fasb.org/us-gaap/2015/elts/us-gaap-2015-01-31.xsd#us-gaap_OtherNoncashIncomeExpense" xlink:label="us-gaap_OtherNoncashIncomeExpense_635949475407197026" />
    <calculationArc xlink:type="arc" xlink:arcrole="http://www.xbrl.org/2003/arcrole/summation-item" xlink:from="us-gaap_NetCashProvidedByUsedInOperatingActivitiesContinuingOperations" xlink:to="us-gaap_OtherNoncashIncomeExpense_635949475407197026" order="14" use="optional" weight="-1" priority="3" />
    <loc xlink:type="locator" xlink:href="http://xbrl.fasb.org/us-gaap/2015/elts/us-gaap-2015-01-31.xsd#us-gaap_IssuanceOfStockAndWarrantsForServicesOrClaims" xlink:label="us-gaap_IssuanceOfStockAndWarrantsForServicesOrClaims_635949475407197026" />
    <calculationArc xlink:type="arc" xlink:arcrole="http://www.xbrl.org/2003/arcrole/summation-item" xlink:from="us-gaap_NetCashProvidedByUsedInOperatingActivitiesContinuingOperations" xlink:to="us-gaap_IssuanceOfStockAndWarrantsForServicesOrClaims_635949475407197026" order="15" use="optional" weight="1" priority="2" />
    <loc xlink:type="locator" xlink:href="http://xbrl.fasb.org/us-gaap/2015/elts/us-gaap-2015-01-31.xsd#us-gaap_GoodwillImpairmentLoss" xlink:label="us-gaap_GoodwillImpairmentLoss_635949475407197026" />
    <calculationArc xlink:type="arc" xlink:arcrole="http://www.xbrl.org/2003/arcrole/summation-item" xlink:from="us-gaap_NetCashProvidedByUsedInOperatingActivitiesContinuingOperations" xlink:to="us-gaap_GoodwillImpairmentLoss_635949475407197026" order="16" use="optional" weight="1" priority="2" />
    <loc xlink:type="locator" xlink:href="http://xbrl.fasb.org/us-gaap/2015/elts/us-gaap-2015-01-31.xsd#us-gaap_BusinessCombinationContingentConsiderationArrangementsChangeInAmountOfContingentConsiderationLiability1" xlink:label="us-gaap_BusinessCombinationContingentConsiderationArrangementsChangeInAmountOfContingentConsiderationLiability1_635949475407197026" />
    <calculationArc xlink:type="arc" xlink:arcrole="http://www.xbrl.org/2003/arcrole/summation-item" xlink:from="us-gaap_NetCashProvidedByUsedInOperatingActivitiesContinuingOperations" xlink:to="us-gaap_BusinessCombinationContingentConsiderationArrangementsChangeInAmountOfContingentConsiderationLiability1_635949475407197026" order="17" use="optional" weight="1" priority="4" />
  </calculationLink>
  <calculationLink xlink:role="http://marathonpg.com/role/DisclosureAcquisitionsDetails4" xlink:type="extended" xlink:title="40304 - Disclosure - ACQUISITIONS (Details4)" xmlns="http://www.xbrl.org/2003/linkbase">
    <loc xlink:type="locator" xlink:href="http://xbrl.fasb.org/us-gaap/2015/elts/us-gaap-2015-01-31.xsd#us-gaap_BusinessCombinationConsiderationTransferred1" xlink:label="us-gaap_BusinessCombinationConsiderationTransferred1" />
    <loc xlink:type="locator" xlink:href="http://xbrl.fasb.org/us-gaap/2015/elts/us-gaap-2015-01-31.xsd#us-gaap_BusinessCombinationConsiderationTransferredEquityInterestsIssuedAndIssuable" xlink:label="us-gaap_BusinessCombinationConsiderationTransferredEquityInterestsIssuedAndIssuable_635949475407197026" />
    <calculationArc xlink:type="arc" xlink:arcrole="http://www.xbrl.org/2003/arcrole/summation-item" xlink:from="us-gaap_BusinessCombinationConsiderationTransferred1" xlink:to="us-gaap_BusinessCombinationConsiderationTransferredEquityInterestsIssuedAndIssuable_635949475407197026" order="1" use="optional" weight="1" priority="2" />
    <loc xlink:type="locator" xlink:href="http://xbrl.fasb.org/us-gaap/2015/elts/us-gaap-2015-01-31.xsd#us-gaap_BusinessCombinationConsiderationTransferredLiabilitiesIncurred" xlink:label="us-gaap_BusinessCombinationConsiderationTransferredLiabilitiesIncurred_635949475407197026" />
    <calculationArc xlink:type="arc" xlink:arcrole="http://www.xbrl.org/2003/arcrole/summation-item" xlink:from="us-gaap_BusinessCombinationConsiderationTransferred1" xlink:to="us-gaap_BusinessCombinationConsiderationTransferredLiabilitiesIncurred_635949475407197026" order="2" use="optional" weight="1" priority="2" />
    <loc xlink:type="locator" xlink:href="http://xbrl.fasb.org/us-gaap/2015/elts/us-gaap-2015-01-31.xsd#us-gaap_BusinessCombinationConsiderationTransferredOther1" xlink:label="us-gaap_BusinessCombinationConsiderationTransferredOther1_635949475407197026" />
    <calculationArc xlink:type="arc" xlink:arcrole="http://www.xbrl.org/2003/arcrole/summation-item" xlink:from="us-gaap_BusinessCombinationConsiderationTransferred1" xlink:to="us-gaap_BusinessCombinationConsiderationTransferredOther1_635949475407197026" order="3" use="optional" weight="1" priority="2" />
    <loc xlink:type="locator" xlink:href="http://xbrl.fasb.org/us-gaap/2015/elts/us-gaap-2015-01-31.xsd#us-gaap_PaymentsToAcquireBusinessesGross" xlink:label="us-gaap_PaymentsToAcquireBusinessesGross_635949475407197026" />
    <calculationArc xlink:type="arc" xlink:arcrole="http://www.xbrl.org/2003/arcrole/summation-item" xlink:from="us-gaap_BusinessCombinationConsiderationTransferred1" xlink:to="us-gaap_PaymentsToAcquireBusinessesGross_635949475407197026" order="4" use="optional" weight="1" priority="2" />
    <loc xlink:type="locator" xlink:href="http://xbrl.fasb.org/us-gaap/2015/elts/us-gaap-2015-01-31.xsd#us-gaap_BusinessCombinationRecognizedIdentifiableAssetsAcquiredGoodwillAndLiabilitiesAssumedLessNoncontrollingInterest" xlink:label="us-gaap_BusinessCombinationRecognizedIdentifiableAssetsAcquiredGoodwillAndLiabilitiesAssumedLessNoncontrollingInterest" />
    <loc xlink:type="locator" xlink:href="http://xbrl.fasb.org/us-gaap/2015/elts/us-gaap-2015-01-31.xsd#us-gaap_Goodwill" xlink:label="us-gaap_Goodwill_635949475407197026" />
    <calculationArc xlink:type="arc" xlink:arcrole="http://www.xbrl.org/2003/arcrole/summation-item" xlink:from="us-gaap_BusinessCombinationRecognizedIdentifiableAssetsAcquiredGoodwillAndLiabilitiesAssumedLessNoncontrollingInterest" xlink:to="us-gaap_Goodwill_635949475407197026" order="1" use="optional" weight="1" priority="2" />
    <loc xlink:type="locator" xlink:href="http://xbrl.fasb.org/us-gaap/2015/elts/us-gaap-2015-01-31.xsd#us-gaap_IntangibleAssetsCurrent" xlink:label="us-gaap_IntangibleAssetsCurrent_635949475407197026" />
    <calculationArc xlink:type="arc" xlink:arcrole="http://www.xbrl.org/2003/arcrole/summation-item" xlink:from="us-gaap_BusinessCombinationRecognizedIdentifiableAssetsAcquiredGoodwillAndLiabilitiesAssumedLessNoncontrollingInterest" xlink:to="us-gaap_IntangibleAssetsCurrent_635949475407197026" order="2" use="optional" weight="1" priority="2" />
    <loc xlink:type="locator" xlink:href="http://xbrl.fasb.org/us-gaap/2015/elts/us-gaap-2015-01-31.xsd#us-gaap_BusinessCombinationRecognizedIdentifiableAssetsAcquiredAndLiabilitiesAssumedCashAndEquivalents" xlink:label="us-gaap_BusinessCombinationRecognizedIdentifiableAssetsAcquiredAndLiabilitiesAssumedCashAndEquivalents_635949475407197026" />
    <calculationArc xlink:type="arc" xlink:arcrole="http://www.xbrl.org/2003/arcrole/summation-item" xlink:from="us-gaap_BusinessCombinationRecognizedIdentifiableAssetsAcquiredGoodwillAndLiabilitiesAssumedLessNoncontrollingInterest" xlink:to="us-gaap_BusinessCombinationRecognizedIdentifiableAssetsAcquiredAndLiabilitiesAssumedCashAndEquivalents_635949475407197026" order="3" use="optional" weight="1" priority="2" />
  </calculationLink>
  <calculationLink xlink:role="http://marathonpg.com/role/DisclosureCommitmentsAndContingenciesDetails" xlink:type="extended" xlink:title="40701 - Disclosure - COMMITMENTS AND CONTINGENCIES (Details)" xmlns="http://www.xbrl.org/2003/linkbase">
    <loc xlink:type="locator" xlink:href="http://xbrl.fasb.org/us-gaap/2015/elts/us-gaap-2015-01-31.xsd#us-gaap_CapitalLeasesFutureMinimumPaymentsDue" xlink:label="us-gaap_CapitalLeasesFutureMinimumPaymentsDue" />
    <loc xlink:type="locator" xlink:href="http://xbrl.fasb.org/us-gaap/2015/elts/us-gaap-2015-01-31.xsd#us-gaap_CapitalLeasesFutureMinimumPaymentsDueCurrent" xlink:label="us-gaap_CapitalLeasesFutureMinimumPaymentsDueCurrent_635949475407197026" />
    <calculationArc xlink:type="arc" xlink:arcrole="http://www.xbrl.org/2003/arcrole/summation-item" xlink:from="us-gaap_CapitalLeasesFutureMinimumPaymentsDue" xlink:to="us-gaap_CapitalLeasesFutureMinimumPaymentsDueCurrent_635949475407197026" order="1" use="optional" weight="1" priority="2" />
    <loc xlink:type="locator" xlink:href="http://xbrl.fasb.org/us-gaap/2015/elts/us-gaap-2015-01-31.xsd#us-gaap_CapitalLeasesFutureMinimumPaymentsDueInTwoYears" xlink:label="us-gaap_CapitalLeasesFutureMinimumPaymentsDueInTwoYears_635949475407197026" />
    <calculationArc xlink:type="arc" xlink:arcrole="http://www.xbrl.org/2003/arcrole/summation-item" xlink:from="us-gaap_CapitalLeasesFutureMinimumPaymentsDue" xlink:to="us-gaap_CapitalLeasesFutureMinimumPaymentsDueInTwoYears_635949475407197026" order="2" use="optional" weight="1" priority="2" />
    <loc xlink:type="locator" xlink:href="http://xbrl.fasb.org/us-gaap/2015/elts/us-gaap-2015-01-31.xsd#us-gaap_CapitalLeasesFutureMinimumPaymentsDueInThreeYears" xlink:label="us-gaap_CapitalLeasesFutureMinimumPaymentsDueInThreeYears_635949475407197026" />
    <calculationArc xlink:type="arc" xlink:arcrole="http://www.xbrl.org/2003/arcrole/summation-item" xlink:from="us-gaap_CapitalLeasesFutureMinimumPaymentsDue" xlink:to="us-gaap_CapitalLeasesFutureMinimumPaymentsDueInThreeYears_635949475407197026" order="3" use="optional" weight="1" priority="2" />
    <loc xlink:type="locator" xlink:href="http://xbrl.fasb.org/us-gaap/2015/elts/us-gaap-2015-01-31.xsd#us-gaap_CapitalLeasesFutureMinimumPaymentsDueInFourYears" xlink:label="us-gaap_CapitalLeasesFutureMinimumPaymentsDueInFourYears_635949475407197026" />
    <calculationArc xlink:type="arc" xlink:arcrole="http://www.xbrl.org/2003/arcrole/summation-item" xlink:from="us-gaap_CapitalLeasesFutureMinimumPaymentsDue" xlink:to="us-gaap_CapitalLeasesFutureMinimumPaymentsDueInFourYears_635949475407197026" order="4" use="optional" weight="1" priority="2" />
    <loc xlink:type="locator" xlink:href="http://xbrl.fasb.org/us-gaap/2015/elts/us-gaap-2015-01-31.xsd#us-gaap_CapitalLeasesFutureMinimumPaymentsDueThereafter" xlink:label="us-gaap_CapitalLeasesFutureMinimumPaymentsDueThereafter_635949475407197026" />
    <calculationArc xlink:type="arc" xlink:arcrole="http://www.xbrl.org/2003/arcrole/summation-item" xlink:from="us-gaap_CapitalLeasesFutureMinimumPaymentsDue" xlink:to="us-gaap_CapitalLeasesFutureMinimumPaymentsDueThereafter_635949475407197026" order="5" use="optional" weight="1" priority="2" />
  </calculationLink>
  <calculationLink xlink:role="http://marathonpg.com/role/DisclosureIncomeTaxesCurrentAndDeferredProvisionBenefitDetails" xlink:type="extended" xlink:title="40801 - Disclosure - INCOME TAXES - Current and deferred provision (benefit) (Details)" xmlns="http://www.xbrl.org/2003/linkbase">
    <loc xlink:type="locator" xlink:href="mara-20151231.xsd#mara_IncomeTaxExpenseBenefitContinuing" xlink:label="mara_IncomeTaxExpenseBenefitContinuing" />
    <loc xlink:type="locator" xlink:href="http://xbrl.fasb.org/us-gaap/2015/elts/us-gaap-2015-01-31.xsd#us-gaap_CurrentIncomeTaxExpenseBenefit" xlink:label="us-gaap_CurrentIncomeTaxExpenseBenefit_635949475407197026" />
    <calculationArc xlink:type="arc" xlink:arcrole="http://www.xbrl.org/2003/arcrole/summation-item" xlink:from="mara_IncomeTaxExpenseBenefitContinuing" xlink:to="us-gaap_CurrentIncomeTaxExpenseBenefit_635949475407197026" order="1" use="optional" weight="1" priority="3" />
    <loc xlink:type="locator" xlink:href="http://xbrl.fasb.org/us-gaap/2015/elts/us-gaap-2015-01-31.xsd#us-gaap_CurrentFederalTaxExpenseBenefit" xlink:label="us-gaap_CurrentFederalTaxExpenseBenefit_635949475407197026" />
    <calculationArc xlink:type="arc" xlink:arcrole="http://www.xbrl.org/2003/arcrole/summation-item" xlink:from="us-gaap_CurrentIncomeTaxExpenseBenefit_635949475407197026" xlink:to="us-gaap_CurrentFederalTaxExpenseBenefit_635949475407197026" order="1" use="optional" weight="1" priority="3" />
    <loc xlink:type="locator" xlink:href="http://xbrl.fasb.org/us-gaap/2015/elts/us-gaap-2015-01-31.xsd#us-gaap_CurrentStateAndLocalTaxExpenseBenefit" xlink:label="us-gaap_CurrentStateAndLocalTaxExpenseBenefit_635949475407197026" />
    <calculationArc xlink:type="arc" xlink:arcrole="http://www.xbrl.org/2003/arcrole/summation-item" xlink:from="us-gaap_CurrentIncomeTaxExpenseBenefit_635949475407197026" xlink:to="us-gaap_CurrentStateAndLocalTaxExpenseBenefit_635949475407197026" order="2" use="optional" weight="1" priority="2" />
    <loc xlink:type="locator" xlink:href="http://xbrl.fasb.org/us-gaap/2015/elts/us-gaap-2015-01-31.xsd#us-gaap_DeferredIncomeTaxExpenseBenefit" xlink:label="us-gaap_DeferredIncomeTaxExpenseBenefit_635949475407197026" />
    <calculationArc xlink:type="arc" xlink:arcrole="http://www.xbrl.org/2003/arcrole/summation-item" xlink:from="mara_IncomeTaxExpenseBenefitContinuing" xlink:to="us-gaap_DeferredIncomeTaxExpenseBenefit_635949475407197026" order="2" use="optional" weight="1" priority="3" />
    <loc xlink:type="locator" xlink:href="http://xbrl.fasb.org/us-gaap/2015/elts/us-gaap-2015-01-31.xsd#us-gaap_DeferredFederalIncomeTaxExpenseBenefit" xlink:label="us-gaap_DeferredFederalIncomeTaxExpenseBenefit_635949475407197026" />
    <calculationArc xlink:type="arc" xlink:arcrole="http://www.xbrl.org/2003/arcrole/summation-item" xlink:from="us-gaap_DeferredIncomeTaxExpenseBenefit_635949475407197026" xlink:to="us-gaap_DeferredFederalIncomeTaxExpenseBenefit_635949475407197026" order="1" use="optional" weight="1" priority="2" />
    <loc xlink:type="locator" xlink:href="http://xbrl.fasb.org/us-gaap/2015/elts/us-gaap-2015-01-31.xsd#us-gaap_DeferredStateAndLocalIncomeTaxExpenseBenefit" xlink:label="us-gaap_DeferredStateAndLocalIncomeTaxExpenseBenefit_635949475407197026" />
    <calculationArc xlink:type="arc" xlink:arcrole="http://www.xbrl.org/2003/arcrole/summation-item" xlink:from="us-gaap_DeferredIncomeTaxExpenseBenefit_635949475407197026" xlink:to="us-gaap_DeferredStateAndLocalIncomeTaxExpenseBenefit_635949475407197026" order="2" use="optional" weight="1" priority="2" />
    <loc xlink:type="locator" xlink:href="http://xbrl.fasb.org/us-gaap/2015/elts/us-gaap-2015-01-31.xsd#us-gaap_DeferredForeignIncomeTaxExpenseBenefit" xlink:label="us-gaap_DeferredForeignIncomeTaxExpenseBenefit_635949475407197026" />
    <calculationArc xlink:type="arc" xlink:arcrole="http://www.xbrl.org/2003/arcrole/summation-item" xlink:from="us-gaap_DeferredIncomeTaxExpenseBenefit_635949475407197026" xlink:to="us-gaap_DeferredForeignIncomeTaxExpenseBenefit_635949475407197026" order="3" use="optional" weight="1" priority="2" />
  </calculationLink>
  <calculationLink xlink:role="http://marathonpg.com/role/DisclosureIncomeTaxesEffectiveTaxRateAndStatutoryFederalRateInDollarsDetails" xlink:type="extended" xlink:title="40802 - Disclosure - INCOME TAXES - Effective tax rate and statutory federal rate (in dollars) (Details)" xmlns="http://www.xbrl.org/2003/linkbase">
    <loc xlink:type="locator" xlink:href="mara-20151231.xsd#mara_IncomeTaxExpenseBenefitContinuing" xlink:label="mara_IncomeTaxExpenseBenefitContinuing" />
    <loc xlink:type="locator" xlink:href="http://xbrl.fasb.org/us-gaap/2015/elts/us-gaap-2015-01-31.xsd#us-gaap_IncomeTaxReconciliationTaxContingencies" xlink:label="us-gaap_IncomeTaxReconciliationTaxContingencies_635949475407197026" />
    <calculationArc xlink:type="arc" xlink:arcrole="http://www.xbrl.org/2003/arcrole/summation-item" xlink:from="mara_IncomeTaxExpenseBenefitContinuing" xlink:to="us-gaap_IncomeTaxReconciliationTaxContingencies_635949475407197026" order="1" use="optional" weight="1" priority="3" />
    <loc xlink:type="locator" xlink:href="http://xbrl.fasb.org/us-gaap/2015/elts/us-gaap-2015-01-31.xsd#us-gaap_IncomeTaxReconciliationStateAndLocalIncomeTaxes" xlink:label="us-gaap_IncomeTaxReconciliationStateAndLocalIncomeTaxes_635949475407197026" />
    <calculationArc xlink:type="arc" xlink:arcrole="http://www.xbrl.org/2003/arcrole/summation-item" xlink:from="mara_IncomeTaxExpenseBenefitContinuing" xlink:to="us-gaap_IncomeTaxReconciliationStateAndLocalIncomeTaxes_635949475407197026" order="2" use="optional" weight="1" priority="3" />
    <loc xlink:type="locator" xlink:href="http://xbrl.fasb.org/us-gaap/2015/elts/us-gaap-2015-01-31.xsd#us-gaap_IncomeTaxRateReconciliationDeductionsEmployeeStockOwnershipPlanDividends" xlink:label="us-gaap_IncomeTaxRateReconciliationDeductionsEmployeeStockOwnershipPlanDividends_635949475407197026" />
    <calculationArc xlink:type="arc" xlink:arcrole="http://www.xbrl.org/2003/arcrole/summation-item" xlink:from="mara_IncomeTaxExpenseBenefitContinuing" xlink:to="us-gaap_IncomeTaxRateReconciliationDeductionsEmployeeStockOwnershipPlanDividends_635949475407197026" order="3" use="optional" weight="-1" priority="3" />
    <loc xlink:type="locator" xlink:href="http://xbrl.fasb.org/us-gaap/2015/elts/us-gaap-2015-01-31.xsd#us-gaap_IncomeTaxReconciliationNondeductibleExpenseShareBasedCompensationCost" xlink:label="us-gaap_IncomeTaxReconciliationNondeductibleExpenseShareBasedCompensationCost_635949475407197026" />
    <calculationArc xlink:type="arc" xlink:arcrole="http://www.xbrl.org/2003/arcrole/summation-item" xlink:from="mara_IncomeTaxExpenseBenefitContinuing" xlink:to="us-gaap_IncomeTaxReconciliationNondeductibleExpenseShareBasedCompensationCost_635949475407197026" order="4" use="optional" weight="1" priority="3" />
    <loc xlink:type="locator" xlink:href="http://xbrl.fasb.org/us-gaap/2015/elts/us-gaap-2015-01-31.xsd#us-gaap_IncomeTaxReconciliationNondeductibleExpenseOther" xlink:label="us-gaap_IncomeTaxReconciliationNondeductibleExpenseOther_635949475407197026" />
    <calculationArc xlink:type="arc" xlink:arcrole="http://www.xbrl.org/2003/arcrole/summation-item" xlink:from="mara_IncomeTaxExpenseBenefitContinuing" xlink:to="us-gaap_IncomeTaxReconciliationNondeductibleExpenseOther_635949475407197026" order="5" use="optional" weight="1" priority="3" />
    <loc xlink:type="locator" xlink:href="http://xbrl.fasb.org/us-gaap/2015/elts/us-gaap-2015-01-31.xsd#us-gaap_ValuationAllowanceDeferredTaxAssetChangeInAmount" xlink:label="us-gaap_ValuationAllowanceDeferredTaxAssetChangeInAmount_635949475407197026" />
    <calculationArc xlink:type="arc" xlink:arcrole="http://www.xbrl.org/2003/arcrole/summation-item" xlink:from="mara_IncomeTaxExpenseBenefitContinuing" xlink:to="us-gaap_ValuationAllowanceDeferredTaxAssetChangeInAmount_635949475407197026" order="6" use="optional" weight="-1" priority="3" />
  </calculationLink>
  <calculationLink xlink:role="http://marathonpg.com/role/DisclosureIncomeTaxesEffectiveTaxRateAndStatutoryFederalRateInPercentDetails" xlink:type="extended" xlink:title="40803 - Disclosure - INCOME TAXES - Effective tax rate and statutory federal rate (in percent) (Details)" xmlns="http://www.xbrl.org/2003/linkbase">
    <loc xlink:type="locator" xlink:href="http://xbrl.fasb.org/us-gaap/2015/elts/us-gaap-2015-01-31.xsd#us-gaap_EffectiveIncomeTaxRateContinuingOperations" xlink:label="us-gaap_EffectiveIncomeTaxRateContinuingOperations" />
    <loc xlink:type="locator" xlink:href="http://xbrl.fasb.org/us-gaap/2015/elts/us-gaap-2015-01-31.xsd#us-gaap_EffectiveIncomeTaxRateReconciliationTaxContingenciesStateAndLocal" xlink:label="us-gaap_EffectiveIncomeTaxRateReconciliationTaxContingenciesStateAndLocal_635949475407197026" />
    <calculationArc xlink:type="arc" xlink:arcrole="http://www.xbrl.org/2003/arcrole/summation-item" xlink:from="us-gaap_EffectiveIncomeTaxRateContinuingOperations" xlink:to="us-gaap_EffectiveIncomeTaxRateReconciliationTaxContingenciesStateAndLocal_635949475407197026" order="1" use="optional" weight="1" priority="2" />
    <loc xlink:type="locator" xlink:href="http://xbrl.fasb.org/us-gaap/2015/elts/us-gaap-2015-01-31.xsd#us-gaap_EffectiveIncomeTaxRateReconciliationAtFederalStatutoryIncomeTaxRate" xlink:label="us-gaap_EffectiveIncomeTaxRateReconciliationAtFederalStatutoryIncomeTaxRate_635949475407197026" />
    <calculationArc xlink:type="arc" xlink:arcrole="http://www.xbrl.org/2003/arcrole/summation-item" xlink:from="us-gaap_EffectiveIncomeTaxRateContinuingOperations" xlink:to="us-gaap_EffectiveIncomeTaxRateReconciliationAtFederalStatutoryIncomeTaxRate_635949475407197026" order="2" use="optional" weight="1" priority="2" />
    <loc xlink:type="locator" xlink:href="http://xbrl.fasb.org/us-gaap/2015/elts/us-gaap-2015-01-31.xsd#us-gaap_EffectiveIncomeTaxRateReconciliationChangeInDeferredTaxAssetsValuationAllowance" xlink:label="us-gaap_EffectiveIncomeTaxRateReconciliationChangeInDeferredTaxAssetsValuationAllowance_635949475407197026" />
    <calculationArc xlink:type="arc" xlink:arcrole="http://www.xbrl.org/2003/arcrole/summation-item" xlink:from="us-gaap_EffectiveIncomeTaxRateContinuingOperations" xlink:to="us-gaap_EffectiveIncomeTaxRateReconciliationChangeInDeferredTaxAssetsValuationAllowance_635949475407197026" order="3" use="optional" weight="1" priority="2" />
    <loc xlink:type="locator" xlink:href="http://xbrl.fasb.org/us-gaap/2015/elts/us-gaap-2015-01-31.xsd#us-gaap_EffectiveIncomeTaxRateReconciliationChangeInEnactedTaxRate" xlink:label="us-gaap_EffectiveIncomeTaxRateReconciliationChangeInEnactedTaxRate_635949475407197026" />
    <calculationArc xlink:type="arc" xlink:arcrole="http://www.xbrl.org/2003/arcrole/summation-item" xlink:from="us-gaap_EffectiveIncomeTaxRateContinuingOperations" xlink:to="us-gaap_EffectiveIncomeTaxRateReconciliationChangeInEnactedTaxRate_635949475407197026" order="4" use="optional" weight="1" priority="2" />
  </calculationLink>
  <calculationLink xlink:role="http://marathonpg.com/role/DisclosureIncomeTaxesDeferredTaxAssetsDetails" xlink:type="extended" xlink:title="40804 - Disclosure - INCOME TAXES - Deferred tax assets (Details)" xmlns="http://www.xbrl.org/2003/linkbase">
    <loc xlink:type="locator" xlink:href="http://xbrl.fasb.org/us-gaap/2015/elts/us-gaap-2015-01-31.xsd#us-gaap_DeferredTaxAssetsLiabilitiesNet" xlink:label="us-gaap_DeferredTaxAssetsLiabilitiesNet" />
    <loc xlink:type="locator" xlink:href="http://xbrl.fasb.org/us-gaap/2015/elts/us-gaap-2015-01-31.xsd#us-gaap_DeferredTaxAssetsOperatingLossCarryforwards" xlink:label="us-gaap_DeferredTaxAssetsOperatingLossCarryforwards_635949475407197026" />
    <calculationArc xlink:type="arc" xlink:arcrole="http://www.xbrl.org/2003/arcrole/summation-item" xlink:from="us-gaap_DeferredTaxAssetsLiabilitiesNet" xlink:to="us-gaap_DeferredTaxAssetsOperatingLossCarryforwards_635949475407197026" order="1" use="optional" weight="1" priority="2" />
    <loc xlink:type="locator" xlink:href="http://xbrl.fasb.org/us-gaap/2015/elts/us-gaap-2015-01-31.xsd#us-gaap_DeferredTaxLiabilities" xlink:label="us-gaap_DeferredTaxLiabilities_635949475407197026" />
    <calculationArc xlink:type="arc" xlink:arcrole="http://www.xbrl.org/2003/arcrole/summation-item" xlink:from="us-gaap_DeferredTaxAssetsLiabilitiesNet" xlink:to="us-gaap_DeferredTaxLiabilities_635949475407197026" order="2" use="optional" weight="-1" priority="2" />
  </calculationLink>
</link:linkbase>