<?xml version="1.0" encoding="US-ASCII" standalone="no"?>
    <!-- Field: Doc-Info; Name: Generator; Value: GoFiler Complete; Version: 5.19b -->
    <!-- Field: Doc-Info; Name: VendorURI; Value: https://www.novaworks.com -->
    <!-- Field: Doc-Info; Name: Status; Value: 0x00000000 -->
<link:linkbase xmlns:xsi="http://www.w3.org/2001/XMLSchema-instance" xmlns:xlink="http://www.w3.org/1999/xlink" xmlns:link="http://www.xbrl.org/2003/linkbase" xmlns:xbrli="http://www.xbrl.org/2003/instance" xsi:schemaLocation="http://www.xbrl.org/2003/linkbase http://www.xbrl.org/2003/xbrl-linkbase-2003-12-31.xsd">
    <link:roleRef roleURI="http://marathondh.com/role/Cover" xlink:href="mara-20230630.xsd#Cover" xlink:type="simple" />
    <link:roleRef roleURI="http://marathondh.com/role/BalanceSheets" xlink:href="mara-20230630.xsd#BalanceSheets" xlink:type="simple" />
    <link:roleRef roleURI="http://marathondh.com/role/BalanceSheetsParenthetical" xlink:href="mara-20230630.xsd#BalanceSheetsParenthetical" xlink:type="simple" />
    <link:roleRef roleURI="http://marathondh.com/role/StatementsOfOperations" xlink:href="mara-20230630.xsd#StatementsOfOperations" xlink:type="simple" />
    <link:roleRef roleURI="http://marathondh.com/role/StatementsOfStockholdersEquityUnaudited" xlink:href="mara-20230630.xsd#StatementsOfStockholdersEquityUnaudited" xlink:type="simple" />
    <link:roleRef roleURI="http://marathondh.com/role/StatementsOfCashFlows" xlink:href="mara-20230630.xsd#StatementsOfCashFlows" xlink:type="simple" />
    <link:roleRef roleURI="http://marathondh.com/role/OrganizationAndDescriptionOfBusiness" xlink:href="mara-20230630.xsd#OrganizationAndDescriptionOfBusiness" xlink:type="simple" />
    <link:roleRef roleURI="http://marathondh.com/role/VoluntaryChangeInAccountingPrinciple" xlink:href="mara-20230630.xsd#VoluntaryChangeInAccountingPrinciple" xlink:type="simple" />
    <link:roleRef roleURI="http://marathondh.com/role/RestatementOfConsolidatedFinancialStatementsForQuartersEndedMarch312023AndMarch312022AndVoluntaryChangeInAccountingPrinciple" xlink:href="mara-20230630.xsd#RestatementOfConsolidatedFinancialStatementsForQuartersEndedMarch312023AndMarch312022AndVoluntaryChangeInAccountingPrinciple" xlink:type="simple" />
    <link:roleRef roleURI="http://marathondh.com/role/SummaryOfSignificantAccountingPolicies" xlink:href="mara-20230630.xsd#SummaryOfSignificantAccountingPolicies" xlink:type="simple" />
    <link:roleRef roleURI="http://marathondh.com/role/RevenueFromContractsWithCustomers" xlink:href="mara-20230630.xsd#RevenueFromContractsWithCustomers" xlink:type="simple" />
    <link:roleRef roleURI="http://marathondh.com/role/AdvancesToVendorsAndDeposits" xlink:href="mara-20230630.xsd#AdvancesToVendorsAndDeposits" xlink:type="simple" />
    <link:roleRef roleURI="http://marathondh.com/role/PropertyAndEquipment" xlink:href="mara-20230630.xsd#PropertyAndEquipment" xlink:type="simple" />
    <link:roleRef roleURI="http://marathondh.com/role/FairValueMeasurement" xlink:href="mara-20230630.xsd#FairValueMeasurement" xlink:type="simple" />
    <link:roleRef roleURI="http://marathondh.com/role/NetLossPerShare" xlink:href="mara-20230630.xsd#NetLossPerShare" xlink:type="simple" />
    <link:roleRef roleURI="http://marathondh.com/role/ComputeNorthBankruptcy" xlink:href="mara-20230630.xsd#ComputeNorthBankruptcy" xlink:type="simple" />
    <link:roleRef roleURI="http://marathondh.com/role/StockholdersEquity" xlink:href="mara-20230630.xsd#StockholdersEquity" xlink:type="simple" />
    <link:roleRef roleURI="http://marathondh.com/role/Debt" xlink:href="mara-20230630.xsd#Debt" xlink:type="simple" />
    <link:roleRef roleURI="http://marathondh.com/role/Leases" xlink:href="mara-20230630.xsd#Leases" xlink:type="simple" />
    <link:roleRef roleURI="http://marathondh.com/role/LegalProceedings" xlink:href="mara-20230630.xsd#LegalProceedings" xlink:type="simple" />
    <link:roleRef roleURI="http://marathondh.com/role/RelatedPartyTransactions" xlink:href="mara-20230630.xsd#RelatedPartyTransactions" xlink:type="simple" />
    <link:roleRef roleURI="http://marathondh.com/role/SubsequentEvents" xlink:href="mara-20230630.xsd#SubsequentEvents" xlink:type="simple" />
    <link:roleRef roleURI="http://marathondh.com/role/SummaryOfSignificantAccountingPoliciesPolicies" xlink:href="mara-20230630.xsd#SummaryOfSignificantAccountingPoliciesPolicies" xlink:type="simple" />
    <link:roleRef roleURI="http://marathondh.com/role/VoluntaryChangeInAccountingPrincipleTables" xlink:href="mara-20230630.xsd#VoluntaryChangeInAccountingPrincipleTables" xlink:type="simple" />
    <link:roleRef roleURI="http://marathondh.com/role/RestatementOfConsolidatedFinancialStatementsForQuartersEndedMarch312023AndMarch312022AndVoluntaryChangeInAccountingPrincipleTables" xlink:href="mara-20230630.xsd#RestatementOfConsolidatedFinancialStatementsForQuartersEndedMarch312023AndMarch312022AndVoluntaryChangeInAccountingPrincipleTables" xlink:type="simple" />
    <link:roleRef roleURI="http://marathondh.com/role/SummaryOfSignificantAccountingPoliciesTables" xlink:href="mara-20230630.xsd#SummaryOfSignificantAccountingPoliciesTables" xlink:type="simple" />
    <link:roleRef roleURI="http://marathondh.com/role/RevenueFromContractsWithCustomersTables" xlink:href="mara-20230630.xsd#RevenueFromContractsWithCustomersTables" xlink:type="simple" />
    <link:roleRef roleURI="http://marathondh.com/role/PropertyAndEquipmentTables" xlink:href="mara-20230630.xsd#PropertyAndEquipmentTables" xlink:type="simple" />
    <link:roleRef roleURI="http://marathondh.com/role/FairValueMeasurementTables" xlink:href="mara-20230630.xsd#FairValueMeasurementTables" xlink:type="simple" />
    <link:roleRef roleURI="http://marathondh.com/role/NetLossPerShareTables" xlink:href="mara-20230630.xsd#NetLossPerShareTables" xlink:type="simple" />
    <link:roleRef roleURI="http://marathondh.com/role/StockholdersEquityTables" xlink:href="mara-20230630.xsd#StockholdersEquityTables" xlink:type="simple" />
    <link:roleRef roleURI="http://marathondh.com/role/LeasesTables" xlink:href="mara-20230630.xsd#LeasesTables" xlink:type="simple" />
    <link:roleRef roleURI="http://marathondh.com/role/SubsequentEventsTables" xlink:href="mara-20230630.xsd#SubsequentEventsTables" xlink:type="simple" />
    <link:roleRef roleURI="http://marathondh.com/role/ScheduleOfVoluntaryChangeInAccountingPrincipleDetails" xlink:href="mara-20230630.xsd#ScheduleOfVoluntaryChangeInAccountingPrincipleDetails" xlink:type="simple" />
    <link:roleRef roleURI="http://marathondh.com/role/ScheduleOfReclassificationFromOperatingActivitiesToInvestingActivitiesDetails" xlink:href="mara-20230630.xsd#ScheduleOfReclassificationFromOperatingActivitiesToInvestingActivitiesDetails" xlink:type="simple" />
    <link:roleRef roleURI="http://marathondh.com/role/ScheduleOfChangeInAccountingPrincipleForCondensedConsolidatedBalanceSheetDetails" xlink:href="mara-20230630.xsd#ScheduleOfChangeInAccountingPrincipleForCondensedConsolidatedBalanceSheetDetails" xlink:type="simple" />
    <link:roleRef roleURI="http://marathondh.com/role/ScheduleOfChangeInAccountingPrincipleForCondensedConsolidatedStatementOfOperationsDetails" xlink:href="mara-20230630.xsd#ScheduleOfChangeInAccountingPrincipleForCondensedConsolidatedStatementOfOperationsDetails" xlink:type="simple" />
    <link:roleRef roleURI="http://marathondh.com/role/ScheduleOfChangeInAccountingPrincipleForCondensedConsolidatedStatementOfCashFlowsDetails" xlink:href="mara-20230630.xsd#ScheduleOfChangeInAccountingPrincipleForCondensedConsolidatedStatementOfCashFlowsDetails" xlink:type="simple" />
    <link:roleRef roleURI="http://marathondh.com/role/SummaryOfSignificantAccountingPoliciesDetailsNarrative" xlink:href="mara-20230630.xsd#SummaryOfSignificantAccountingPoliciesDetailsNarrative" xlink:type="simple" />
    <link:roleRef roleURI="http://marathondh.com/role/ScheduleOfCashCashEquivalentsAndRestrictedCashDetails" xlink:href="mara-20230630.xsd#ScheduleOfCashCashEquivalentsAndRestrictedCashDetails" xlink:type="simple" />
    <link:roleRef roleURI="http://marathondh.com/role/ScheduleOfActivityOfDigitalCurrenciesDetails" xlink:href="mara-20230630.xsd#ScheduleOfActivityOfDigitalCurrenciesDetails" xlink:type="simple" />
    <link:roleRef roleURI="http://marathondh.com/role/ScheduleOfDisaggregationOfRevenueDetails" xlink:href="mara-20230630.xsd#ScheduleOfDisaggregationOfRevenueDetails" xlink:type="simple" />
    <link:roleRef roleURI="http://marathondh.com/role/AdvancesToVendorsAndDepositsDetailsNarrative" xlink:href="mara-20230630.xsd#AdvancesToVendorsAndDepositsDetailsNarrative" xlink:type="simple" />
    <link:roleRef roleURI="http://marathondh.com/role/ScheduleOfComponentsOfPropertyAndEquipmentDetails" xlink:href="mara-20230630.xsd#ScheduleOfComponentsOfPropertyAndEquipmentDetails" xlink:type="simple" />
    <link:roleRef roleURI="http://marathondh.com/role/PropertyAndEquipmentDetailsNarrative" xlink:href="mara-20230630.xsd#PropertyAndEquipmentDetailsNarrative" xlink:type="simple" />
    <link:roleRef roleURI="http://marathondh.com/role/FairValueMeasurementDetailsNarrative" xlink:href="mara-20230630.xsd#FairValueMeasurementDetailsNarrative" xlink:type="simple" />
    <link:roleRef roleURI="http://marathondh.com/role/ScheduleOfAssetsAndLiabilitiesMeasuredAtFairValueOnRecurringBasisDetails" xlink:href="mara-20230630.xsd#ScheduleOfAssetsAndLiabilitiesMeasuredAtFairValueOnRecurringBasisDetails" xlink:type="simple" />
    <link:roleRef roleURI="http://marathondh.com/role/ScheduleOfAssetsAndLiabilitiesMeasuredAtFairValueOnRecurringBasisDetailsParentetical" xlink:href="mara-20230630.xsd#ScheduleOfAssetsAndLiabilitiesMeasuredAtFairValueOnRecurringBasisDetailsParentetical" xlink:type="simple" />
    <link:roleRef roleURI="http://marathondh.com/role/ScheduleOfAssetsAndLiabilitiesMeasuredAtFairValueOnNon-recurringBasisDetails" xlink:href="mara-20230630.xsd#ScheduleOfAssetsAndLiabilitiesMeasuredAtFairValueOnNon-recurringBasisDetails" xlink:type="simple" />
    <link:roleRef roleURI="http://marathondh.com/role/ScheduleOfAssetsAndLiabilitiesMeasuredAtFairValueOnNon-recurringBasisDetailsParenthetical" xlink:href="mara-20230630.xsd#ScheduleOfAssetsAndLiabilitiesMeasuredAtFairValueOnNon-recurringBasisDetailsParenthetical" xlink:type="simple" />
    <link:roleRef roleURI="http://marathondh.com/role/ScheduleOfAntidilutiveSecuritiesExcludedFromComputationOfEarningsPerShareDetails" xlink:href="mara-20230630.xsd#ScheduleOfAntidilutiveSecuritiesExcludedFromComputationOfEarningsPerShareDetails" xlink:type="simple" />
    <link:roleRef roleURI="http://marathondh.com/role/ScheduleOfComputationOfBasicAndDilutedLossPerShareDetails" xlink:href="mara-20230630.xsd#ScheduleOfComputationOfBasicAndDilutedLossPerShareDetails" xlink:type="simple" />
    <link:roleRef roleURI="http://marathondh.com/role/ComputeNorthBankruptcyDetailsNarrative" xlink:href="mara-20230630.xsd#ComputeNorthBankruptcyDetailsNarrative" xlink:type="simple" />
    <link:roleRef roleURI="http://marathondh.com/role/StockholdersEquityDetailsNarrative" xlink:href="mara-20230630.xsd#StockholdersEquityDetailsNarrative" xlink:type="simple" />
    <link:roleRef roleURI="http://marathondh.com/role/SummaryOfOutstandingStockWarrantsDetails" xlink:href="mara-20230630.xsd#SummaryOfOutstandingStockWarrantsDetails" xlink:type="simple" />
    <link:roleRef roleURI="http://marathondh.com/role/SummaryOfRestrictedStockAwardActivityDetails" xlink:href="mara-20230630.xsd#SummaryOfRestrictedStockAwardActivityDetails" xlink:type="simple" />
    <link:roleRef roleURI="http://marathondh.com/role/DebtDetailsNarrative" xlink:href="mara-20230630.xsd#DebtDetailsNarrative" xlink:type="simple" />
    <link:roleRef roleURI="http://marathondh.com/role/LeasesDetailsNarrative" xlink:href="mara-20230630.xsd#LeasesDetailsNarrative" xlink:type="simple" />
    <link:roleRef roleURI="http://marathondh.com/role/ScheduleOfComponentsOfLeaseCostDetails" xlink:href="mara-20230630.xsd#ScheduleOfComponentsOfLeaseCostDetails" xlink:type="simple" />
    <link:roleRef roleURI="http://marathondh.com/role/SummaryOfMinimumLeasePaymentsDetails" xlink:href="mara-20230630.xsd#SummaryOfMinimumLeasePaymentsDetails" xlink:type="simple" />
    <link:roleRef roleURI="http://marathondh.com/role/ScheduleOfLeaseLiabilityMaturityDetails" xlink:href="mara-20230630.xsd#ScheduleOfLeaseLiabilityMaturityDetails" xlink:type="simple" />
    <link:roleRef roleURI="http://marathondh.com/role/LegalProceedingsDetailsNarrative" xlink:href="mara-20230630.xsd#LegalProceedingsDetailsNarrative" xlink:type="simple" />
    <link:roleRef roleURI="http://marathondh.com/role/RelatedPartyTransactionsDetailsNarrative" xlink:href="mara-20230630.xsd#RelatedPartyTransactionsDetailsNarrative" xlink:type="simple" />
    <link:roleRef roleURI="http://marathondh.com/role/SubsequentEventsDetailsNarrative" xlink:href="mara-20230630.xsd#SubsequentEventsDetailsNarrative" xlink:type="simple" />
    <link:roleRef roleURI="http://marathondh.com/role/ScheduleOfVotesCastDetails" xlink:href="mara-20230630.xsd#ScheduleOfVotesCastDetails" xlink:type="simple" />
    <link:calculationLink xlink:type="extended" xlink:role="http://marathondh.com/role/Cover" xlink:title="00000001 - Document - Cover" />
    <link:calculationLink xlink:type="extended" xlink:role="http://marathondh.com/role/BalanceSheets" xlink:title="00000002 - Statement - Condensed Consolidated Balance Sheets">
      <link:loc xlink:type="locator" xlink:href="https://xbrl.fasb.org/us-gaap/2023/elts/us-gaap-2023.xsd#us-gaap_AssetsCurrent" xlink:label="loc_us-gaapAssetsCurrent" />
      <link:loc xlink:type="locator" xlink:href="https://xbrl.fasb.org/us-gaap/2023/elts/us-gaap-2023.xsd#us-gaap_CashAndCashEquivalentsAtCarryingValue" xlink:label="loc_us-gaapCashAndCashEquivalentsAtCarryingValue" />
      <link:calculationArc order="1" xlink:arcrole="http://www.xbrl.org/2003/arcrole/summation-item" xlink:from="loc_us-gaapAssetsCurrent" xlink:to="loc_us-gaapCashAndCashEquivalentsAtCarryingValue" xlink:type="arc" weight="1" />
      <link:loc xlink:type="locator" xlink:href="https://xbrl.fasb.org/us-gaap/2023/elts/us-gaap-2023.xsd#us-gaap_RestrictedCash" xlink:label="loc_us-gaapRestrictedCash" />
      <link:calculationArc order="2" xlink:arcrole="http://www.xbrl.org/2003/arcrole/summation-item" xlink:from="loc_us-gaapAssetsCurrent" xlink:to="loc_us-gaapRestrictedCash" xlink:type="arc" weight="1" />
      <link:loc xlink:type="locator" xlink:href="mara-20230630.xsd#MARA_DigitalAssets" xlink:label="loc_MARADigitalAssets" />
      <link:calculationArc order="3" xlink:arcrole="http://www.xbrl.org/2003/arcrole/summation-item" xlink:from="loc_us-gaapAssetsCurrent" xlink:to="loc_MARADigitalAssets" xlink:type="arc" weight="1" />
      <link:loc xlink:type="locator" xlink:href="https://xbrl.fasb.org/us-gaap/2023/elts/us-gaap-2023.xsd#us-gaap_OtherReceivablesNetCurrent" xlink:label="loc_us-gaapOtherReceivablesNetCurrent" />
      <link:calculationArc order="4" xlink:arcrole="http://www.xbrl.org/2003/arcrole/summation-item" xlink:from="loc_us-gaapAssetsCurrent" xlink:to="loc_us-gaapOtherReceivablesNetCurrent" xlink:type="arc" weight="1" />
      <link:loc xlink:type="locator" xlink:href="https://xbrl.fasb.org/us-gaap/2023/elts/us-gaap-2023.xsd#us-gaap_DepositsAssetsCurrent" xlink:label="loc_us-gaapDepositsAssetsCurrent" />
      <link:calculationArc order="5" xlink:arcrole="http://www.xbrl.org/2003/arcrole/summation-item" xlink:from="loc_us-gaapAssetsCurrent" xlink:to="loc_us-gaapDepositsAssetsCurrent" xlink:type="arc" weight="1" />
      <link:loc xlink:type="locator" xlink:href="https://xbrl.fasb.org/us-gaap/2023/elts/us-gaap-2023.xsd#us-gaap_PrepaidExpenseAndOtherAssetsCurrent" xlink:label="loc_us-gaapPrepaidExpenseAndOtherAssetsCurrent" />
      <link:calculationArc order="6" xlink:arcrole="http://www.xbrl.org/2003/arcrole/summation-item" xlink:from="loc_us-gaapAssetsCurrent" xlink:to="loc_us-gaapPrepaidExpenseAndOtherAssetsCurrent" xlink:type="arc" weight="1" />
      <link:loc xlink:type="locator" xlink:href="https://xbrl.fasb.org/us-gaap/2023/elts/us-gaap-2023.xsd#us-gaap_AssetsNoncurrent" xlink:label="loc_us-gaapAssetsNoncurrent" />
      <link:loc xlink:type="locator" xlink:href="https://xbrl.fasb.org/us-gaap/2023/elts/us-gaap-2023.xsd#us-gaap_PropertyPlantAndEquipmentNet" xlink:label="loc_us-gaapPropertyPlantAndEquipmentNet" />
      <link:calculationArc order="1" xlink:arcrole="http://www.xbrl.org/2003/arcrole/summation-item" xlink:from="loc_us-gaapAssetsNoncurrent" xlink:to="loc_us-gaapPropertyPlantAndEquipmentNet" xlink:type="arc" weight="1" />
      <link:loc xlink:type="locator" xlink:href="https://xbrl.fasb.org/us-gaap/2023/elts/us-gaap-2023.xsd#us-gaap_AdvancesToAffiliate" xlink:label="loc_us-gaapAdvancesToAffiliate" />
      <link:calculationArc order="2" xlink:arcrole="http://www.xbrl.org/2003/arcrole/summation-item" xlink:from="loc_us-gaapAssetsNoncurrent" xlink:to="loc_us-gaapAdvancesToAffiliate" xlink:type="arc" weight="1" />
      <link:loc xlink:type="locator" xlink:href="https://xbrl.fasb.org/us-gaap/2023/elts/us-gaap-2023.xsd#us-gaap_Investments" xlink:label="loc_us-gaapInvestments" />
      <link:calculationArc order="3" xlink:arcrole="http://www.xbrl.org/2003/arcrole/summation-item" xlink:from="loc_us-gaapAssetsNoncurrent" xlink:to="loc_us-gaapInvestments" xlink:type="arc" weight="1" />
      <link:loc xlink:type="locator" xlink:href="https://xbrl.fasb.org/us-gaap/2023/elts/us-gaap-2023.xsd#us-gaap_DepositsAssetsNoncurrent" xlink:label="loc_us-gaapDepositsAssetsNoncurrent" />
      <link:calculationArc order="4" xlink:arcrole="http://www.xbrl.org/2003/arcrole/summation-item" xlink:from="loc_us-gaapAssetsNoncurrent" xlink:to="loc_us-gaapDepositsAssetsNoncurrent" xlink:type="arc" weight="1" />
      <link:loc xlink:type="locator" xlink:href="https://xbrl.fasb.org/us-gaap/2023/elts/us-gaap-2023.xsd#us-gaap_PrepaidExpenseNoncurrent" xlink:label="loc_us-gaapPrepaidExpenseNoncurrent" />
      <link:calculationArc order="5" xlink:arcrole="http://www.xbrl.org/2003/arcrole/summation-item" xlink:from="loc_us-gaapAssetsNoncurrent" xlink:to="loc_us-gaapPrepaidExpenseNoncurrent" xlink:type="arc" weight="1" />
      <link:loc xlink:type="locator" xlink:href="https://xbrl.fasb.org/us-gaap/2023/elts/us-gaap-2023.xsd#us-gaap_OperatingLeaseRightOfUseAsset" xlink:label="loc_us-gaapOperatingLeaseRightOfUseAsset" />
      <link:calculationArc order="6" xlink:arcrole="http://www.xbrl.org/2003/arcrole/summation-item" xlink:from="loc_us-gaapAssetsNoncurrent" xlink:to="loc_us-gaapOperatingLeaseRightOfUseAsset" xlink:type="arc" weight="1" />
      <link:loc xlink:type="locator" xlink:href="mara-20230630.xsd#MARA_DigitalAssetsRestricted" xlink:label="loc_MARADigitalAssetsRestricted" />
      <link:calculationArc order="7" xlink:arcrole="http://www.xbrl.org/2003/arcrole/summation-item" xlink:from="loc_us-gaapAssetsNoncurrent" xlink:to="loc_MARADigitalAssetsRestricted" xlink:type="arc" weight="1" />
      <link:loc xlink:type="locator" xlink:href="https://xbrl.fasb.org/us-gaap/2023/elts/us-gaap-2023.xsd#us-gaap_Assets" xlink:label="loc_us-gaapAssets" />
      <link:calculationArc order="1" xlink:arcrole="http://www.xbrl.org/2003/arcrole/summation-item" xlink:from="loc_us-gaapAssets" xlink:to="loc_us-gaapAssetsCurrent" xlink:type="arc" weight="1" />
      <link:calculationArc order="2" xlink:arcrole="http://www.xbrl.org/2003/arcrole/summation-item" xlink:from="loc_us-gaapAssets" xlink:to="loc_us-gaapAssetsNoncurrent" xlink:type="arc" weight="1" />
      <link:loc xlink:type="locator" xlink:href="https://xbrl.fasb.org/us-gaap/2023/elts/us-gaap-2023.xsd#us-gaap_LiabilitiesCurrent" xlink:label="loc_us-gaapLiabilitiesCurrent" />
      <link:loc xlink:type="locator" xlink:href="https://xbrl.fasb.org/us-gaap/2023/elts/us-gaap-2023.xsd#us-gaap_AccountsPayableCurrent" xlink:label="loc_us-gaapAccountsPayableCurrent" />
      <link:calculationArc order="1" xlink:arcrole="http://www.xbrl.org/2003/arcrole/summation-item" xlink:from="loc_us-gaapLiabilitiesCurrent" xlink:to="loc_us-gaapAccountsPayableCurrent" xlink:type="arc" weight="1" />
      <link:loc xlink:type="locator" xlink:href="https://xbrl.fasb.org/us-gaap/2023/elts/us-gaap-2023.xsd#us-gaap_AccruedLiabilitiesCurrent" xlink:label="loc_us-gaapAccruedLiabilitiesCurrent" />
      <link:calculationArc order="2" xlink:arcrole="http://www.xbrl.org/2003/arcrole/summation-item" xlink:from="loc_us-gaapLiabilitiesCurrent" xlink:to="loc_us-gaapAccruedLiabilitiesCurrent" xlink:type="arc" weight="1" />
      <link:loc xlink:type="locator" xlink:href="https://xbrl.fasb.org/us-gaap/2023/elts/us-gaap-2023.xsd#us-gaap_LitigationReserveCurrent" xlink:label="loc_us-gaapLitigationReserveCurrent" />
      <link:calculationArc order="3" xlink:arcrole="http://www.xbrl.org/2003/arcrole/summation-item" xlink:from="loc_us-gaapLiabilitiesCurrent" xlink:to="loc_us-gaapLitigationReserveCurrent" xlink:type="arc" weight="1" />
      <link:loc xlink:type="locator" xlink:href="https://xbrl.fasb.org/us-gaap/2023/elts/us-gaap-2023.xsd#us-gaap_OperatingLeaseLiabilityCurrent" xlink:label="loc_us-gaapOperatingLeaseLiabilityCurrent" />
      <link:calculationArc order="4" xlink:arcrole="http://www.xbrl.org/2003/arcrole/summation-item" xlink:from="loc_us-gaapLiabilitiesCurrent" xlink:to="loc_us-gaapOperatingLeaseLiabilityCurrent" xlink:type="arc" weight="1" />
      <link:loc xlink:type="locator" xlink:href="https://xbrl.fasb.org/us-gaap/2023/elts/us-gaap-2023.xsd#us-gaap_InterestPayableCurrent" xlink:label="loc_us-gaapInterestPayableCurrent" />
      <link:calculationArc order="5" xlink:arcrole="http://www.xbrl.org/2003/arcrole/summation-item" xlink:from="loc_us-gaapLiabilitiesCurrent" xlink:to="loc_us-gaapInterestPayableCurrent" xlink:type="arc" weight="1" />
      <link:loc xlink:type="locator" xlink:href="https://xbrl.fasb.org/us-gaap/2023/elts/us-gaap-2023.xsd#us-gaap_LiabilitiesNoncurrent" xlink:label="loc_us-gaapLiabilitiesNoncurrent" />
      <link:loc xlink:type="locator" xlink:href="https://xbrl.fasb.org/us-gaap/2023/elts/us-gaap-2023.xsd#us-gaap_LongTermNotesPayable" xlink:label="loc_us-gaapLongTermNotesPayable" />
      <link:calculationArc order="1" xlink:arcrole="http://www.xbrl.org/2003/arcrole/summation-item" xlink:from="loc_us-gaapLiabilitiesNoncurrent" xlink:to="loc_us-gaapLongTermNotesPayable" xlink:type="arc" weight="1" />
      <link:loc xlink:type="locator" xlink:href="https://xbrl.fasb.org/us-gaap/2023/elts/us-gaap-2023.xsd#us-gaap_LongTermLoansPayable" xlink:label="loc_us-gaapLongTermLoansPayable" />
      <link:calculationArc order="2" xlink:arcrole="http://www.xbrl.org/2003/arcrole/summation-item" xlink:from="loc_us-gaapLiabilitiesNoncurrent" xlink:to="loc_us-gaapLongTermLoansPayable" xlink:type="arc" weight="1" />
      <link:loc xlink:type="locator" xlink:href="https://xbrl.fasb.org/us-gaap/2023/elts/us-gaap-2023.xsd#us-gaap_OperatingLeaseLiabilityNoncurrent" xlink:label="loc_us-gaapOperatingLeaseLiabilityNoncurrent" />
      <link:calculationArc order="3" xlink:arcrole="http://www.xbrl.org/2003/arcrole/summation-item" xlink:from="loc_us-gaapLiabilitiesNoncurrent" xlink:to="loc_us-gaapOperatingLeaseLiabilityNoncurrent" xlink:type="arc" weight="1" />
      <link:loc xlink:type="locator" xlink:href="https://xbrl.fasb.org/us-gaap/2023/elts/us-gaap-2023.xsd#us-gaap_StockholdersEquity" xlink:label="loc_us-gaapStockholdersEquity" />
      <link:loc xlink:type="locator" xlink:href="https://xbrl.fasb.org/us-gaap/2023/elts/us-gaap-2023.xsd#us-gaap_CommonStockValue" xlink:label="loc_us-gaapCommonStockValue" />
      <link:calculationArc order="1" xlink:arcrole="http://www.xbrl.org/2003/arcrole/summation-item" xlink:from="loc_us-gaapStockholdersEquity" xlink:to="loc_us-gaapCommonStockValue" xlink:type="arc" weight="1" />
      <link:loc xlink:type="locator" xlink:href="https://xbrl.fasb.org/us-gaap/2023/elts/us-gaap-2023.xsd#us-gaap_AdditionalPaidInCapital" xlink:label="loc_us-gaapAdditionalPaidInCapital" />
      <link:calculationArc order="2" xlink:arcrole="http://www.xbrl.org/2003/arcrole/summation-item" xlink:from="loc_us-gaapStockholdersEquity" xlink:to="loc_us-gaapAdditionalPaidInCapital" xlink:type="arc" weight="1" />
      <link:loc xlink:type="locator" xlink:href="https://xbrl.fasb.org/us-gaap/2023/elts/us-gaap-2023.xsd#us-gaap_RetainedEarningsAccumulatedDeficit" xlink:label="loc_us-gaapRetainedEarningsAccumulatedDeficit" />
      <link:calculationArc order="3" xlink:arcrole="http://www.xbrl.org/2003/arcrole/summation-item" xlink:from="loc_us-gaapStockholdersEquity" xlink:to="loc_us-gaapRetainedEarningsAccumulatedDeficit" xlink:type="arc" weight="1" />
      <link:loc xlink:type="locator" xlink:href="https://xbrl.fasb.org/us-gaap/2023/elts/us-gaap-2023.xsd#us-gaap_LiabilitiesAndStockholdersEquity" xlink:label="loc_us-gaapLiabilitiesAndStockholdersEquity" />
      <link:calculationArc order="1" xlink:arcrole="http://www.xbrl.org/2003/arcrole/summation-item" xlink:from="loc_us-gaapLiabilitiesAndStockholdersEquity" xlink:to="loc_us-gaapLiabilitiesCurrent" xlink:type="arc" weight="1" />
      <link:calculationArc order="2" xlink:arcrole="http://www.xbrl.org/2003/arcrole/summation-item" xlink:from="loc_us-gaapLiabilitiesAndStockholdersEquity" xlink:to="loc_us-gaapLiabilitiesNoncurrent" xlink:type="arc" weight="1" />
      <link:loc xlink:type="locator" xlink:href="https://xbrl.fasb.org/us-gaap/2023/elts/us-gaap-2023.xsd#us-gaap_TemporaryEquityCarryingAmountAttributableToParent" xlink:label="loc_us-gaapTemporaryEquityCarryingAmountAttributableToParent" />
      <link:calculationArc order="3" xlink:arcrole="http://www.xbrl.org/2003/arcrole/summation-item" xlink:from="loc_us-gaapLiabilitiesAndStockholdersEquity" xlink:to="loc_us-gaapTemporaryEquityCarryingAmountAttributableToParent" xlink:type="arc" weight="1" />
      <link:calculationArc order="4" xlink:arcrole="http://www.xbrl.org/2003/arcrole/summation-item" xlink:from="loc_us-gaapLiabilitiesAndStockholdersEquity" xlink:to="loc_us-gaapStockholdersEquity" xlink:type="arc" weight="1" />
    </link:calculationLink>
    <link:calculationLink xlink:type="extended" xlink:role="http://marathondh.com/role/BalanceSheetsParenthetical" xlink:title="00000003 - Statement - Condensed Consolidated Balance Sheets (Parenthetical)" />
    <link:calculationLink xlink:type="extended" xlink:role="http://marathondh.com/role/StatementsOfOperations" xlink:title="00000004 - Statement - Condensed Consolidated Statements of Operations (Unaudited)">
      <link:loc xlink:type="locator" xlink:href="https://xbrl.fasb.org/us-gaap/2023/elts/us-gaap-2023.xsd#us-gaap_CostOfGoodsAndServicesSold" xlink:label="loc_us-gaapCostOfGoodsAndServicesSold" />
      <link:loc xlink:type="locator" xlink:href="mara-20230630.xsd#MARA_CostOfGoodsAndServicesEnergyHostingAndOther" xlink:label="loc_MARACostOfGoodsAndServicesEnergyHostingAndOther" />
      <link:calculationArc order="1" xlink:arcrole="http://www.xbrl.org/2003/arcrole/summation-item" xlink:from="loc_us-gaapCostOfGoodsAndServicesSold" xlink:to="loc_MARACostOfGoodsAndServicesEnergyHostingAndOther" xlink:type="arc" weight="1" />
      <link:loc xlink:type="locator" xlink:href="https://xbrl.fasb.org/us-gaap/2023/elts/us-gaap-2023.xsd#us-gaap_CostOfGoodsAndServicesSoldDepreciationAndAmortization" xlink:label="loc_us-gaapCostOfGoodsAndServicesSoldDepreciationAndAmortization" />
      <link:calculationArc order="2" xlink:arcrole="http://www.xbrl.org/2003/arcrole/summation-item" xlink:from="loc_us-gaapCostOfGoodsAndServicesSold" xlink:to="loc_us-gaapCostOfGoodsAndServicesSoldDepreciationAndAmortization" xlink:type="arc" weight="1" />
      <link:loc xlink:type="locator" xlink:href="https://xbrl.fasb.org/us-gaap/2023/elts/us-gaap-2023.xsd#us-gaap_OperatingExpenses" xlink:label="loc_us-gaapOperatingExpenses" />
      <link:loc xlink:type="locator" xlink:href="https://xbrl.fasb.org/us-gaap/2023/elts/us-gaap-2023.xsd#us-gaap_GeneralAndAdministrativeExpense" xlink:label="loc_us-gaapGeneralAndAdministrativeExpense" />
      <link:calculationArc order="1" xlink:arcrole="http://www.xbrl.org/2003/arcrole/summation-item" xlink:from="loc_us-gaapOperatingExpenses" xlink:to="loc_us-gaapGeneralAndAdministrativeExpense" xlink:type="arc" weight="1" />
      <link:loc xlink:type="locator" xlink:href="https://xbrl.fasb.org/us-gaap/2023/elts/us-gaap-2023.xsd#us-gaap_ImpairmentOfLongLivedAssetsHeldForUse" xlink:label="loc_us-gaapImpairmentOfLongLivedAssetsHeldForUse" />
      <link:calculationArc order="2" xlink:arcrole="http://www.xbrl.org/2003/arcrole/summation-item" xlink:from="loc_us-gaapOperatingExpenses" xlink:to="loc_us-gaapImpairmentOfLongLivedAssetsHeldForUse" xlink:type="arc" weight="1" />
      <link:loc xlink:type="locator" xlink:href="https://xbrl.fasb.org/us-gaap/2023/elts/us-gaap-2023.xsd#us-gaap_ImpairmentOfIntangibleAssetsFinitelived" xlink:label="loc_us-gaapImpairmentOfIntangibleAssetsFinitelived" />
      <link:calculationArc order="3" xlink:arcrole="http://www.xbrl.org/2003/arcrole/summation-item" xlink:from="loc_us-gaapOperatingExpenses" xlink:to="loc_us-gaapImpairmentOfIntangibleAssetsFinitelived" xlink:type="arc" weight="1" />
      <link:loc xlink:type="locator" xlink:href="mara-20230630.xsd#MARA_GainsOnDigitalAssetsAndLossesOnDigitalAssetsLoanReceivable" xlink:label="loc_MARAGainsOnDigitalAssetsAndLossesOnDigitalAssetsLoanReceivable" />
      <link:calculationArc order="4" xlink:arcrole="http://www.xbrl.org/2003/arcrole/summation-item" xlink:from="loc_us-gaapOperatingExpenses" xlink:to="loc_MARAGainsOnDigitalAssetsAndLossesOnDigitalAssetsLoanReceivable" xlink:type="arc" weight="-1" />
      <link:loc xlink:type="locator" xlink:href="https://xbrl.fasb.org/us-gaap/2023/elts/us-gaap-2023.xsd#us-gaap_GainLossOnSaleOfPropertyPlantEquipment" xlink:label="loc_us-gaapGainLossOnSaleOfPropertyPlantEquipment" />
      <link:calculationArc order="5" xlink:arcrole="http://www.xbrl.org/2003/arcrole/summation-item" xlink:from="loc_us-gaapOperatingExpenses" xlink:to="loc_us-gaapGainLossOnSaleOfPropertyPlantEquipment" xlink:type="arc" weight="-1" />
      <link:loc xlink:type="locator" xlink:href="mara-20230630.xsd#MARA_GainsLossesOnDigitalAssetsHeldWithinInvestmentFund" xlink:label="loc_MARAGainsLossesOnDigitalAssetsHeldWithinInvestmentFund" />
      <link:calculationArc order="6" xlink:arcrole="http://www.xbrl.org/2003/arcrole/summation-item" xlink:from="loc_us-gaapOperatingExpenses" xlink:to="loc_MARAGainsLossesOnDigitalAssetsHeldWithinInvestmentFund" xlink:type="arc" weight="-1" />
      <link:loc xlink:type="locator" xlink:href="https://xbrl.fasb.org/us-gaap/2023/elts/us-gaap-2023.xsd#us-gaap_OperatingIncomeLoss" xlink:label="loc_us-gaapOperatingIncomeLoss" />
      <link:loc xlink:type="locator" xlink:href="https://xbrl.fasb.org/us-gaap/2023/elts/us-gaap-2023.xsd#us-gaap_RevenueFromContractWithCustomerExcludingAssessedTax" xlink:label="loc_us-gaapRevenueFromContractWithCustomerExcludingAssessedTax" />
      <link:calculationArc order="1" xlink:arcrole="http://www.xbrl.org/2003/arcrole/summation-item" xlink:from="loc_us-gaapOperatingIncomeLoss" xlink:to="loc_us-gaapRevenueFromContractWithCustomerExcludingAssessedTax" xlink:type="arc" weight="1" />
      <link:calculationArc order="2" xlink:arcrole="http://www.xbrl.org/2003/arcrole/summation-item" xlink:from="loc_us-gaapOperatingIncomeLoss" xlink:to="loc_us-gaapCostOfGoodsAndServicesSold" xlink:type="arc" weight="-1" />
      <link:calculationArc order="3" xlink:arcrole="http://www.xbrl.org/2003/arcrole/summation-item" xlink:from="loc_us-gaapOperatingIncomeLoss" xlink:to="loc_us-gaapOperatingExpenses" xlink:type="arc" weight="-1" />
      <link:loc xlink:type="locator" xlink:href="https://xbrl.fasb.org/us-gaap/2023/elts/us-gaap-2023.xsd#us-gaap_IncomeLossFromContinuingOperationsBeforeIncomeTaxesExtraordinaryItemsNoncontrollingInterest" xlink:label="loc_us-gaapIncomeLossFromContinuingOperationsBeforeIncomeTaxesExtraordinaryItemsNoncontrollingInterest" />
      <link:calculationArc order="1" xlink:arcrole="http://www.xbrl.org/2003/arcrole/summation-item" xlink:from="loc_us-gaapIncomeLossFromContinuingOperationsBeforeIncomeTaxesExtraordinaryItemsNoncontrollingInterest" xlink:to="loc_us-gaapOperatingIncomeLoss" xlink:type="arc" weight="1" />
      <link:loc xlink:type="locator" xlink:href="https://xbrl.fasb.org/us-gaap/2023/elts/us-gaap-2023.xsd#us-gaap_OtherNonoperatingIncomeExpense" xlink:label="loc_us-gaapOtherNonoperatingIncomeExpense" />
      <link:calculationArc order="2" xlink:arcrole="http://www.xbrl.org/2003/arcrole/summation-item" xlink:from="loc_us-gaapIncomeLossFromContinuingOperationsBeforeIncomeTaxesExtraordinaryItemsNoncontrollingInterest" xlink:to="loc_us-gaapOtherNonoperatingIncomeExpense" xlink:type="arc" weight="1" />
      <link:loc xlink:type="locator" xlink:href="https://xbrl.fasb.org/us-gaap/2023/elts/us-gaap-2023.xsd#us-gaap_GainsLossesOnExtinguishmentOfDebt" xlink:label="loc_us-gaapGainsLossesOnExtinguishmentOfDebt" />
      <link:calculationArc order="3" xlink:arcrole="http://www.xbrl.org/2003/arcrole/summation-item" xlink:from="loc_us-gaapIncomeLossFromContinuingOperationsBeforeIncomeTaxesExtraordinaryItemsNoncontrollingInterest" xlink:to="loc_us-gaapGainsLossesOnExtinguishmentOfDebt" xlink:type="arc" weight="1" />
      <link:loc xlink:type="locator" xlink:href="https://xbrl.fasb.org/us-gaap/2023/elts/us-gaap-2023.xsd#us-gaap_InterestExpense" xlink:label="loc_us-gaapInterestExpense" />
      <link:calculationArc order="4" xlink:arcrole="http://www.xbrl.org/2003/arcrole/summation-item" xlink:from="loc_us-gaapIncomeLossFromContinuingOperationsBeforeIncomeTaxesExtraordinaryItemsNoncontrollingInterest" xlink:to="loc_us-gaapInterestExpense" xlink:type="arc" weight="-1" />
      <link:loc xlink:type="locator" xlink:href="https://xbrl.fasb.org/us-gaap/2023/elts/us-gaap-2023.xsd#us-gaap_NetIncomeLoss" xlink:label="loc_us-gaapNetIncomeLoss" />
      <link:calculationArc order="1" xlink:arcrole="http://www.xbrl.org/2003/arcrole/summation-item" xlink:from="loc_us-gaapNetIncomeLoss" xlink:to="loc_us-gaapIncomeLossFromContinuingOperationsBeforeIncomeTaxesExtraordinaryItemsNoncontrollingInterest" xlink:type="arc" weight="1" />
      <link:loc xlink:type="locator" xlink:href="https://xbrl.fasb.org/us-gaap/2023/elts/us-gaap-2023.xsd#us-gaap_IncomeTaxExpenseBenefit" xlink:label="loc_us-gaapIncomeTaxExpenseBenefit" />
      <link:calculationArc order="2" xlink:arcrole="http://www.xbrl.org/2003/arcrole/summation-item" xlink:from="loc_us-gaapNetIncomeLoss" xlink:to="loc_us-gaapIncomeTaxExpenseBenefit" xlink:type="arc" weight="-1" />
      <link:loc xlink:type="locator" xlink:href="https://xbrl.fasb.org/us-gaap/2023/elts/us-gaap-2023.xsd#us-gaap_NetIncomeLossAvailableToCommonStockholdersBasic" xlink:label="loc_us-gaapNetIncomeLossAvailableToCommonStockholdersBasic" />
      <link:calculationArc order="1" xlink:arcrole="http://www.xbrl.org/2003/arcrole/summation-item" xlink:from="loc_us-gaapNetIncomeLossAvailableToCommonStockholdersBasic" xlink:to="loc_us-gaapNetIncomeLoss" xlink:type="arc" weight="1" />
      <link:loc xlink:type="locator" xlink:href="mara-20230630.xsd#MARA_PreferredStockAccretionToRedemptionValue" xlink:label="loc_MARAPreferredStockAccretionToRedemptionValue" />
      <link:calculationArc order="2" xlink:arcrole="http://www.xbrl.org/2003/arcrole/summation-item" xlink:from="loc_us-gaapNetIncomeLossAvailableToCommonStockholdersBasic" xlink:to="loc_MARAPreferredStockAccretionToRedemptionValue" xlink:type="arc" weight="-1" />
    </link:calculationLink>
    <link:calculationLink xlink:type="extended" xlink:role="http://marathondh.com/role/StatementsOfStockholdersEquityUnaudited" xlink:title="00000005 - Statement - Condensed Consolidated Statements Of Stockholders&apos; Equity (Unaudited" />
    <link:calculationLink xlink:type="extended" xlink:role="http://marathondh.com/role/StatementsOfCashFlows" xlink:title="00000006 - Statement - Condensed Consolidated Statements of Cash Flows (Unaudited)">
      <link:loc xlink:type="locator" xlink:href="https://xbrl.fasb.org/us-gaap/2023/elts/us-gaap-2023.xsd#us-gaap_NetCashProvidedByUsedInOperatingActivities" xlink:label="loc_us-gaapNetCashProvidedByUsedInOperatingActivities" />
      <link:loc xlink:type="locator" xlink:href="https://xbrl.fasb.org/us-gaap/2023/elts/us-gaap-2023.xsd#us-gaap_NetIncomeLoss" xlink:label="loc_us-gaapNetIncomeLoss" />
      <link:calculationArc order="1" xlink:arcrole="http://www.xbrl.org/2003/arcrole/summation-item" xlink:from="loc_us-gaapNetCashProvidedByUsedInOperatingActivities" xlink:to="loc_us-gaapNetIncomeLoss" xlink:type="arc" weight="1" />
      <link:loc xlink:type="locator" xlink:href="https://xbrl.fasb.org/us-gaap/2023/elts/us-gaap-2023.xsd#us-gaap_DepreciationAndAmortization" xlink:label="loc_us-gaapDepreciationAndAmortization" />
      <link:calculationArc order="2" xlink:arcrole="http://www.xbrl.org/2003/arcrole/summation-item" xlink:from="loc_us-gaapNetCashProvidedByUsedInOperatingActivities" xlink:to="loc_us-gaapDepreciationAndAmortization" xlink:type="arc" weight="1" />
      <link:loc xlink:type="locator" xlink:href="mara-20230630.xsd#MARA_AmortizationOfPrepaidServiceContract" xlink:label="loc_MARAAmortizationOfPrepaidServiceContract" />
      <link:calculationArc order="3" xlink:arcrole="http://www.xbrl.org/2003/arcrole/summation-item" xlink:from="loc_us-gaapNetCashProvidedByUsedInOperatingActivities" xlink:to="loc_MARAAmortizationOfPrepaidServiceContract" xlink:type="arc" weight="1" />
      <link:loc xlink:type="locator" xlink:href="https://xbrl.fasb.org/us-gaap/2023/elts/us-gaap-2023.xsd#us-gaap_DeferredIncomeTaxesAndTaxCredits" xlink:label="loc_us-gaapDeferredIncomeTaxesAndTaxCredits" />
      <link:calculationArc order="4" xlink:arcrole="http://www.xbrl.org/2003/arcrole/summation-item" xlink:from="loc_us-gaapNetCashProvidedByUsedInOperatingActivities" xlink:to="loc_us-gaapDeferredIncomeTaxesAndTaxCredits" xlink:type="arc" weight="1" />
      <link:loc xlink:type="locator" xlink:href="mara-20230630.xsd#MARA_LossesOnDigitalAssetsHeldWithinInvestmentFund" xlink:label="loc_MARALossesOnDigitalAssetsHeldWithinInvestmentFund" />
      <link:calculationArc order="5" xlink:arcrole="http://www.xbrl.org/2003/arcrole/summation-item" xlink:from="loc_us-gaapNetCashProvidedByUsedInOperatingActivities" xlink:to="loc_MARALossesOnDigitalAssetsHeldWithinInvestmentFund" xlink:type="arc" weight="1" />
      <link:loc xlink:type="locator" xlink:href="mara-20230630.xsd#MARA_GainsOnDigitalAssetsAndRealizedLossesOnDigitalAssetsLoanReceivable" xlink:label="loc_MARAGainsOnDigitalAssetsAndRealizedLossesOnDigitalAssetsLoanReceivable" />
      <link:calculationArc order="6" xlink:arcrole="http://www.xbrl.org/2003/arcrole/summation-item" xlink:from="loc_us-gaapNetCashProvidedByUsedInOperatingActivities" xlink:to="loc_MARAGainsOnDigitalAssetsAndRealizedLossesOnDigitalAssetsLoanReceivable" xlink:type="arc" weight="-1" />
      <link:loc xlink:type="locator" xlink:href="mara-20230630.xsd#MARA_ImpairmentOfDigitalAssets" xlink:label="loc_MARAImpairmentOfDigitalAssets" />
      <link:calculationArc order="7" xlink:arcrole="http://www.xbrl.org/2003/arcrole/summation-item" xlink:from="loc_us-gaapNetCashProvidedByUsedInOperatingActivities" xlink:to="loc_MARAImpairmentOfDigitalAssets" xlink:type="arc" weight="1" />
      <link:loc xlink:type="locator" xlink:href="https://xbrl.fasb.org/us-gaap/2023/elts/us-gaap-2023.xsd#us-gaap_GainLossOnDispositionOfAssets1" xlink:label="loc_us-gaapGainLossOnDispositionOfAssets1" />
      <link:calculationArc order="8" xlink:arcrole="http://www.xbrl.org/2003/arcrole/summation-item" xlink:from="loc_us-gaapNetCashProvidedByUsedInOperatingActivities" xlink:to="loc_us-gaapGainLossOnDispositionOfAssets1" xlink:type="arc" weight="-1" />
      <link:loc xlink:type="locator" xlink:href="https://xbrl.fasb.org/us-gaap/2023/elts/us-gaap-2023.xsd#us-gaap_ShareBasedCompensation" xlink:label="loc_us-gaapShareBasedCompensation" />
      <link:calculationArc order="9" xlink:arcrole="http://www.xbrl.org/2003/arcrole/summation-item" xlink:from="loc_us-gaapNetCashProvidedByUsedInOperatingActivities" xlink:to="loc_us-gaapShareBasedCompensation" xlink:type="arc" weight="1" />
      <link:loc xlink:type="locator" xlink:href="mara-20230630.xsd#MARA_AmortizationOfBondIssuanceCosts" xlink:label="loc_MARAAmortizationOfBondIssuanceCosts" />
      <link:calculationArc order="10" xlink:arcrole="http://www.xbrl.org/2003/arcrole/summation-item" xlink:from="loc_us-gaapNetCashProvidedByUsedInOperatingActivities" xlink:to="loc_MARAAmortizationOfBondIssuanceCosts" xlink:type="arc" weight="1" />
      <link:loc xlink:type="locator" xlink:href="https://xbrl.fasb.org/us-gaap/2023/elts/us-gaap-2023.xsd#us-gaap_ImpairmentOfIntangibleAssetsFinitelived" xlink:label="loc_us-gaapImpairmentOfIntangibleAssetsFinitelived" />
      <link:calculationArc order="11" xlink:arcrole="http://www.xbrl.org/2003/arcrole/summation-item" xlink:from="loc_us-gaapNetCashProvidedByUsedInOperatingActivities" xlink:to="loc_us-gaapImpairmentOfIntangibleAssetsFinitelived" xlink:type="arc" weight="1" />
      <link:loc xlink:type="locator" xlink:href="https://xbrl.fasb.org/us-gaap/2023/elts/us-gaap-2023.xsd#us-gaap_GainsLossesOnExtinguishmentOfDebt" xlink:label="loc_us-gaapGainsLossesOnExtinguishmentOfDebt" />
      <link:calculationArc order="12" xlink:arcrole="http://www.xbrl.org/2003/arcrole/summation-item" xlink:from="loc_us-gaapNetCashProvidedByUsedInOperatingActivities" xlink:to="loc_us-gaapGainsLossesOnExtinguishmentOfDebt" xlink:type="arc" weight="-1" />
      <link:loc xlink:type="locator" xlink:href="mara-20230630.xsd#MARA_OtherAdjustmentsFromOperations" xlink:label="loc_MARAOtherAdjustmentsFromOperations" />
      <link:calculationArc order="13" xlink:arcrole="http://www.xbrl.org/2003/arcrole/summation-item" xlink:from="loc_us-gaapNetCashProvidedByUsedInOperatingActivities" xlink:to="loc_MARAOtherAdjustmentsFromOperations" xlink:type="arc" weight="1" />
      <link:loc xlink:type="locator" xlink:href="https://xbrl.fasb.org/us-gaap/2023/elts/us-gaap-2023.xsd#us-gaap_IncreaseDecreaseInContractWithCustomerAsset" xlink:label="loc_us-gaapIncreaseDecreaseInContractWithCustomerAsset" />
      <link:calculationArc order="14" xlink:arcrole="http://www.xbrl.org/2003/arcrole/summation-item" xlink:from="loc_us-gaapNetCashProvidedByUsedInOperatingActivities" xlink:to="loc_us-gaapIncreaseDecreaseInContractWithCustomerAsset" xlink:type="arc" weight="-1" />
      <link:loc xlink:type="locator" xlink:href="https://xbrl.fasb.org/us-gaap/2023/elts/us-gaap-2023.xsd#us-gaap_IncreaseDecreaseInOtherReceivables" xlink:label="loc_us-gaapIncreaseDecreaseInOtherReceivables" />
      <link:calculationArc order="15" xlink:arcrole="http://www.xbrl.org/2003/arcrole/summation-item" xlink:from="loc_us-gaapNetCashProvidedByUsedInOperatingActivities" xlink:to="loc_us-gaapIncreaseDecreaseInOtherReceivables" xlink:type="arc" weight="-1" />
      <link:loc xlink:type="locator" xlink:href="https://xbrl.fasb.org/us-gaap/2023/elts/us-gaap-2023.xsd#us-gaap_IncreaseDecreaseInPrepaidDeferredExpenseAndOtherAssets" xlink:label="loc_us-gaapIncreaseDecreaseInPrepaidDeferredExpenseAndOtherAssets" />
      <link:calculationArc order="16" xlink:arcrole="http://www.xbrl.org/2003/arcrole/summation-item" xlink:from="loc_us-gaapNetCashProvidedByUsedInOperatingActivities" xlink:to="loc_us-gaapIncreaseDecreaseInPrepaidDeferredExpenseAndOtherAssets" xlink:type="arc" weight="-1" />
      <link:loc xlink:type="locator" xlink:href="https://xbrl.fasb.org/us-gaap/2023/elts/us-gaap-2023.xsd#us-gaap_IncreaseDecreaseInAccountsPayableAndAccruedLiabilities" xlink:label="loc_us-gaapIncreaseDecreaseInAccountsPayableAndAccruedLiabilities" />
      <link:calculationArc order="17" xlink:arcrole="http://www.xbrl.org/2003/arcrole/summation-item" xlink:from="loc_us-gaapNetCashProvidedByUsedInOperatingActivities" xlink:to="loc_us-gaapIncreaseDecreaseInAccountsPayableAndAccruedLiabilities" xlink:type="arc" weight="1" />
      <link:loc xlink:type="locator" xlink:href="https://xbrl.fasb.org/us-gaap/2023/elts/us-gaap-2023.xsd#us-gaap_IncreaseDecreaseInInterestPayableNet" xlink:label="loc_us-gaapIncreaseDecreaseInInterestPayableNet" />
      <link:calculationArc order="18" xlink:arcrole="http://www.xbrl.org/2003/arcrole/summation-item" xlink:from="loc_us-gaapNetCashProvidedByUsedInOperatingActivities" xlink:to="loc_us-gaapIncreaseDecreaseInInterestPayableNet" xlink:type="arc" weight="1" />
      <link:loc xlink:type="locator" xlink:href="mara-20230630.xsd#MARA_GainsOnDigitalAssets" xlink:label="loc_MARAGainsOnDigitalAssets" />
      <link:calculationArc order="21" xlink:arcrole="http://www.xbrl.org/2003/arcrole/summation-item" xlink:from="loc_us-gaapNetCashProvidedByUsedInOperatingActivities" xlink:to="loc_MARAGainsOnDigitalAssets" xlink:type="arc" weight="1" />
      <link:loc xlink:type="locator" xlink:href="https://xbrl.fasb.org/us-gaap/2023/elts/us-gaap-2023.xsd#us-gaap_NetCashProvidedByUsedInInvestingActivities" xlink:label="loc_us-gaapNetCashProvidedByUsedInInvestingActivities" />
      <link:loc xlink:type="locator" xlink:href="mara-20230630.xsd#MARA_PaymentsToVendor" xlink:label="loc_MARAPaymentsToVendor" />
      <link:calculationArc order="1" xlink:arcrole="http://www.xbrl.org/2003/arcrole/summation-item" xlink:from="loc_us-gaapNetCashProvidedByUsedInInvestingActivities" xlink:to="loc_MARAPaymentsToVendor" xlink:type="arc" weight="-1" />
      <link:loc xlink:type="locator" xlink:href="https://xbrl.fasb.org/us-gaap/2023/elts/us-gaap-2023.xsd#us-gaap_PaymentsToAcquirePropertyPlantAndEquipment" xlink:label="loc_us-gaapPaymentsToAcquirePropertyPlantAndEquipment" />
      <link:calculationArc order="2" xlink:arcrole="http://www.xbrl.org/2003/arcrole/summation-item" xlink:from="loc_us-gaapNetCashProvidedByUsedInInvestingActivities" xlink:to="loc_us-gaapPaymentsToAcquirePropertyPlantAndEquipment" xlink:type="arc" weight="-1" />
      <link:loc xlink:type="locator" xlink:href="https://xbrl.fasb.org/us-gaap/2023/elts/us-gaap-2023.xsd#us-gaap_ProceedsFromSaleOfPropertyPlantAndEquipment" xlink:label="loc_us-gaapProceedsFromSaleOfPropertyPlantAndEquipment" />
      <link:calculationArc order="3" xlink:arcrole="http://www.xbrl.org/2003/arcrole/summation-item" xlink:from="loc_us-gaapNetCashProvidedByUsedInInvestingActivities" xlink:to="loc_us-gaapProceedsFromSaleOfPropertyPlantAndEquipment" xlink:type="arc" weight="1" />
      <link:loc xlink:type="locator" xlink:href="https://xbrl.fasb.org/us-gaap/2023/elts/us-gaap-2023.xsd#us-gaap_ProceedsFromSaleOfIntangibleAssets" xlink:label="loc_us-gaapProceedsFromSaleOfIntangibleAssets" />
      <link:calculationArc order="4" xlink:arcrole="http://www.xbrl.org/2003/arcrole/summation-item" xlink:from="loc_us-gaapNetCashProvidedByUsedInInvestingActivities" xlink:to="loc_us-gaapProceedsFromSaleOfIntangibleAssets" xlink:type="arc" weight="1" />
      <link:loc xlink:type="locator" xlink:href="https://xbrl.fasb.org/us-gaap/2023/elts/us-gaap-2023.xsd#us-gaap_PaymentsToAcquireInterestInJointVenture" xlink:label="loc_us-gaapPaymentsToAcquireInterestInJointVenture" />
      <link:calculationArc order="5" xlink:arcrole="http://www.xbrl.org/2003/arcrole/summation-item" xlink:from="loc_us-gaapNetCashProvidedByUsedInInvestingActivities" xlink:to="loc_us-gaapPaymentsToAcquireInterestInJointVenture" xlink:type="arc" weight="-1" />
      <link:loc xlink:type="locator" xlink:href="https://xbrl.fasb.org/us-gaap/2023/elts/us-gaap-2023.xsd#us-gaap_PaymentsToAcquireOtherInvestments" xlink:label="loc_us-gaapPaymentsToAcquireOtherInvestments" />
      <link:calculationArc order="6" xlink:arcrole="http://www.xbrl.org/2003/arcrole/summation-item" xlink:from="loc_us-gaapNetCashProvidedByUsedInInvestingActivities" xlink:to="loc_us-gaapPaymentsToAcquireOtherInvestments" xlink:type="arc" weight="-1" />
      <link:loc xlink:type="locator" xlink:href="mara-20230630.xsd#MARA_ProceedsFromSaleOfDigitalCurrencies" xlink:label="loc_MARAProceedsFromSaleOfDigitalCurrencies" />
      <link:calculationArc order="7" xlink:arcrole="http://www.xbrl.org/2003/arcrole/summation-item" xlink:from="loc_us-gaapNetCashProvidedByUsedInInvestingActivities" xlink:to="loc_MARAProceedsFromSaleOfDigitalCurrencies" xlink:type="arc" weight="1" />
      <link:loc xlink:type="locator" xlink:href="https://xbrl.fasb.org/us-gaap/2023/elts/us-gaap-2023.xsd#us-gaap_CashDivestedFromDeconsolidation" xlink:label="loc_us-gaapCashDivestedFromDeconsolidation" />
      <link:calculationArc order="8" xlink:arcrole="http://www.xbrl.org/2003/arcrole/summation-item" xlink:from="loc_us-gaapNetCashProvidedByUsedInInvestingActivities" xlink:to="loc_us-gaapCashDivestedFromDeconsolidation" xlink:type="arc" weight="-1" />
      <link:loc xlink:type="locator" xlink:href="https://xbrl.fasb.org/us-gaap/2023/elts/us-gaap-2023.xsd#us-gaap_NetCashProvidedByUsedInFinancingActivities" xlink:label="loc_us-gaapNetCashProvidedByUsedInFinancingActivities" />
      <link:loc xlink:type="locator" xlink:href="https://xbrl.fasb.org/us-gaap/2023/elts/us-gaap-2023.xsd#us-gaap_ProceedsFromIssuanceOfCommonStock" xlink:label="loc_us-gaapProceedsFromIssuanceOfCommonStock" />
      <link:calculationArc order="1" xlink:arcrole="http://www.xbrl.org/2003/arcrole/summation-item" xlink:from="loc_us-gaapNetCashProvidedByUsedInFinancingActivities" xlink:to="loc_us-gaapProceedsFromIssuanceOfCommonStock" xlink:type="arc" weight="1" />
      <link:loc xlink:type="locator" xlink:href="https://xbrl.fasb.org/us-gaap/2023/elts/us-gaap-2023.xsd#us-gaap_ProceedsFromIssuanceOfPreferredStockAndPreferenceStock" xlink:label="loc_us-gaapProceedsFromIssuanceOfPreferredStockAndPreferenceStock" />
      <link:calculationArc order="2" xlink:arcrole="http://www.xbrl.org/2003/arcrole/summation-item" xlink:from="loc_us-gaapNetCashProvidedByUsedInFinancingActivities" xlink:to="loc_us-gaapProceedsFromIssuanceOfPreferredStockAndPreferenceStock" xlink:type="arc" weight="1" />
      <link:loc xlink:type="locator" xlink:href="mara-20230630.xsd#MARA_BorrowingsFromRevolvingCreditAgreement" xlink:label="loc_MARABorrowingsFromRevolvingCreditAgreement" />
      <link:calculationArc order="3" xlink:arcrole="http://www.xbrl.org/2003/arcrole/summation-item" xlink:from="loc_us-gaapNetCashProvidedByUsedInFinancingActivities" xlink:to="loc_MARABorrowingsFromRevolvingCreditAgreement" xlink:type="arc" weight="1" />
      <link:loc xlink:type="locator" xlink:href="https://xbrl.fasb.org/us-gaap/2023/elts/us-gaap-2023.xsd#us-gaap_RepaymentsOfDebt" xlink:label="loc_us-gaapRepaymentsOfDebt" />
      <link:calculationArc order="4" xlink:arcrole="http://www.xbrl.org/2003/arcrole/summation-item" xlink:from="loc_us-gaapNetCashProvidedByUsedInFinancingActivities" xlink:to="loc_us-gaapRepaymentsOfDebt" xlink:type="arc" weight="-1" />
      <link:loc xlink:type="locator" xlink:href="https://xbrl.fasb.org/us-gaap/2023/elts/us-gaap-2023.xsd#us-gaap_PaymentsRelatedToTaxWithholdingForShareBasedCompensation" xlink:label="loc_us-gaapPaymentsRelatedToTaxWithholdingForShareBasedCompensation" />
      <link:calculationArc order="5" xlink:arcrole="http://www.xbrl.org/2003/arcrole/summation-item" xlink:from="loc_us-gaapNetCashProvidedByUsedInFinancingActivities" xlink:to="loc_us-gaapPaymentsRelatedToTaxWithholdingForShareBasedCompensation" xlink:type="arc" weight="-1" />
      <link:loc xlink:type="locator" xlink:href="https://xbrl.fasb.org/us-gaap/2023/elts/us-gaap-2023.xsd#us-gaap_CashCashEquivalentsRestrictedCashAndRestrictedCashEquivalentsPeriodIncreaseDecreaseIncludingExchangeRateEffect" xlink:label="loc_us-gaapCashCashEquivalentsRestrictedCashAndRestrictedCashEquivalentsPeriodIncreaseDecreaseIncludingExchangeRateEffect" />
      <link:calculationArc order="1" xlink:arcrole="http://www.xbrl.org/2003/arcrole/summation-item" xlink:from="loc_us-gaapCashCashEquivalentsRestrictedCashAndRestrictedCashEquivalentsPeriodIncreaseDecreaseIncludingExchangeRateEffect" xlink:to="loc_us-gaapNetCashProvidedByUsedInOperatingActivities" xlink:type="arc" weight="1" />
      <link:calculationArc order="2" xlink:arcrole="http://www.xbrl.org/2003/arcrole/summation-item" xlink:from="loc_us-gaapCashCashEquivalentsRestrictedCashAndRestrictedCashEquivalentsPeriodIncreaseDecreaseIncludingExchangeRateEffect" xlink:to="loc_us-gaapNetCashProvidedByUsedInInvestingActivities" xlink:type="arc" weight="1" />
      <link:calculationArc order="3" xlink:arcrole="http://www.xbrl.org/2003/arcrole/summation-item" xlink:from="loc_us-gaapCashCashEquivalentsRestrictedCashAndRestrictedCashEquivalentsPeriodIncreaseDecreaseIncludingExchangeRateEffect" xlink:to="loc_us-gaapNetCashProvidedByUsedInFinancingActivities" xlink:type="arc" weight="1" />
    </link:calculationLink>
    <link:calculationLink xlink:type="extended" xlink:role="http://marathondh.com/role/OrganizationAndDescriptionOfBusiness" xlink:title="995512 - Disclosure - ORGANIZATION AND DESCRIPTION OF BUSINESS" />
    <link:calculationLink xlink:type="extended" xlink:role="http://marathondh.com/role/VoluntaryChangeInAccountingPrinciple" xlink:title="995513 - Disclosure - VOLUNTARY CHANGE IN ACCOUNTING PRINCIPLE" />
    <link:calculationLink xlink:type="extended" xlink:role="http://marathondh.com/role/RestatementOfConsolidatedFinancialStatementsForQuartersEndedMarch312023AndMarch312022AndVoluntaryChangeInAccountingPrinciple" xlink:title="995514 - Disclosure - RESTATEMENT OF CONSOLIDATED FINANCIAL STATEMENTS FOR THE QUARTERS ENDED MARCH 31, 2023 AND MARCH 31, 2022 AND VOLUNTARY CHANGE IN ACCOUNTING PRINCIPLE" />
    <link:calculationLink xlink:type="extended" xlink:role="http://marathondh.com/role/SummaryOfSignificantAccountingPolicies" xlink:title="995515 - Disclosure - SUMMARY OF SIGNIFICANT ACCOUNTING POLICIES" />
    <link:calculationLink xlink:type="extended" xlink:role="http://marathondh.com/role/RevenueFromContractsWithCustomers" xlink:title="995516 - Disclosure - REVENUE FROM CONTRACTS WITH CUSTOMERS" />
    <link:calculationLink xlink:type="extended" xlink:role="http://marathondh.com/role/AdvancesToVendorsAndDeposits" xlink:title="995517 - Disclosure - ADVANCES TO VENDORS AND DEPOSITS" />
    <link:calculationLink xlink:type="extended" xlink:role="http://marathondh.com/role/PropertyAndEquipment" xlink:title="995518 - Disclosure - PROPERTY AND EQUIPMENT" />
    <link:calculationLink xlink:type="extended" xlink:role="http://marathondh.com/role/FairValueMeasurement" xlink:title="995519 - Disclosure - FAIR VALUE MEASUREMENT" />
    <link:calculationLink xlink:type="extended" xlink:role="http://marathondh.com/role/NetLossPerShare" xlink:title="995520 - Disclosure - NET LOSS PER SHARE" />
    <link:calculationLink xlink:type="extended" xlink:role="http://marathondh.com/role/ComputeNorthBankruptcy" xlink:title="995521 - Disclosure - COMPUTE NORTH BANKRUPTCY" />
    <link:calculationLink xlink:type="extended" xlink:role="http://marathondh.com/role/StockholdersEquity" xlink:title="995522 - Disclosure - STOCKHOLDERS&#8217; EQUITY" />
    <link:calculationLink xlink:type="extended" xlink:role="http://marathondh.com/role/Debt" xlink:title="995523 - Disclosure - DEBT" />
    <link:calculationLink xlink:type="extended" xlink:role="http://marathondh.com/role/Leases" xlink:title="995524 - Disclosure - LEASES" />
    <link:calculationLink xlink:type="extended" xlink:role="http://marathondh.com/role/LegalProceedings" xlink:title="995525 - Disclosure - LEGAL PROCEEDINGS" />
    <link:calculationLink xlink:type="extended" xlink:role="http://marathondh.com/role/RelatedPartyTransactions" xlink:title="995526 - Disclosure - RELATED PARTY TRANSACTIONS" />
    <link:calculationLink xlink:type="extended" xlink:role="http://marathondh.com/role/SubsequentEvents" xlink:title="995527 - Disclosure - SUBSEQUENT EVENTS" />
    <link:calculationLink xlink:type="extended" xlink:role="http://marathondh.com/role/SummaryOfSignificantAccountingPoliciesPolicies" xlink:title="995528 - Disclosure - SUMMARY OF SIGNIFICANT ACCOUNTING POLICIES (Policies)" />
    <link:calculationLink xlink:type="extended" xlink:role="http://marathondh.com/role/VoluntaryChangeInAccountingPrincipleTables" xlink:title="995529 - Disclosure - VOLUNTARY CHANGE IN ACCOUNTING PRINCIPLE (Tables)" />
    <link:calculationLink xlink:type="extended" xlink:role="http://marathondh.com/role/RestatementOfConsolidatedFinancialStatementsForQuartersEndedMarch312023AndMarch312022AndVoluntaryChangeInAccountingPrincipleTables" xlink:title="995530 - Disclosure - RESTATEMENT OF CONSOLIDATED FINANCIAL STATEMENTS FOR THE QUARTERS ENDED MARCH 31, 2023 AND MARCH 31, 2022 AND VOLUNTARY CHANGE IN ACCOUNTING PRINCIPLE (Tables)" />
    <link:calculationLink xlink:type="extended" xlink:role="http://marathondh.com/role/SummaryOfSignificantAccountingPoliciesTables" xlink:title="995531 - Disclosure - SUMMARY OF SIGNIFICANT ACCOUNTING POLICIES (Tables)" />
    <link:calculationLink xlink:type="extended" xlink:role="http://marathondh.com/role/RevenueFromContractsWithCustomersTables" xlink:title="995532 - Disclosure - REVENUE FROM CONTRACTS WITH CUSTOMERS (Tables)" />
    <link:calculationLink xlink:type="extended" xlink:role="http://marathondh.com/role/PropertyAndEquipmentTables" xlink:title="995533 - Disclosure - PROPERTY AND EQUIPMENT (Tables)" />
    <link:calculationLink xlink:type="extended" xlink:role="http://marathondh.com/role/FairValueMeasurementTables" xlink:title="995534 - Disclosure - FAIR VALUE MEASUREMENT (Tables)" />
    <link:calculationLink xlink:type="extended" xlink:role="http://marathondh.com/role/NetLossPerShareTables" xlink:title="995535 - Disclosure - NET LOSS PER SHARE (Tables)" />
    <link:calculationLink xlink:type="extended" xlink:role="http://marathondh.com/role/StockholdersEquityTables" xlink:title="995536 - Disclosure - STOCKHOLDERS&#8217; EQUITY (Tables)" />
    <link:calculationLink xlink:type="extended" xlink:role="http://marathondh.com/role/LeasesTables" xlink:title="995537 - Disclosure - LEASES (Tables)" />
    <link:calculationLink xlink:type="extended" xlink:role="http://marathondh.com/role/SubsequentEventsTables" xlink:title="995538 - Disclosure - SUBSEQUENT EVENTS (Tables)" />
    <link:calculationLink xlink:type="extended" xlink:role="http://marathondh.com/role/ScheduleOfVoluntaryChangeInAccountingPrincipleDetails" xlink:title="995539 - Disclosure - SCHEDULE OF VOLUNTARY CHANGE IN ACCOUNTING PRINCIPLE (Details)" />
    <link:calculationLink xlink:type="extended" xlink:role="http://marathondh.com/role/ScheduleOfReclassificationFromOperatingActivitiesToInvestingActivitiesDetails" xlink:title="995540 - Disclosure - SCHEDULE OF RECLASSIFICATION FROM OPERATING ACTIVITIES TO INVESTING ACTIVITIES (Details)" />
    <link:calculationLink xlink:type="extended" xlink:role="http://marathondh.com/role/ScheduleOfChangeInAccountingPrincipleForCondensedConsolidatedBalanceSheetDetails" xlink:title="995541 - Disclosure - SCHEDULE OF CHANGE IN ACCOUNTING PRINCIPLE FOR CONDENSED CONSOLIDATED BALANCE SHEET (Details)" />
    <link:calculationLink xlink:type="extended" xlink:role="http://marathondh.com/role/ScheduleOfChangeInAccountingPrincipleForCondensedConsolidatedStatementOfOperationsDetails" xlink:title="995542 - Disclosure - SCHEDULE OF CHANGE IN ACCOUNTING PRINCIPLE FOR CONDENSED CONSOLIDATED STATEMENT OF OPERATIONS (Details)" />
    <link:calculationLink xlink:type="extended" xlink:role="http://marathondh.com/role/ScheduleOfChangeInAccountingPrincipleForCondensedConsolidatedStatementOfCashFlowsDetails" xlink:title="995543 - Disclosure - SCHEDULE OF CHANGE IN ACCOUNTING PRINCIPLE FOR CONDENSED CONSOLIDATED STATEMENT OF CASH FLOWS (Details)" />
    <link:calculationLink xlink:type="extended" xlink:role="http://marathondh.com/role/SummaryOfSignificantAccountingPoliciesDetailsNarrative" xlink:title="995544 - Disclosure - SUMMARY OF SIGNIFICANT ACCOUNTING POLICIES (Details Narrative)" />
    <link:calculationLink xlink:type="extended" xlink:role="http://marathondh.com/role/ScheduleOfCashCashEquivalentsAndRestrictedCashDetails" xlink:title="995545 - Disclosure - SCHEDULE OF CASH, CASH EQUIVALENTS AND RESTRICTED CASH (Details)" />
    <link:calculationLink xlink:type="extended" xlink:role="http://marathondh.com/role/ScheduleOfActivityOfDigitalCurrenciesDetails" xlink:title="995546 - Disclosure - SCHEDULE OF ACTIVITY OF DIGITAL CURRENCIES (Details)" />
    <link:calculationLink xlink:type="extended" xlink:role="http://marathondh.com/role/ScheduleOfDisaggregationOfRevenueDetails" xlink:title="995547 - Disclosure - SCHEDULE OF DISAGGREGATION OF REVENUE (Details)" />
    <link:calculationLink xlink:type="extended" xlink:role="http://marathondh.com/role/AdvancesToVendorsAndDepositsDetailsNarrative" xlink:title="995548 - Disclosure - ADVANCES TO VENDORS AND DEPOSITS (Details Narrative)" />
    <link:calculationLink xlink:type="extended" xlink:role="http://marathondh.com/role/ScheduleOfComponentsOfPropertyAndEquipmentDetails" xlink:title="995549 - Disclosure - SCHEDULE OF COMPONENTS OF PROPERTY AND EQUIPMENT (Details)">
      <link:loc xlink:type="locator" xlink:href="https://xbrl.fasb.org/us-gaap/2023/elts/us-gaap-2023.xsd#us-gaap_PropertyPlantAndEquipmentNet" xlink:label="loc_us-gaapPropertyPlantAndEquipmentNet" />
      <link:loc xlink:type="locator" xlink:href="https://xbrl.fasb.org/us-gaap/2023/elts/us-gaap-2023.xsd#us-gaap_PropertyPlantAndEquipmentGross" xlink:label="loc_us-gaapPropertyPlantAndEquipmentGross" />
      <link:calculationArc order="1" xlink:arcrole="http://www.xbrl.org/2003/arcrole/summation-item" xlink:from="loc_us-gaapPropertyPlantAndEquipmentNet" xlink:to="loc_us-gaapPropertyPlantAndEquipmentGross" xlink:type="arc" weight="1" />
      <link:loc xlink:type="locator" xlink:href="https://xbrl.fasb.org/us-gaap/2023/elts/us-gaap-2023.xsd#us-gaap_AccumulatedDepreciationDepletionAndAmortizationPropertyPlantAndEquipment" xlink:label="loc_us-gaapAccumulatedDepreciationDepletionAndAmortizationPropertyPlantAndEquipment" />
      <link:calculationArc order="2" xlink:arcrole="http://www.xbrl.org/2003/arcrole/summation-item" xlink:from="loc_us-gaapPropertyPlantAndEquipmentNet" xlink:to="loc_us-gaapAccumulatedDepreciationDepletionAndAmortizationPropertyPlantAndEquipment" xlink:type="arc" weight="-1" />
    </link:calculationLink>
    <link:calculationLink xlink:type="extended" xlink:role="http://marathondh.com/role/PropertyAndEquipmentDetailsNarrative" xlink:title="995550 - Disclosure - PROPERTY AND EQUIPMENT (Details Narrative)" />
    <link:calculationLink xlink:type="extended" xlink:role="http://marathondh.com/role/FairValueMeasurementDetailsNarrative" xlink:title="995551 - Disclosure - FAIR VALUE MEASUREMENT (Details Narrative)" />
    <link:calculationLink xlink:type="extended" xlink:role="http://marathondh.com/role/ScheduleOfAssetsAndLiabilitiesMeasuredAtFairValueOnRecurringBasisDetails" xlink:title="995552 - Disclosure - SCHEDULE OF ASSETS AND LIABILITIES MEASURED AT FAIR VALUE ON RECURRING BASIS (Details)" />
    <link:calculationLink xlink:type="extended" xlink:role="http://marathondh.com/role/ScheduleOfAssetsAndLiabilitiesMeasuredAtFairValueOnRecurringBasisDetailsParentetical" xlink:title="995553 - Disclosure - SCHEDULE OF ASSETS AND LIABILITIES MEASURED AT FAIR VALUE ON RECURRING BASIS (Details) (Parentetical)" />
    <link:calculationLink xlink:type="extended" xlink:role="http://marathondh.com/role/ScheduleOfAssetsAndLiabilitiesMeasuredAtFairValueOnNon-recurringBasisDetails" xlink:title="995554 - Disclosure - SCHEDULE OF ASSETS AND LIABILITIES MEASURED AT FAIR VALUE ON NON-RECURRING BASIS (Details)" />
    <link:calculationLink xlink:type="extended" xlink:role="http://marathondh.com/role/ScheduleOfAssetsAndLiabilitiesMeasuredAtFairValueOnNon-recurringBasisDetailsParenthetical" xlink:title="995555 - Disclosure - SCHEDULE OF ASSETS AND LIABILITIES MEASURED AT FAIR VALUE ON NON-RECURRING BASIS (Details) (Parenthetical)" />
    <link:calculationLink xlink:type="extended" xlink:role="http://marathondh.com/role/ScheduleOfAntidilutiveSecuritiesExcludedFromComputationOfEarningsPerShareDetails" xlink:title="995556 - Disclosure - SCHEDULE OF ANTIDILUTIVE SECURITIES EXCLUDED FROM COMPUTATION OF EARNINGS PER SHARE (Details)" />
    <link:calculationLink xlink:type="extended" xlink:role="http://marathondh.com/role/ScheduleOfComputationOfBasicAndDilutedLossPerShareDetails" xlink:title="995557 - Disclosure - SCHEDULE OF COMPUTATION OF BASIC AND DILUTED LOSS PER SHARE (Details)">
      <link:loc xlink:type="locator" xlink:href="https://xbrl.fasb.org/us-gaap/2023/elts/us-gaap-2023.xsd#us-gaap_NetIncomeLossAvailableToCommonStockholdersBasic" xlink:label="loc_us-gaapNetIncomeLossAvailableToCommonStockholdersBasic" />
      <link:loc xlink:type="locator" xlink:href="https://xbrl.fasb.org/us-gaap/2023/elts/us-gaap-2023.xsd#us-gaap_NetIncomeLoss" xlink:label="loc_us-gaapNetIncomeLoss" />
      <link:calculationArc order="1" xlink:arcrole="http://www.xbrl.org/2003/arcrole/summation-item" xlink:from="loc_us-gaapNetIncomeLossAvailableToCommonStockholdersBasic" xlink:to="loc_us-gaapNetIncomeLoss" xlink:type="arc" weight="1" />
      <link:loc xlink:type="locator" xlink:href="https://xbrl.fasb.org/us-gaap/2023/elts/us-gaap-2023.xsd#us-gaap_DividendsPreferredStockStock" xlink:label="loc_us-gaapDividendsPreferredStockStock" />
      <link:calculationArc order="2" xlink:arcrole="http://www.xbrl.org/2003/arcrole/summation-item" xlink:from="loc_us-gaapNetIncomeLossAvailableToCommonStockholdersBasic" xlink:to="loc_us-gaapDividendsPreferredStockStock" xlink:type="arc" weight="-1" />
    </link:calculationLink>
    <link:calculationLink xlink:type="extended" xlink:role="http://marathondh.com/role/ComputeNorthBankruptcyDetailsNarrative" xlink:title="995558 - Disclosure - COMPUTE NORTH BANKRUPTCY (Details Narrative)" />
    <link:calculationLink xlink:type="extended" xlink:role="http://marathondh.com/role/StockholdersEquityDetailsNarrative" xlink:title="995559 - Disclosure - STOCKHOLDERS&#8217; EQUITY (Details Narrative)" />
    <link:calculationLink xlink:type="extended" xlink:role="http://marathondh.com/role/SummaryOfOutstandingStockWarrantsDetails" xlink:title="995560 - Disclosure - SUMMARY OF OUTSTANDING STOCK WARRANTS (Details)" />
    <link:calculationLink xlink:type="extended" xlink:role="http://marathondh.com/role/SummaryOfRestrictedStockAwardActivityDetails" xlink:title="995561 - Disclosure - SUMMARY OF RESTRICTED STOCK AWARD ACTIVITY (Details)" />
    <link:calculationLink xlink:type="extended" xlink:role="http://marathondh.com/role/DebtDetailsNarrative" xlink:title="995562 - Disclosure - DEBT (Details Narrative)" />
    <link:calculationLink xlink:type="extended" xlink:role="http://marathondh.com/role/LeasesDetailsNarrative" xlink:title="995563 - Disclosure - LEASES (Details Narrative)" />
    <link:calculationLink xlink:type="extended" xlink:role="http://marathondh.com/role/ScheduleOfComponentsOfLeaseCostDetails" xlink:title="995564 - Disclosure - SCHEDULE OF COMPONENTS OF LEASE COST (Details)">
      <link:loc xlink:type="locator" xlink:href="https://xbrl.fasb.org/us-gaap/2023/elts/us-gaap-2023.xsd#us-gaap_OperatingLeaseExpense" xlink:label="loc_us-gaapOperatingLeaseExpense" />
      <link:loc xlink:type="locator" xlink:href="https://xbrl.fasb.org/us-gaap/2023/elts/us-gaap-2023.xsd#us-gaap_OperatingLeaseCost" xlink:label="loc_us-gaapOperatingLeaseCost" />
      <link:calculationArc order="1" xlink:arcrole="http://www.xbrl.org/2003/arcrole/summation-item" xlink:from="loc_us-gaapOperatingLeaseExpense" xlink:to="loc_us-gaapOperatingLeaseCost" xlink:type="arc" weight="1" />
      <link:loc xlink:type="locator" xlink:href="https://xbrl.fasb.org/us-gaap/2023/elts/us-gaap-2023.xsd#us-gaap_LeaseCost" xlink:label="loc_us-gaapLeaseCost" />
      <link:calculationArc order="1" xlink:arcrole="http://www.xbrl.org/2003/arcrole/summation-item" xlink:from="loc_us-gaapLeaseCost" xlink:to="loc_us-gaapOperatingLeaseExpense" xlink:type="arc" weight="1" />
      <link:loc xlink:type="locator" xlink:href="https://xbrl.fasb.org/us-gaap/2023/elts/us-gaap-2023.xsd#us-gaap_ShortTermLeaseCost" xlink:label="loc_us-gaapShortTermLeaseCost" />
      <link:calculationArc order="2" xlink:arcrole="http://www.xbrl.org/2003/arcrole/summation-item" xlink:from="loc_us-gaapLeaseCost" xlink:to="loc_us-gaapShortTermLeaseCost" xlink:type="arc" weight="1" />
      <link:loc xlink:type="locator" xlink:href="https://xbrl.fasb.org/us-gaap/2023/elts/us-gaap-2023.xsd#us-gaap_VariableLeaseCost" xlink:label="loc_us-gaapVariableLeaseCost" />
      <link:calculationArc order="3" xlink:arcrole="http://www.xbrl.org/2003/arcrole/summation-item" xlink:from="loc_us-gaapLeaseCost" xlink:to="loc_us-gaapVariableLeaseCost" xlink:type="arc" weight="1" />
    </link:calculationLink>
    <link:calculationLink xlink:type="extended" xlink:role="http://marathondh.com/role/SummaryOfMinimumLeasePaymentsDetails" xlink:title="995565 - Disclosure - SUMMARY OF MINIMUM LEASE PAYMENTS (Details)" />
    <link:calculationLink xlink:type="extended" xlink:role="http://marathondh.com/role/ScheduleOfLeaseLiabilityMaturityDetails" xlink:title="995566 - Disclosure - SCHEDULE OF LEASE LIABILITY MATURITY (Details)">
      <link:loc xlink:type="locator" xlink:href="https://xbrl.fasb.org/us-gaap/2023/elts/us-gaap-2023.xsd#us-gaap_ContractualObligation" xlink:label="loc_us-gaapContractualObligation" />
      <link:loc xlink:type="locator" xlink:href="https://xbrl.fasb.org/us-gaap/2023/elts/us-gaap-2023.xsd#us-gaap_ContractualObligationFutureMinimumPaymentsDueRemainderOfFiscalYear" xlink:label="loc_us-gaapContractualObligationFutureMinimumPaymentsDueRemainderOfFiscalYear" />
      <link:calculationArc order="1" xlink:arcrole="http://www.xbrl.org/2003/arcrole/summation-item" xlink:from="loc_us-gaapContractualObligation" xlink:to="loc_us-gaapContractualObligationFutureMinimumPaymentsDueRemainderOfFiscalYear" xlink:type="arc" weight="1" />
      <link:loc xlink:type="locator" xlink:href="https://xbrl.fasb.org/us-gaap/2023/elts/us-gaap-2023.xsd#us-gaap_ContractualObligationDueInNextTwelveMonths" xlink:label="loc_us-gaapContractualObligationDueInNextTwelveMonths" />
      <link:calculationArc order="2" xlink:arcrole="http://www.xbrl.org/2003/arcrole/summation-item" xlink:from="loc_us-gaapContractualObligation" xlink:to="loc_us-gaapContractualObligationDueInNextTwelveMonths" xlink:type="arc" weight="1" />
      <link:loc xlink:type="locator" xlink:href="https://xbrl.fasb.org/us-gaap/2023/elts/us-gaap-2023.xsd#us-gaap_ContractualObligationDueInSecondYear" xlink:label="loc_us-gaapContractualObligationDueInSecondYear" />
      <link:calculationArc order="3" xlink:arcrole="http://www.xbrl.org/2003/arcrole/summation-item" xlink:from="loc_us-gaapContractualObligation" xlink:to="loc_us-gaapContractualObligationDueInSecondYear" xlink:type="arc" weight="1" />
      <link:loc xlink:type="locator" xlink:href="https://xbrl.fasb.org/us-gaap/2023/elts/us-gaap-2023.xsd#us-gaap_ContractualObligationDueInThirdYear" xlink:label="loc_us-gaapContractualObligationDueInThirdYear" />
      <link:calculationArc order="4" xlink:arcrole="http://www.xbrl.org/2003/arcrole/summation-item" xlink:from="loc_us-gaapContractualObligation" xlink:to="loc_us-gaapContractualObligationDueInThirdYear" xlink:type="arc" weight="1" />
      <link:loc xlink:type="locator" xlink:href="https://xbrl.fasb.org/us-gaap/2023/elts/us-gaap-2023.xsd#us-gaap_ContractualObligationDueInFourthYear" xlink:label="loc_us-gaapContractualObligationDueInFourthYear" />
      <link:calculationArc order="5" xlink:arcrole="http://www.xbrl.org/2003/arcrole/summation-item" xlink:from="loc_us-gaapContractualObligation" xlink:to="loc_us-gaapContractualObligationDueInFourthYear" xlink:type="arc" weight="1" />
      <link:loc xlink:type="locator" xlink:href="mara-20230630.xsd#MARA_ContractualObligationDueAfterFourthYear" xlink:label="loc_MARAContractualObligationDueAfterFourthYear" />
      <link:calculationArc order="6" xlink:arcrole="http://www.xbrl.org/2003/arcrole/summation-item" xlink:from="loc_us-gaapContractualObligation" xlink:to="loc_MARAContractualObligationDueAfterFourthYear" xlink:type="arc" weight="1" />
    </link:calculationLink>
    <link:calculationLink xlink:type="extended" xlink:role="http://marathondh.com/role/LegalProceedingsDetailsNarrative" xlink:title="995567 - Disclosure - LEGAL PROCEEDINGS (Details Narrative)" />
    <link:calculationLink xlink:type="extended" xlink:role="http://marathondh.com/role/RelatedPartyTransactionsDetailsNarrative" xlink:title="995568 - Disclosure - RELATED PARTY TRANSACTIONS (Details Narrative)" />
    <link:calculationLink xlink:type="extended" xlink:role="http://marathondh.com/role/SubsequentEventsDetailsNarrative" xlink:title="995569 - Disclosure - SUBSEQUENT EVENTS (Details Narrative)" />
    <link:calculationLink xlink:type="extended" xlink:role="http://marathondh.com/role/ScheduleOfVotesCastDetails" xlink:title="995570 - Disclosure - SCHEDULE OF VOTES CAST (Details)" />
</link:linkbase>
