<?xml version="1.0" encoding="US-ASCII" standalone="no"?>
    <!-- Field: Doc-Info; Name: Generator; Value: GoFiler Complete; Version: 3.4e -->
    <!-- Field: Doc-Info; Name: VendorURI; Value: http://www.novaworks.co -->
    <!-- Field: Doc-Info; Name: Source; Value: marathon03312013.xfr; Date: 2013/05/14T13:22:51 -->
    <!-- Field: Doc-Info; Name: Status; Value: 0x00000000 -->
<link:linkbase xmlns:xsi="http://www.w3.org/2001/XMLSchema-instance" xmlns:xlink="http://www.w3.org/1999/xlink" xmlns:link="http://www.xbrl.org/2003/linkbase" xmlns:xbrldt="http://xbrl.org/2005/xbrldt" xmlns:xbrli="http://www.xbrl.org/2003/instance" xsi:schemaLocation="http://www.xbrl.org/2003/linkbase http://www.xbrl.org/2003/xbrl-linkbase-2003-12-31.xsd">
    <link:roleRef roleURI="http://marathonpg.com/role/DocumentAndEntityInformation" xlink:href="mara-20130331.xsd#DocumentAndEntityInformation" xlink:type="simple" />
    <link:roleRef roleURI="http://marathonpg.com/role/BalanceSheets" xlink:href="mara-20130331.xsd#BalanceSheets" xlink:type="simple" />
    <link:roleRef roleURI="http://marathonpg.com/role/BalanceSheetsParenthetical" xlink:href="mara-20130331.xsd#BalanceSheetsParenthetical" xlink:type="simple" />
    <link:roleRef roleURI="http://marathonpg.com/role/StatementsOfOperations" xlink:href="mara-20130331.xsd#StatementsOfOperations" xlink:type="simple" />
    <link:roleRef roleURI="http://marathonpg.com/role/StatementsOfCashFlows" xlink:href="mara-20130331.xsd#StatementsOfCashFlows" xlink:type="simple" />
    <link:roleRef roleURI="http://marathonpg.com/role/OrganizationAndDescriptionOfBusiness" xlink:href="mara-20130331.xsd#OrganizationAndDescriptionOfBusiness" xlink:type="simple" />
    <link:roleRef roleURI="http://marathonpg.com/role/GoingConcern" xlink:href="mara-20130331.xsd#GoingConcern" xlink:type="simple" />
    <link:roleRef roleURI="http://marathonpg.com/role/SummaryOfSignificantAccountingPolicies" xlink:href="mara-20130331.xsd#SummaryOfSignificantAccountingPolicies" xlink:type="simple" />
    <link:roleRef roleURI="http://marathonpg.com/role/DiscontinuedOperations" xlink:href="mara-20130331.xsd#DiscontinuedOperations" xlink:type="simple" />
    <link:roleRef roleURI="http://marathonpg.com/role/IntangibleAssets" xlink:href="mara-20130331.xsd#IntangibleAssets" xlink:type="simple" />
    <link:roleRef roleURI="http://marathonpg.com/role/StockholdersEquity" xlink:href="mara-20130331.xsd#StockholdersEquity" xlink:type="simple" />
    <link:roleRef roleURI="http://marathonpg.com/role/RelatedPartyTransactions" xlink:href="mara-20130331.xsd#RelatedPartyTransactions" xlink:type="simple" />
    <link:roleRef roleURI="http://marathonpg.com/role/CommitmentsAndContingencies" xlink:href="mara-20130331.xsd#CommitmentsAndContingencies" xlink:type="simple" />
    <link:roleRef roleURI="http://marathonpg.com/role/MarketableSecurities" xlink:href="mara-20130331.xsd#MarketableSecurities" xlink:type="simple" />
    <link:roleRef roleURI="http://marathonpg.com/role/SubsequentEvents" xlink:href="mara-20130331.xsd#SubsequentEvents" xlink:type="simple" />
    <link:roleRef roleURI="http://marathonpg.com/role/SummaryOfSignificantAccountingPoliciesPolicies" xlink:href="mara-20130331.xsd#SummaryOfSignificantAccountingPoliciesPolicies" xlink:type="simple" />
    <link:roleRef roleURI="http://marathonpg.com/role/SummaryOfSignificantAccountingPoliciesTables" xlink:href="mara-20130331.xsd#SummaryOfSignificantAccountingPoliciesTables" xlink:type="simple" />
    <link:roleRef roleURI="http://marathonpg.com/role/DiscontinuedOperationsTables" xlink:href="mara-20130331.xsd#DiscontinuedOperationsTables" xlink:type="simple" />
    <link:roleRef roleURI="http://marathonpg.com/role/IntangibleAssetsTables" xlink:href="mara-20130331.xsd#IntangibleAssetsTables" xlink:type="simple" />
    <link:roleRef roleURI="http://marathonpg.com/role/StockholdersEquityTables" xlink:href="mara-20130331.xsd#StockholdersEquityTables" xlink:type="simple" />
    <link:roleRef roleURI="http://marathonpg.com/role/CommitmentsAndContingenciesTables" xlink:href="mara-20130331.xsd#CommitmentsAndContingenciesTables" xlink:type="simple" />
    <link:roleRef roleURI="http://marathonpg.com/role/MarketableSecuritiesTables" xlink:href="mara-20130331.xsd#MarketableSecuritiesTables" xlink:type="simple" />
    <link:roleRef roleURI="http://marathonpg.com/role/SummaryOfSignificantAccountingPolicies-ScheduleOfFairValueAssetsDetails" xlink:href="mara-20130331.xsd#SummaryOfSignificantAccountingPolicies-ScheduleOfFairValueAssetsDetails" xlink:type="simple" />
    <link:roleRef roleURI="http://marathonpg.com/role/SummaryOfSignificantAccountingPolicies-ScheduleOfBasicAndDilutedLossPerShareDetails" xlink:href="mara-20130331.xsd#SummaryOfSignificantAccountingPolicies-ScheduleOfBasicAndDilutedLossPerShareDetails" xlink:type="simple" />
    <link:roleRef roleURI="http://marathonpg.com/role/DiscontinuedOperations-ScheduleOfAssetsAndLiabilitiesDetails" xlink:href="mara-20130331.xsd#DiscontinuedOperations-ScheduleOfAssetsAndLiabilitiesDetails" xlink:type="simple" />
    <link:roleRef roleURI="http://marathonpg.com/role/DiscontinuedOperations-ScheduleDiscontinuedOperationsDetails" xlink:href="mara-20130331.xsd#DiscontinuedOperations-ScheduleDiscontinuedOperationsDetails" xlink:type="simple" />
    <link:roleRef roleURI="http://marathonpg.com/role/IntangibleAssets-ScheduleOfIntangibleAssetsDetails" xlink:href="mara-20130331.xsd#IntangibleAssets-ScheduleOfIntangibleAssetsDetails" xlink:type="simple" />
    <link:roleRef roleURI="http://marathonpg.com/role/IntangibleAssets-ScheduleOfAmortizationExpenseDetails" xlink:href="mara-20130331.xsd#IntangibleAssets-ScheduleOfAmortizationExpenseDetails" xlink:type="simple" />
    <link:roleRef roleURI="http://marathonpg.com/role/StockholdersEquity-OutstandingStockWarrantsAndChangesDetails" xlink:href="mara-20130331.xsd#StockholdersEquity-OutstandingStockWarrantsAndChangesDetails" xlink:type="simple" />
    <link:roleRef roleURI="http://marathonpg.com/role/StockholdersEquity-SummaryOfStockOptionsAndChangesDetails" xlink:href="mara-20130331.xsd#StockholdersEquity-SummaryOfStockOptionsAndChangesDetails" xlink:type="simple" />
    <link:roleRef roleURI="http://marathonpg.com/role/CommitmentsAndContingencies-ScheduleOfFutureRentalPaymentsDetails" xlink:href="mara-20130331.xsd#CommitmentsAndContingencies-ScheduleOfFutureRentalPaymentsDetails" xlink:type="simple" />
    <link:roleRef roleURI="http://marathonpg.com/role/CommitmentsAndContingencies-ScheduleOfRoyaltyPaymentsDetails" xlink:href="mara-20130331.xsd#CommitmentsAndContingencies-ScheduleOfRoyaltyPaymentsDetails" xlink:type="simple" />
    <link:roleRef roleURI="http://marathonpg.com/role/MarketableSecurities-ScheduleOfMarketableSecuritiesDetails" xlink:href="mara-20130331.xsd#MarketableSecurities-ScheduleOfMarketableSecuritiesDetails" xlink:type="simple" />
    <link:roleRef roleURI="http://marathonpg.com/role/OrganizationAndDescriptionOfBusinessDetailsNarrative" xlink:href="mara-20130331.xsd#OrganizationAndDescriptionOfBusinessDetailsNarrative" xlink:type="simple" />
    <link:roleRef roleURI="http://marathonpg.com/role/GoingConcernDetailsNarrative" xlink:href="mara-20130331.xsd#GoingConcernDetailsNarrative" xlink:type="simple" />
    <link:roleRef roleURI="http://marathonpg.com/role/SummaryOfSignificantAccountingPoliciesDetailsNarrative" xlink:href="mara-20130331.xsd#SummaryOfSignificantAccountingPoliciesDetailsNarrative" xlink:type="simple" />
    <link:roleRef roleURI="http://marathonpg.com/role/DiscontinuedOperationsDetailsNarrative" xlink:href="mara-20130331.xsd#DiscontinuedOperationsDetailsNarrative" xlink:type="simple" />
    <link:roleRef roleURI="http://marathonpg.com/role/IntangibleAssetsDetailsNarrative" xlink:href="mara-20130331.xsd#IntangibleAssetsDetailsNarrative" xlink:type="simple" />
    <link:roleRef roleURI="http://marathonpg.com/role/StockholdersEquityDeficitDetailsNarrative" xlink:href="mara-20130331.xsd#StockholdersEquityDeficitDetailsNarrative" xlink:type="simple" />
    <link:roleRef roleURI="http://marathonpg.com/role/RelatedPartyTransactionsDetailsNarrative" xlink:href="mara-20130331.xsd#RelatedPartyTransactionsDetailsNarrative" xlink:type="simple" />
    <link:roleRef roleURI="http://marathonpg.com/role/CommitmentsAndContingenciesDetailsNarrative" xlink:href="mara-20130331.xsd#CommitmentsAndContingenciesDetailsNarrative" xlink:type="simple" />
    <link:roleRef roleURI="http://marathonpg.com/role/MarketableSecuritiesDetailsNarrative" xlink:href="mara-20130331.xsd#MarketableSecuritiesDetailsNarrative" xlink:type="simple" />
    <link:roleRef roleURI="http://marathonpg.com/role/SubsequentEventsDetailsNarrative" xlink:href="mara-20130331.xsd#SubsequentEventsDetailsNarrative" xlink:type="simple" />
    <link:arcroleRef xlink:type="simple" xlink:href="http://www.xbrl.org/2005/xbrldt-2005.xsd#hypercube-dimension" arcroleURI="http://xbrl.org/int/dim/arcrole/hypercube-dimension" />
    <link:arcroleRef xlink:type="simple" xlink:href="http://www.xbrl.org/2005/xbrldt-2005.xsd#dimension-domain" arcroleURI="http://xbrl.org/int/dim/arcrole/dimension-domain" />
    <link:arcroleRef xlink:type="simple" xlink:href="http://www.xbrl.org/2005/xbrldt-2005.xsd#domain-member" arcroleURI="http://xbrl.org/int/dim/arcrole/domain-member" />
    <link:arcroleRef xlink:type="simple" xlink:href="http://www.xbrl.org/2005/xbrldt-2005.xsd#all" arcroleURI="http://xbrl.org/int/dim/arcrole/all" />
    <link:arcroleRef xlink:type="simple" xlink:href="http://www.xbrl.org/2005/xbrldt-2005.xsd#notAll" arcroleURI="http://xbrl.org/int/dim/arcrole/notAll" />
    <link:arcroleRef xlink:type="simple" xlink:href="http://www.xbrl.org/2005/xbrldt-2005.xsd#dimension-default" arcroleURI="http://xbrl.org/int/dim/arcrole/dimension-default" />
    <link:definitionLink xlink:type="extended" xlink:role="http://marathonpg.com/role/DocumentAndEntityInformation" xlink:title="0001 - Document - Document and Entity Information" />
    <link:definitionLink xlink:type="extended" xlink:role="http://marathonpg.com/role/BalanceSheets" xlink:title="0002 - Statement - Consolidated Balance Sheets (Unaudited)" />
    <link:definitionLink xlink:type="extended" xlink:role="http://marathonpg.com/role/BalanceSheetsParenthetical" xlink:title="0003 - Statement - Consolidated Balance Sheets (Parenthetical)" />
    <link:definitionLink xlink:type="extended" xlink:role="http://marathonpg.com/role/StatementsOfOperations" xlink:title="0004 - Statement - Consolidated Statements of Operations (Unaudited)" />
    <link:definitionLink xlink:type="extended" xlink:role="http://marathonpg.com/role/StatementsOfCashFlows" xlink:title="0005 - Statement - Consolidated Statements of Cash Flows (Unaudited)" />
    <link:definitionLink xlink:type="extended" xlink:role="http://marathonpg.com/role/OrganizationAndDescriptionOfBusiness" xlink:title="0006 - Disclosure - ORGANIZATION AND DESCRIPTION OF BUSINESS" />
    <link:definitionLink xlink:type="extended" xlink:role="http://marathonpg.com/role/GoingConcern" xlink:title="0007 - Disclosure - Going Concern" />
    <link:definitionLink xlink:type="extended" xlink:role="http://marathonpg.com/role/SummaryOfSignificantAccountingPolicies" xlink:title="0008 - Disclosure - SUMMARY OF SIGNIFICANT ACCOUNTING POLICIES" />
    <link:definitionLink xlink:type="extended" xlink:role="http://marathonpg.com/role/DiscontinuedOperations" xlink:title="0009 - Disclosure - DISCONTINUED OPERATIONS" />
    <link:definitionLink xlink:type="extended" xlink:role="http://marathonpg.com/role/IntangibleAssets" xlink:title="0010 - Disclosure - INTANGIBLE ASSETS" />
    <link:definitionLink xlink:type="extended" xlink:role="http://marathonpg.com/role/StockholdersEquity" xlink:title="0011 - Disclosure - STOCKHOLDERS' EQUITY" />
    <link:definitionLink xlink:type="extended" xlink:role="http://marathonpg.com/role/RelatedPartyTransactions" xlink:title="0012 - Disclosure - RELATED PARTY TRANSACTIONS" />
    <link:definitionLink xlink:type="extended" xlink:role="http://marathonpg.com/role/CommitmentsAndContingencies" xlink:title="0013 - Disclosure - COMMITMENTS AND CONTINGENCIES" />
    <link:definitionLink xlink:type="extended" xlink:role="http://marathonpg.com/role/MarketableSecurities" xlink:title="0014 - Disclosure - MARKETABLE SECURITIES" />
    <link:definitionLink xlink:type="extended" xlink:role="http://marathonpg.com/role/SubsequentEvents" xlink:title="0015 - Disclosure - SUBSEQUENT EVENTS" />
    <link:definitionLink xlink:type="extended" xlink:role="http://marathonpg.com/role/SummaryOfSignificantAccountingPoliciesPolicies" xlink:title="0016 - Disclosure - SUMMARY OF SIGNIFICANT ACCOUNTING POLICIES (Policies)" />
    <link:definitionLink xlink:type="extended" xlink:role="http://marathonpg.com/role/SummaryOfSignificantAccountingPoliciesTables" xlink:title="0017 - Disclosure - SUMMARY OF SIGNIFICANT ACCOUNTING POLICIES (Tables)" />
    <link:definitionLink xlink:type="extended" xlink:role="http://marathonpg.com/role/DiscontinuedOperationsTables" xlink:title="0018 - Disclosure - DISCONTINUED OPERATIONS (Tables)" />
    <link:definitionLink xlink:type="extended" xlink:role="http://marathonpg.com/role/IntangibleAssetsTables" xlink:title="0019 - Disclosure - INTANGIBLE ASSETS (Tables)" />
    <link:definitionLink xlink:type="extended" xlink:role="http://marathonpg.com/role/StockholdersEquityTables" xlink:title="0020 - Disclosure - STOCKHOLDERS' EQUITY (Tables)" />
    <link:definitionLink xlink:type="extended" xlink:role="http://marathonpg.com/role/CommitmentsAndContingenciesTables" xlink:title="0021 - Disclosure - COMMITMENTS AND CONTINGENCIES (Tables)" />
    <link:definitionLink xlink:type="extended" xlink:role="http://marathonpg.com/role/MarketableSecuritiesTables" xlink:title="0022 - Disclosure - MARKETABLE SECURITIES (Tables)" />
    <link:definitionLink xlink:type="extended" xlink:role="http://marathonpg.com/role/SummaryOfSignificantAccountingPolicies-ScheduleOfFairValueAssetsDetails" xlink:title="0023 - Disclosure - SUMMARY OF SIGNIFICANT ACCOUNTING POLICIES - Schedule of Fair Value Assets (Details)">
      <link:loc xlink:type="locator" xlink:href="http://xbrl.fasb.org/us-gaap/2012/elts/us-gaap-2012-01-31.xsd#us-gaap_StatementLineItems" xlink:label="loc_MARAStatementLineItems" />
      <link:loc xlink:type="locator" xlink:href="http://xbrl.fasb.org/us-gaap/2012/elts/us-gaap-2012-01-31.xsd#us-gaap_StatementTable" xlink:label="loc_MARAStatementTable" />
      <link:definitionArc xlink:arcrole="http://xbrl.org/int/dim/arcrole/all" xbrldt:contextElement="segment" xlink:from="loc_MARAStatementLineItems" xlink:to="loc_MARAStatementTable" xlink:type="arc" order="10" xbrldt:closed="true" />
      <link:loc xlink:type="locator" xlink:href="http://xbrl.fasb.org/us-gaap/2012/elts/us-gaap-2012-01-31.xsd#us-gaap_SecuritiesFinancingTransactionAxis" xlink:label="loc_MARASecuritiesFinancingTransactionAxis" />
      <link:definitionArc xlink:arcrole="http://xbrl.org/int/dim/arcrole/hypercube-dimension" xlink:from="loc_MARAStatementTable" xlink:to="loc_MARASecuritiesFinancingTransactionAxis" xlink:type="arc" order="1" />
      <link:loc xlink:type="locator" xlink:href="http://xbrl.fasb.org/us-gaap/2012/elts/us-gaap-2012-01-31.xsd#us-gaap_SecuritiesFinancingTransactionTypeDomain" xlink:label="loc_MARASecuritiesFinancingTransactionTypeDomain" />
      <link:definitionArc xlink:arcrole="http://xbrl.org/int/dim/arcrole/dimension-domain" xlink:from="loc_MARASecuritiesFinancingTransactionAxis" xlink:to="loc_MARASecuritiesFinancingTransactionTypeDomain" xlink:type="arc" order="20" />
      <link:loc xlink:type="locator" xlink:href="http://xbrl.fasb.org/us-gaap/2012/elts/us-gaap-2012-01-31.xsd#us-gaap_SecuritiesFinancingTransactionTypeDomain" xlink:label="loc_MARASecuritiesFinancingTransactionTypeDomain_10" />
      <link:definitionArc xlink:arcrole="http://xbrl.org/int/dim/arcrole/dimension-default" xbrldt:contextElement="segment" xlink:from="loc_MARASecuritiesFinancingTransactionAxis" xlink:to="loc_MARASecuritiesFinancingTransactionTypeDomain_10" xlink:type="arc" order="30" />
      <link:loc xlink:type="locator" xlink:href="http://xbrl.fasb.org/us-gaap/2012/elts/us-gaap-2012-01-31.xsd#us-gaap_FairValueInputsLevel1Member" xlink:label="loc_MARAFairValueInputsLevel1Member_0" />
      <link:definitionArc xlink:arcrole="http://xbrl.org/int/dim/arcrole/domain-member" xlink:from="loc_MARASecuritiesFinancingTransactionTypeDomain" xlink:to="loc_MARAFairValueInputsLevel1Member_0" xlink:type="arc" order="1" />
      <link:loc xlink:type="locator" xlink:href="http://xbrl.fasb.org/us-gaap/2012/elts/us-gaap-2012-01-31.xsd#us-gaap_FairValueInputsLevel2Member" xlink:label="loc_MARAFairValueInputsLevel2Member_10" />
      <link:definitionArc xlink:arcrole="http://xbrl.org/int/dim/arcrole/domain-member" xlink:from="loc_MARASecuritiesFinancingTransactionTypeDomain" xlink:to="loc_MARAFairValueInputsLevel2Member_10" xlink:type="arc" order="11" />
      <link:loc xlink:type="locator" xlink:href="http://xbrl.fasb.org/us-gaap/2012/elts/us-gaap-2012-01-31.xsd#us-gaap_FairValueInputsLevel3Member" xlink:label="loc_MARAFairValueInputsLevel3Member_20" />
      <link:definitionArc xlink:arcrole="http://xbrl.org/int/dim/arcrole/domain-member" xlink:from="loc_MARASecuritiesFinancingTransactionTypeDomain" xlink:to="loc_MARAFairValueInputsLevel3Member_20" xlink:type="arc" order="21" />
      <link:loc xlink:type="locator" xlink:href="http://xbrl.fasb.org/us-gaap/2012/elts/us-gaap-2012-01-31.xsd#us-gaap_AvailableForSaleSecuritiesFairValueDisclosure" xlink:label="loc_MARAAvailableForSaleSecuritiesFairValueDisclosure_40" />
      <link:definitionArc xlink:arcrole="http://xbrl.org/int/dim/arcrole/domain-member" xlink:from="loc_MARAStatementLineItems" xlink:to="loc_MARAAvailableForSaleSecuritiesFairValueDisclosure_40" xlink:type="arc" order="2" />
    </link:definitionLink>
    <link:definitionLink xlink:type="extended" xlink:role="http://marathonpg.com/role/SummaryOfSignificantAccountingPolicies-ScheduleOfBasicAndDilutedLossPerShareDetails" xlink:title="0024 - Disclosure - SUMMARY OF SIGNIFICANT ACCOUNTING POLICIES - Schedule of Basic and Diluted Loss Per Share (Details)" />
    <link:definitionLink xlink:type="extended" xlink:role="http://marathonpg.com/role/DiscontinuedOperations-ScheduleOfAssetsAndLiabilitiesDetails" xlink:title="0025 - Disclosure - DISCONTINUED OPERATIONS - Schedule of Assets and Liabilities (Details)" />
    <link:definitionLink xlink:type="extended" xlink:role="http://marathonpg.com/role/DiscontinuedOperations-ScheduleDiscontinuedOperationsDetails" xlink:title="0026 - Disclosure - DISCONTINUED OPERATIONS - Schedule Discontinued Operations (Details)" />
    <link:definitionLink xlink:type="extended" xlink:role="http://marathonpg.com/role/IntangibleAssets-ScheduleOfIntangibleAssetsDetails" xlink:title="0027 - Disclosure - INTANGIBLE ASSETS - Schedule of Intangible Assets (Details)" />
    <link:definitionLink xlink:type="extended" xlink:role="http://marathonpg.com/role/IntangibleAssets-ScheduleOfAmortizationExpenseDetails" xlink:title="0028 - Disclosure - INTANGIBLE ASSETS - Schedule of Amortization Expense (Details)" />
    <link:definitionLink xlink:type="extended" xlink:role="http://marathonpg.com/role/StockholdersEquity-OutstandingStockWarrantsAndChangesDetails" xlink:title="0029 - Disclosure - STOCKHOLDERS' EQUITY - Outstanding stock warrants and changes (Details)">
      <link:loc xlink:type="locator" xlink:href="http://xbrl.fasb.org/us-gaap/2012/elts/us-gaap-2012-01-31.xsd#us-gaap_StatementLineItems" xlink:label="loc_MARAStatementLineItems" />
      <link:loc xlink:type="locator" xlink:href="http://xbrl.fasb.org/us-gaap/2012/elts/us-gaap-2012-01-31.xsd#us-gaap_StatementTable" xlink:label="loc_MARAStatementTable" />
      <link:definitionArc xlink:arcrole="http://xbrl.org/int/dim/arcrole/all" xbrldt:contextElement="segment" xlink:from="loc_MARAStatementLineItems" xlink:to="loc_MARAStatementTable" xlink:type="arc" order="10" xbrldt:closed="true" />
      <link:loc xlink:type="locator" xlink:href="http://xbrl.fasb.org/us-gaap/2012/elts/us-gaap-2012-01-31.xsd#us-gaap_ClassOfWarrantOrRightAxis" xlink:label="loc_MARAClassOfWarrantOrRightAxis" />
      <link:definitionArc xlink:arcrole="http://xbrl.org/int/dim/arcrole/hypercube-dimension" xlink:from="loc_MARAStatementTable" xlink:to="loc_MARAClassOfWarrantOrRightAxis" xlink:type="arc" order="1" />
      <link:loc xlink:type="locator" xlink:href="http://xbrl.fasb.org/us-gaap/2012/elts/us-gaap-2012-01-31.xsd#us-gaap_ClassOfWarrantOrRightDomain" xlink:label="loc_MARAClassOfWarrantOrRightDomain" />
      <link:definitionArc xlink:arcrole="http://xbrl.org/int/dim/arcrole/dimension-domain" xlink:from="loc_MARAClassOfWarrantOrRightAxis" xlink:to="loc_MARAClassOfWarrantOrRightDomain" xlink:type="arc" order="20" />
      <link:loc xlink:type="locator" xlink:href="http://xbrl.fasb.org/us-gaap/2012/elts/us-gaap-2012-01-31.xsd#us-gaap_ClassOfWarrantOrRightDomain" xlink:label="loc_MARAClassOfWarrantOrRightDomain_10" />
      <link:definitionArc xlink:arcrole="http://xbrl.org/int/dim/arcrole/dimension-default" xbrldt:contextElement="segment" xlink:from="loc_MARAClassOfWarrantOrRightAxis" xlink:to="loc_MARAClassOfWarrantOrRightDomain_10" xlink:type="arc" order="30" />
      <link:loc xlink:type="locator" xlink:href="http://xbrl.fasb.org/us-gaap/2012/elts/us-gaap-2012-01-31.xsd#us-gaap_WarrantMember" xlink:label="loc_MARAWarrantMember_10" />
      <link:definitionArc xlink:arcrole="http://xbrl.org/int/dim/arcrole/domain-member" xlink:from="loc_MARAClassOfWarrantOrRightDomain" xlink:to="loc_MARAWarrantMember_10" xlink:type="arc" order="11" />
      <link:loc xlink:type="locator" xlink:href="http://xbrl.fasb.org/us-gaap/2012/elts/us-gaap-2012-01-31.xsd#us-gaap_WeightedAverageMember" xlink:label="loc_MARAWeightedAverageMember_20" />
      <link:definitionArc xlink:arcrole="http://xbrl.org/int/dim/arcrole/domain-member" xlink:from="loc_MARAClassOfWarrantOrRightDomain" xlink:to="loc_MARAWeightedAverageMember_20" xlink:type="arc" order="21" />
      <link:loc xlink:type="locator" xlink:href="mara-20130331.xsd#MARA_WeightedAverageRemainingContractualLifeMember" xlink:label="loc_MARAWeightedAverageRemainingContractualLifeMember_30" />
      <link:definitionArc xlink:arcrole="http://xbrl.org/int/dim/arcrole/domain-member" xlink:from="loc_MARAClassOfWarrantOrRightDomain" xlink:to="loc_MARAWeightedAverageRemainingContractualLifeMember_30" xlink:type="arc" order="31" />
      <link:loc xlink:type="locator" xlink:href="http://xbrl.fasb.org/us-gaap/2012/elts/us-gaap-2012-01-31.xsd#us-gaap_ShareBasedCompensationArrangementByShareBasedPaymentAwardNonOptionEquityInstrumentsOutstandingNumber" xlink:label="loc_MARAShareBasedCompensationArrangementByShareBasedPaymentAwardNonOptionEquityInstrumentsOutstandingNumber_60" />
      <link:definitionArc xlink:arcrole="http://xbrl.org/int/dim/arcrole/domain-member" xlink:from="loc_MARAStatementLineItems" xlink:to="loc_MARAShareBasedCompensationArrangementByShareBasedPaymentAwardNonOptionEquityInstrumentsOutstandingNumber_60" xlink:type="arc" order="1" />
      <link:loc xlink:type="locator" xlink:href="http://xbrl.fasb.org/us-gaap/2012/elts/us-gaap-2012-01-31.xsd#us-gaap_ShareBasedCompensationArrangementByShareBasedPaymentAwardFairValueAssumptionsExercisePrice" xlink:label="loc_MARAShareBasedCompensationArrangementByShareBasedPaymentAwardFairValueAssumptionsExercisePrice_60" />
      <link:definitionArc xlink:arcrole="http://xbrl.org/int/dim/arcrole/domain-member" xlink:from="loc_MARAStatementLineItems" xlink:to="loc_MARAShareBasedCompensationArrangementByShareBasedPaymentAwardFairValueAssumptionsExercisePrice_60" xlink:type="arc" order="2" />
      <link:loc xlink:type="locator" xlink:href="mara-20130331.xsd#MARA_ShareBasedCompensationArrangementByShareBasedPaymentAwardNonOptionEquityInstrumentsOutstandingTerm" xlink:label="loc_MARAShareBasedCompensationArrangementByShareBasedPaymentAwardNonOptionEquityInstrumentsOutstandingTerm_60" />
      <link:definitionArc xlink:arcrole="http://xbrl.org/int/dim/arcrole/domain-member" xlink:from="loc_MARAStatementLineItems" xlink:to="loc_MARAShareBasedCompensationArrangementByShareBasedPaymentAwardNonOptionEquityInstrumentsOutstandingTerm_60" xlink:type="arc" order="3" />
      <link:loc xlink:type="locator" xlink:href="http://xbrl.fasb.org/us-gaap/2012/elts/us-gaap-2012-01-31.xsd#us-gaap_ShareBasedCompensationArrangementByShareBasedPaymentAwardNonOptionEquityInstrumentsGranted" xlink:label="loc_MARAShareBasedCompensationArrangementByShareBasedPaymentAwardNonOptionEquityInstrumentsGranted_60" />
      <link:definitionArc xlink:arcrole="http://xbrl.org/int/dim/arcrole/domain-member" xlink:from="loc_MARAStatementLineItems" xlink:to="loc_MARAShareBasedCompensationArrangementByShareBasedPaymentAwardNonOptionEquityInstrumentsGranted_60" xlink:type="arc" order="4" />
      <link:loc xlink:type="locator" xlink:href="http://xbrl.fasb.org/us-gaap/2012/elts/us-gaap-2012-01-31.xsd#us-gaap_ShareBasedCompensationArrangementsByShareBasedPaymentAwardOptionsGrantsInPeriodWeightedAverageExercisePrice" xlink:label="loc_MARAShareBasedCompensationArrangementsByShareBasedPaymentAwardOptionsGrantsInPeriodWeightedAverageExercisePrice_60" />
      <link:definitionArc xlink:arcrole="http://xbrl.org/int/dim/arcrole/domain-member" xlink:from="loc_MARAStatementLineItems" xlink:to="loc_MARAShareBasedCompensationArrangementsByShareBasedPaymentAwardOptionsGrantsInPeriodWeightedAverageExercisePrice_60" xlink:type="arc" order="5" />
      <link:loc xlink:type="locator" xlink:href="http://xbrl.fasb.org/us-gaap/2012/elts/us-gaap-2012-01-31.xsd#us-gaap_SharebasedCompensationArrangementBySharebasedPaymentAwardFairValueAssumptionsExpectedTerm1" xlink:label="loc_MARASharebasedCompensationArrangementBySharebasedPaymentAwardFairValueAssumptionsExpectedTerm1_60" />
      <link:definitionArc xlink:arcrole="http://xbrl.org/int/dim/arcrole/domain-member" xlink:from="loc_MARAStatementLineItems" xlink:to="loc_MARASharebasedCompensationArrangementBySharebasedPaymentAwardFairValueAssumptionsExpectedTerm1_60" xlink:type="arc" order="6" />
      <link:loc xlink:type="locator" xlink:href="http://xbrl.fasb.org/us-gaap/2012/elts/us-gaap-2012-01-31.xsd#us-gaap_ShareBasedCompensationArrangementByShareBasedPaymentAwardNonOptionEquityInstrumentsForfeituresAndExpirations" xlink:label="loc_MARAShareBasedCompensationArrangementByShareBasedPaymentAwardNonOptionEquityInstrumentsForfeituresAndExpirations_60" />
      <link:definitionArc xlink:arcrole="http://xbrl.org/int/dim/arcrole/domain-member" xlink:from="loc_MARAStatementLineItems" xlink:to="loc_MARAShareBasedCompensationArrangementByShareBasedPaymentAwardNonOptionEquityInstrumentsForfeituresAndExpirations_60" xlink:type="arc" order="7" />
      <link:loc xlink:type="locator" xlink:href="http://xbrl.fasb.org/us-gaap/2012/elts/us-gaap-2012-01-31.xsd#us-gaap_ShareBasedCompensationArrangementByShareBasedPaymentAwardEquityInstrumentsOtherThanOptionsForfeituresWeightedAverageGrantDateFairValue" xlink:label="loc_MARAShareBasedCompensationArrangementByShareBasedPaymentAwardEquityInstrumentsOtherThanOptionsForfeituresWeightedAverageGrantDateFairValue_60" />
      <link:definitionArc xlink:arcrole="http://xbrl.org/int/dim/arcrole/domain-member" xlink:from="loc_MARAStatementLineItems" xlink:to="loc_MARAShareBasedCompensationArrangementByShareBasedPaymentAwardEquityInstrumentsOtherThanOptionsForfeituresWeightedAverageGrantDateFairValue_60" xlink:type="arc" order="8" />
      <link:loc xlink:type="locator" xlink:href="mara-20130331.xsd#MARA_SharebasedCompensationArrangementBySharebasedPaymentAwardFairValueAssumptionsExpectedTerm2" xlink:label="loc_MARASharebasedCompensationArrangementBySharebasedPaymentAwardFairValueAssumptionsExpectedTerm2_60" />
      <link:definitionArc xlink:arcrole="http://xbrl.org/int/dim/arcrole/domain-member" xlink:from="loc_MARAStatementLineItems" xlink:to="loc_MARASharebasedCompensationArrangementBySharebasedPaymentAwardFairValueAssumptionsExpectedTerm2_60" xlink:type="arc" order="9" />
      <link:loc xlink:type="locator" xlink:href="http://xbrl.fasb.org/us-gaap/2012/elts/us-gaap-2012-01-31.xsd#us-gaap_ShareBasedCompensationArrangementByShareBasedPaymentAwardNonOptionEquityInstrumentsForfeitures" xlink:label="loc_MARAShareBasedCompensationArrangementByShareBasedPaymentAwardNonOptionEquityInstrumentsForfeitures_60" />
      <link:definitionArc xlink:arcrole="http://xbrl.org/int/dim/arcrole/domain-member" xlink:from="loc_MARAStatementLineItems" xlink:to="loc_MARAShareBasedCompensationArrangementByShareBasedPaymentAwardNonOptionEquityInstrumentsForfeitures_60" xlink:type="arc" order="10" />
      <link:loc xlink:type="locator" xlink:href="http://xbrl.fasb.org/us-gaap/2012/elts/us-gaap-2012-01-31.xsd#us-gaap_ShareBasedCompensationArrangementByShareBasedPaymentAwardNonOptionEquityInstrumentsExercised" xlink:label="loc_MARAShareBasedCompensationArrangementByShareBasedPaymentAwardNonOptionEquityInstrumentsExercised_60" />
      <link:definitionArc xlink:arcrole="http://xbrl.org/int/dim/arcrole/domain-member" xlink:from="loc_MARAStatementLineItems" xlink:to="loc_MARAShareBasedCompensationArrangementByShareBasedPaymentAwardNonOptionEquityInstrumentsExercised_60" xlink:type="arc" order="11" />
      <link:loc xlink:type="locator" xlink:href="http://xbrl.fasb.org/us-gaap/2012/elts/us-gaap-2012-01-31.xsd#us-gaap_ShareBasedCompensationArrangementsByShareBasedPaymentAwardOptionsExercisesInPeriodWeightedAverageExercisePrice" xlink:label="loc_MARAShareBasedCompensationArrangementsByShareBasedPaymentAwardOptionsExercisesInPeriodWeightedAverageExercisePrice_60" />
      <link:definitionArc xlink:arcrole="http://xbrl.org/int/dim/arcrole/domain-member" xlink:from="loc_MARAStatementLineItems" xlink:to="loc_MARAShareBasedCompensationArrangementsByShareBasedPaymentAwardOptionsExercisesInPeriodWeightedAverageExercisePrice_60" xlink:type="arc" order="12" />
      <link:loc xlink:type="locator" xlink:href="mara-20130331.xsd#MARA_SharebasedCompensationArrangementBySharebasedPaymentAwardFairValueAssumptionsExpectedTerm3" xlink:label="loc_MARASharebasedCompensationArrangementBySharebasedPaymentAwardFairValueAssumptionsExpectedTerm3_60" />
      <link:definitionArc xlink:arcrole="http://xbrl.org/int/dim/arcrole/domain-member" xlink:from="loc_MARAStatementLineItems" xlink:to="loc_MARASharebasedCompensationArrangementBySharebasedPaymentAwardFairValueAssumptionsExpectedTerm3_60" xlink:type="arc" order="13" />
      <link:loc xlink:type="locator" xlink:href="http://xbrl.fasb.org/us-gaap/2012/elts/us-gaap-2012-01-31.xsd#us-gaap_ShareBasedCompensationSharesAuthorizedUnderStockOptionPlansExercisePriceRangeNumberOfExercisableOptions" xlink:label="loc_MARAShareBasedCompensationSharesAuthorizedUnderStockOptionPlansExercisePriceRangeNumberOfExercisableOptions_60" />
      <link:definitionArc xlink:arcrole="http://xbrl.org/int/dim/arcrole/domain-member" xlink:from="loc_MARAStatementLineItems" xlink:to="loc_MARAShareBasedCompensationSharesAuthorizedUnderStockOptionPlansExercisePriceRangeNumberOfExercisableOptions_60" xlink:type="arc" order="14" />
      <link:loc xlink:type="locator" xlink:href="http://xbrl.fasb.org/us-gaap/2012/elts/us-gaap-2012-01-31.xsd#us-gaap_SharebasedCompensationSharesAuthorizedUnderStockOptionPlansExercisePriceRangeExercisableOptionsWeightedAverageExercisePrice1" xlink:label="loc_MARASharebasedCompensationSharesAuthorizedUnderStockOptionPlansExercisePriceRangeExercisableOptionsWeightedAverageExercisePrice1_60" />
      <link:definitionArc xlink:arcrole="http://xbrl.org/int/dim/arcrole/domain-member" xlink:from="loc_MARAStatementLineItems" xlink:to="loc_MARASharebasedCompensationSharesAuthorizedUnderStockOptionPlansExercisePriceRangeExercisableOptionsWeightedAverageExercisePrice1_60" xlink:type="arc" order="15" />
      <link:loc xlink:type="locator" xlink:href="http://xbrl.fasb.org/us-gaap/2012/elts/us-gaap-2012-01-31.xsd#us-gaap_ShareBasedCompensationArrangementByShareBasedPaymentAwardEquityInstrumentsOtherThanOptionsGrantsInPeriodWeightedAverageGrantDateFairValue" xlink:label="loc_MARAShareBasedCompensationArrangementByShareBasedPaymentAwardEquityInstrumentsOtherThanOptionsGrantsInPeriodWeightedAverageGrantDateFairValue_60" />
      <link:definitionArc xlink:arcrole="http://xbrl.org/int/dim/arcrole/domain-member" xlink:from="loc_MARAStatementLineItems" xlink:to="loc_MARAShareBasedCompensationArrangementByShareBasedPaymentAwardEquityInstrumentsOtherThanOptionsGrantsInPeriodWeightedAverageGrantDateFairValue_60" xlink:type="arc" order="16" />
    </link:definitionLink>
    <link:definitionLink xlink:type="extended" xlink:role="http://marathonpg.com/role/StockholdersEquity-SummaryOfStockOptionsAndChangesDetails" xlink:title="0030 - Disclosure - STOCKHOLDERS' EQUITY - Summary of stock options and changes (Details)">
      <link:loc xlink:type="locator" xlink:href="http://xbrl.fasb.org/us-gaap/2012/elts/us-gaap-2012-01-31.xsd#us-gaap_StatementLineItems" xlink:label="loc_MARAStatementLineItems" />
      <link:loc xlink:type="locator" xlink:href="http://xbrl.fasb.org/us-gaap/2012/elts/us-gaap-2012-01-31.xsd#us-gaap_StatementTable" xlink:label="loc_MARAStatementTable" />
      <link:definitionArc xlink:arcrole="http://xbrl.org/int/dim/arcrole/all" xbrldt:contextElement="segment" xlink:from="loc_MARAStatementLineItems" xlink:to="loc_MARAStatementTable" xlink:type="arc" order="10" xbrldt:closed="true" />
      <link:loc xlink:type="locator" xlink:href="http://xbrl.fasb.org/us-gaap/2012/elts/us-gaap-2012-01-31.xsd#us-gaap_StatementClassOfStockAxis" xlink:label="loc_MARAStatementClassOfStockAxis" />
      <link:definitionArc xlink:arcrole="http://xbrl.org/int/dim/arcrole/hypercube-dimension" xlink:from="loc_MARAStatementTable" xlink:to="loc_MARAStatementClassOfStockAxis" xlink:type="arc" order="1" />
      <link:loc xlink:type="locator" xlink:href="http://xbrl.fasb.org/us-gaap/2012/elts/us-gaap-2012-01-31.xsd#us-gaap_ClassOfStockDomain" xlink:label="loc_MARAClassOfStockDomain" />
      <link:definitionArc xlink:arcrole="http://xbrl.org/int/dim/arcrole/dimension-domain" xlink:from="loc_MARAStatementClassOfStockAxis" xlink:to="loc_MARAClassOfStockDomain" xlink:type="arc" order="20" />
      <link:loc xlink:type="locator" xlink:href="http://xbrl.fasb.org/us-gaap/2012/elts/us-gaap-2012-01-31.xsd#us-gaap_ClassOfStockDomain" xlink:label="loc_MARAClassOfStockDomain_10" />
      <link:definitionArc xlink:arcrole="http://xbrl.org/int/dim/arcrole/dimension-default" xbrldt:contextElement="segment" xlink:from="loc_MARAStatementClassOfStockAxis" xlink:to="loc_MARAClassOfStockDomain_10" xlink:type="arc" order="30" />
      <link:loc xlink:type="locator" xlink:href="http://xbrl.fasb.org/us-gaap/2012/elts/us-gaap-2012-01-31.xsd#us-gaap_StockOptionsMember" xlink:label="loc_MARAStockOptionsMember_10" />
      <link:definitionArc xlink:arcrole="http://xbrl.org/int/dim/arcrole/domain-member" xlink:from="loc_MARAClassOfStockDomain" xlink:to="loc_MARAStockOptionsMember_10" xlink:type="arc" order="11" />
      <link:loc xlink:type="locator" xlink:href="http://xbrl.fasb.org/us-gaap/2012/elts/us-gaap-2012-01-31.xsd#us-gaap_WeightedAverageMember" xlink:label="loc_MARAWeightedAverageMember_20" />
      <link:definitionArc xlink:arcrole="http://xbrl.org/int/dim/arcrole/domain-member" xlink:from="loc_MARAClassOfStockDomain" xlink:to="loc_MARAWeightedAverageMember_20" xlink:type="arc" order="21" />
      <link:loc xlink:type="locator" xlink:href="mara-20130331.xsd#MARA_WeightedAverageRemainingContractualLifeMember" xlink:label="loc_MARAWeightedAverageRemainingContractualLifeMember_30" />
      <link:definitionArc xlink:arcrole="http://xbrl.org/int/dim/arcrole/domain-member" xlink:from="loc_MARAClassOfStockDomain" xlink:to="loc_MARAWeightedAverageRemainingContractualLifeMember_30" xlink:type="arc" order="31" />
      <link:loc xlink:type="locator" xlink:href="http://xbrl.fasb.org/us-gaap/2012/elts/us-gaap-2012-01-31.xsd#us-gaap_ShareBasedCompensationArrangementByShareBasedPaymentAwardOptionsOutstandingNumber" xlink:label="loc_MARAShareBasedCompensationArrangementByShareBasedPaymentAwardOptionsOutstandingNumber_60" />
      <link:definitionArc xlink:arcrole="http://xbrl.org/int/dim/arcrole/domain-member" xlink:from="loc_MARAStatementLineItems" xlink:to="loc_MARAShareBasedCompensationArrangementByShareBasedPaymentAwardOptionsOutstandingNumber_60" xlink:type="arc" order="0" />
      <link:loc xlink:type="locator" xlink:href="mara-20130331.xsd#MARA_StockOptionsBalanceExercisePrice" xlink:label="loc_MARAStockOptionsBalanceExercisePrice_60" />
      <link:definitionArc xlink:arcrole="http://xbrl.org/int/dim/arcrole/domain-member" xlink:from="loc_MARAStatementLineItems" xlink:to="loc_MARAStockOptionsBalanceExercisePrice_60" xlink:type="arc" order="1" />
      <link:loc xlink:type="locator" xlink:href="mara-20130331.xsd#MARA_StockOptionsBalanceContractualLife" xlink:label="loc_MARAStockOptionsBalanceContractualLife_60" />
      <link:definitionArc xlink:arcrole="http://xbrl.org/int/dim/arcrole/domain-member" xlink:from="loc_MARAStatementLineItems" xlink:to="loc_MARAStockOptionsBalanceContractualLife_60" xlink:type="arc" order="2" />
      <link:loc xlink:type="locator" xlink:href="http://xbrl.fasb.org/us-gaap/2012/elts/us-gaap-2012-01-31.xsd#us-gaap_ShareBasedCompensationArrangementByShareBasedPaymentAwardOptionsGrantsInPeriod" xlink:label="loc_MARAShareBasedCompensationArrangementByShareBasedPaymentAwardOptionsGrantsInPeriod_60" />
      <link:definitionArc xlink:arcrole="http://xbrl.org/int/dim/arcrole/domain-member" xlink:from="loc_MARAStatementLineItems" xlink:to="loc_MARAShareBasedCompensationArrangementByShareBasedPaymentAwardOptionsGrantsInPeriod_60" xlink:type="arc" order="3" />
      <link:loc xlink:type="locator" xlink:href="http://xbrl.fasb.org/us-gaap/2012/elts/us-gaap-2012-01-31.xsd#us-gaap_ShareBasedCompensationArrangementByShareBasedPaymentAwardOptionsGrantsInPeriodGrantDateIntrinsicValue" xlink:label="loc_MARAShareBasedCompensationArrangementByShareBasedPaymentAwardOptionsGrantsInPeriodGrantDateIntrinsicValue_60" />
      <link:definitionArc xlink:arcrole="http://xbrl.org/int/dim/arcrole/domain-member" xlink:from="loc_MARAStatementLineItems" xlink:to="loc_MARAShareBasedCompensationArrangementByShareBasedPaymentAwardOptionsGrantsInPeriodGrantDateIntrinsicValue_60" xlink:type="arc" order="4" />
      <link:loc xlink:type="locator" xlink:href="http://xbrl.fasb.org/us-gaap/2012/elts/us-gaap-2012-01-31.xsd#us-gaap_SharebasedCompensationArrangementBySharebasedPaymentAwardFairValueAssumptionsExpectedTerm1" xlink:label="loc_MARASharebasedCompensationArrangementBySharebasedPaymentAwardFairValueAssumptionsExpectedTerm1_60" />
      <link:definitionArc xlink:arcrole="http://xbrl.org/int/dim/arcrole/domain-member" xlink:from="loc_MARAStatementLineItems" xlink:to="loc_MARASharebasedCompensationArrangementBySharebasedPaymentAwardFairValueAssumptionsExpectedTerm1_60" xlink:type="arc" order="5" />
      <link:loc xlink:type="locator" xlink:href="http://xbrl.fasb.org/us-gaap/2012/elts/us-gaap-2012-01-31.xsd#us-gaap_StockIssuedDuringPeriodSharesStockOptionsExercised" xlink:label="loc_MARAStockIssuedDuringPeriodSharesStockOptionsExercised_60" />
      <link:definitionArc xlink:arcrole="http://xbrl.org/int/dim/arcrole/domain-member" xlink:from="loc_MARAStatementLineItems" xlink:to="loc_MARAStockIssuedDuringPeriodSharesStockOptionsExercised_60" xlink:type="arc" order="6" />
      <link:loc xlink:type="locator" xlink:href="http://xbrl.fasb.org/us-gaap/2012/elts/us-gaap-2012-01-31.xsd#us-gaap_ShareBasedCompensationArrangementByShareBasedPaymentAwardOptionsForfeituresInPeriod" xlink:label="loc_MARAShareBasedCompensationArrangementByShareBasedPaymentAwardOptionsForfeituresInPeriod_60" />
      <link:definitionArc xlink:arcrole="http://xbrl.org/int/dim/arcrole/domain-member" xlink:from="loc_MARAStatementLineItems" xlink:to="loc_MARAShareBasedCompensationArrangementByShareBasedPaymentAwardOptionsForfeituresInPeriod_60" xlink:type="arc" order="7" />
      <link:loc xlink:type="locator" xlink:href="http://xbrl.fasb.org/us-gaap/2012/elts/us-gaap-2012-01-31.xsd#us-gaap_ShareBasedCompensationArrangementByShareBasedPaymentAwardOptionsForfeituresAndExpirationsInPeriod" xlink:label="loc_MARAShareBasedCompensationArrangementByShareBasedPaymentAwardOptionsForfeituresAndExpirationsInPeriod_60" />
      <link:definitionArc xlink:arcrole="http://xbrl.org/int/dim/arcrole/domain-member" xlink:from="loc_MARAStatementLineItems" xlink:to="loc_MARAShareBasedCompensationArrangementByShareBasedPaymentAwardOptionsForfeituresAndExpirationsInPeriod_60" xlink:type="arc" order="8" />
      <link:loc xlink:type="locator" xlink:href="http://xbrl.fasb.org/us-gaap/2012/elts/us-gaap-2012-01-31.xsd#us-gaap_ShareBasedCompensationArrangementByShareBasedPaymentAwardOptionsForfeituresAndExpirationsInPeriodWeightedAverageExercisePrice" xlink:label="loc_MARAShareBasedCompensationArrangementByShareBasedPaymentAwardOptionsForfeituresAndExpirationsInPeriodWeightedAverageExercisePrice_60" />
      <link:definitionArc xlink:arcrole="http://xbrl.org/int/dim/arcrole/domain-member" xlink:from="loc_MARAStatementLineItems" xlink:to="loc_MARAShareBasedCompensationArrangementByShareBasedPaymentAwardOptionsForfeituresAndExpirationsInPeriodWeightedAverageExercisePrice_60" xlink:type="arc" order="9" />
      <link:loc xlink:type="locator" xlink:href="mara-20130331.xsd#MARA_SharebasedCompensationArrangementBySharebasedPaymentAwardFairValueAssumptionsExpectedTerm2" xlink:label="loc_MARASharebasedCompensationArrangementBySharebasedPaymentAwardFairValueAssumptionsExpectedTerm2_60" />
      <link:definitionArc xlink:arcrole="http://xbrl.org/int/dim/arcrole/domain-member" xlink:from="loc_MARAStatementLineItems" xlink:to="loc_MARASharebasedCompensationArrangementBySharebasedPaymentAwardFairValueAssumptionsExpectedTerm2_60" xlink:type="arc" order="10" />
      <link:loc xlink:type="locator" xlink:href="http://xbrl.fasb.org/us-gaap/2012/elts/us-gaap-2012-01-31.xsd#us-gaap_ShareBasedCompensationArrangementByShareBasedPaymentAwardOptionsExercisableNumber" xlink:label="loc_MARAShareBasedCompensationArrangementByShareBasedPaymentAwardOptionsExercisableNumber_60" />
      <link:definitionArc xlink:arcrole="http://xbrl.org/int/dim/arcrole/domain-member" xlink:from="loc_MARAStatementLineItems" xlink:to="loc_MARAShareBasedCompensationArrangementByShareBasedPaymentAwardOptionsExercisableNumber_60" xlink:type="arc" order="11" />
      <link:loc xlink:type="locator" xlink:href="http://xbrl.fasb.org/us-gaap/2012/elts/us-gaap-2012-01-31.xsd#us-gaap_ShareBasedCompensationArrangementByShareBasedPaymentAwardOptionsVestedAndExpectedToVestOutstandingWeightedAverageExercisePrice" xlink:label="loc_MARAShareBasedCompensationArrangementByShareBasedPaymentAwardOptionsVestedAndExpectedToVestOutstandingWeightedAverageExercisePrice_60" />
      <link:definitionArc xlink:arcrole="http://xbrl.org/int/dim/arcrole/domain-member" xlink:from="loc_MARAStatementLineItems" xlink:to="loc_MARAShareBasedCompensationArrangementByShareBasedPaymentAwardOptionsVestedAndExpectedToVestOutstandingWeightedAverageExercisePrice_60" xlink:type="arc" order="12" />
      <link:loc xlink:type="locator" xlink:href="http://xbrl.fasb.org/us-gaap/2012/elts/us-gaap-2012-01-31.xsd#us-gaap_ShareBasedCompensationArrangementByShareBasedPaymentAwardOptionsVestedAndExpectedToVestOutstandingNumber" xlink:label="loc_MARAShareBasedCompensationArrangementByShareBasedPaymentAwardOptionsVestedAndExpectedToVestOutstandingNumber_60" />
      <link:definitionArc xlink:arcrole="http://xbrl.org/int/dim/arcrole/domain-member" xlink:from="loc_MARAStatementLineItems" xlink:to="loc_MARAShareBasedCompensationArrangementByShareBasedPaymentAwardOptionsVestedAndExpectedToVestOutstandingNumber_60" xlink:type="arc" order="13" />
      <link:loc xlink:type="locator" xlink:href="http://xbrl.fasb.org/us-gaap/2012/elts/us-gaap-2012-01-31.xsd#us-gaap_ShareBasedCompensationArrangementByShareBasedPaymentAwardOptionsGrantsInPeriodWeightedAverageGrantDateFairValue" xlink:label="loc_MARAShareBasedCompensationArrangementByShareBasedPaymentAwardOptionsGrantsInPeriodWeightedAverageGrantDateFairValue_60" />
      <link:definitionArc xlink:arcrole="http://xbrl.org/int/dim/arcrole/domain-member" xlink:from="loc_MARAStatementLineItems" xlink:to="loc_MARAShareBasedCompensationArrangementByShareBasedPaymentAwardOptionsGrantsInPeriodWeightedAverageGrantDateFairValue_60" xlink:type="arc" order="14" />
    </link:definitionLink>
    <link:definitionLink xlink:type="extended" xlink:role="http://marathonpg.com/role/CommitmentsAndContingencies-ScheduleOfFutureRentalPaymentsDetails" xlink:title="0031 - Disclosure - COMMITMENTS AND CONTINGENCIES - Schedule of Future Rental Payments (Details)" />
    <link:definitionLink xlink:type="extended" xlink:role="http://marathonpg.com/role/CommitmentsAndContingencies-ScheduleOfRoyaltyPaymentsDetails" xlink:title="0032 - Disclosure - COMMITMENTS AND CONTINGENCIES - Schedule of Royalty Payments (Details)" />
    <link:definitionLink xlink:type="extended" xlink:role="http://marathonpg.com/role/MarketableSecurities-ScheduleOfMarketableSecuritiesDetails" xlink:title="0033 - Disclosure - MARKETABLE SECURITIES - Schedule of Marketable Securities (Details)">
      <link:loc xlink:type="locator" xlink:href="http://xbrl.fasb.org/us-gaap/2012/elts/us-gaap-2012-01-31.xsd#us-gaap_StatementLineItems" xlink:label="loc_MARAStatementLineItems" />
      <link:loc xlink:type="locator" xlink:href="http://xbrl.fasb.org/us-gaap/2012/elts/us-gaap-2012-01-31.xsd#us-gaap_StatementTable" xlink:label="loc_MARAStatementTable" />
      <link:definitionArc xlink:arcrole="http://xbrl.org/int/dim/arcrole/all" xbrldt:contextElement="segment" xlink:from="loc_MARAStatementLineItems" xlink:to="loc_MARAStatementTable" xlink:type="arc" order="10" xbrldt:closed="true" />
      <link:loc xlink:type="locator" xlink:href="http://xbrl.fasb.org/us-gaap/2012/elts/us-gaap-2012-01-31.xsd#us-gaap_GainLossOnInvestmentsByCategoryAxis" xlink:label="loc_MARAGainLossOnInvestmentsByCategoryAxis" />
      <link:definitionArc xlink:arcrole="http://xbrl.org/int/dim/arcrole/hypercube-dimension" xlink:from="loc_MARAStatementTable" xlink:to="loc_MARAGainLossOnInvestmentsByCategoryAxis" xlink:type="arc" order="1" />
      <link:loc xlink:type="locator" xlink:href="http://xbrl.fasb.org/us-gaap/2012/elts/us-gaap-2012-01-31.xsd#us-gaap_GainLossOnInvestmentsIncludingMarketableSecuritiesAndInvestmentsHeldAtCostCategoriesOfInvestmentsDomain" xlink:label="loc_MARAGainLossOnInvestmentsIncludingMarketableSecuritiesAndInvestmentsHeldAtCostCategoriesOfInvestmentsDomain" />
      <link:definitionArc xlink:arcrole="http://xbrl.org/int/dim/arcrole/dimension-domain" xlink:from="loc_MARAGainLossOnInvestmentsByCategoryAxis" xlink:to="loc_MARAGainLossOnInvestmentsIncludingMarketableSecuritiesAndInvestmentsHeldAtCostCategoriesOfInvestmentsDomain" xlink:type="arc" order="20" />
      <link:loc xlink:type="locator" xlink:href="http://xbrl.fasb.org/us-gaap/2012/elts/us-gaap-2012-01-31.xsd#us-gaap_GainLossOnInvestmentsIncludingMarketableSecuritiesAndInvestmentsHeldAtCostCategoriesOfInvestmentsDomain" xlink:label="loc_MARAGainLossOnInvestmentsIncludingMarketableSecuritiesAndInvestmentsHeldAtCostCategoriesOfInvestmentsDomain_10" />
      <link:definitionArc xlink:arcrole="http://xbrl.org/int/dim/arcrole/dimension-default" xbrldt:contextElement="segment" xlink:from="loc_MARAGainLossOnInvestmentsByCategoryAxis" xlink:to="loc_MARAGainLossOnInvestmentsIncludingMarketableSecuritiesAndInvestmentsHeldAtCostCategoriesOfInvestmentsDomain_10" xlink:type="arc" order="30" />
      <link:loc xlink:type="locator" xlink:href="mara-20130331.xsd#MARA_MarketableSecuritiesCostMember" xlink:label="loc_MARAMarketableSecuritiesCostMember_0" />
      <link:definitionArc xlink:arcrole="http://xbrl.org/int/dim/arcrole/domain-member" xlink:from="loc_MARAGainLossOnInvestmentsIncludingMarketableSecuritiesAndInvestmentsHeldAtCostCategoriesOfInvestmentsDomain" xlink:to="loc_MARAMarketableSecuritiesCostMember_0" xlink:type="arc" order="1" />
      <link:loc xlink:type="locator" xlink:href="http://xbrl.fasb.org/us-gaap/2012/elts/us-gaap-2012-01-31.xsd#us-gaap_UnrealizedGainLossOrWriteDownMember" xlink:label="loc_MARAUnrealizedGainLossOrWriteDownMember_10" />
      <link:definitionArc xlink:arcrole="http://xbrl.org/int/dim/arcrole/domain-member" xlink:from="loc_MARAGainLossOnInvestmentsIncludingMarketableSecuritiesAndInvestmentsHeldAtCostCategoriesOfInvestmentsDomain" xlink:to="loc_MARAUnrealizedGainLossOrWriteDownMember_10" xlink:type="arc" order="11" />
      <link:loc xlink:type="locator" xlink:href="http://xbrl.fasb.org/us-gaap/2012/elts/us-gaap-2012-01-31.xsd#us-gaap_RealizedGainLossOnSaleOfInvestmentsMember" xlink:label="loc_MARARealizedGainLossOnSaleOfInvestmentsMember_20" />
      <link:definitionArc xlink:arcrole="http://xbrl.org/int/dim/arcrole/domain-member" xlink:from="loc_MARAGainLossOnInvestmentsIncludingMarketableSecuritiesAndInvestmentsHeldAtCostCategoriesOfInvestmentsDomain" xlink:to="loc_MARARealizedGainLossOnSaleOfInvestmentsMember_20" xlink:type="arc" order="21" />
      <link:loc xlink:type="locator" xlink:href="mara-20130331.xsd#MARA_MarketableSecuritiesFairValueMember" xlink:label="loc_MARAMarketableSecuritiesFairValueMember_30" />
      <link:definitionArc xlink:arcrole="http://xbrl.org/int/dim/arcrole/domain-member" xlink:from="loc_MARAGainLossOnInvestmentsIncludingMarketableSecuritiesAndInvestmentsHeldAtCostCategoriesOfInvestmentsDomain" xlink:to="loc_MARAMarketableSecuritiesFairValueMember_30" xlink:type="arc" order="31" />
      <link:loc xlink:type="locator" xlink:href="http://xbrl.fasb.org/us-gaap/2012/elts/us-gaap-2012-01-31.xsd#us-gaap_AvailableForSaleSecuritiesEquitySecurities" xlink:label="loc_MARAAvailableForSaleSecuritiesEquitySecurities_50" />
      <link:definitionArc xlink:arcrole="http://xbrl.org/int/dim/arcrole/domain-member" xlink:from="loc_MARAStatementLineItems" xlink:to="loc_MARAAvailableForSaleSecuritiesEquitySecurities_50" xlink:type="arc" order="1" />
    </link:definitionLink>
    <link:definitionLink xlink:type="extended" xlink:role="http://marathonpg.com/role/OrganizationAndDescriptionOfBusinessDetailsNarrative" xlink:title="0034 - Disclosure - ORGANIZATION AND DESCRIPTION OF BUSINESS (Details Narrative)" />
    <link:definitionLink xlink:type="extended" xlink:role="http://marathonpg.com/role/GoingConcernDetailsNarrative" xlink:title="0035 - Disclosure - Going Concern (Details Narrative)" />
    <link:definitionLink xlink:type="extended" xlink:role="http://marathonpg.com/role/SummaryOfSignificantAccountingPoliciesDetailsNarrative" xlink:title="0036 - Disclosure - SUMMARY OF SIGNIFICANT ACCOUNTING POLICIES (Details Narrative)" />
    <link:definitionLink xlink:type="extended" xlink:role="http://marathonpg.com/role/DiscontinuedOperationsDetailsNarrative" xlink:title="0037 - Disclosure - DISCONTINUED OPERATIONS (Details Narrative)" />
    <link:definitionLink xlink:type="extended" xlink:role="http://marathonpg.com/role/IntangibleAssetsDetailsNarrative" xlink:title="0038 - Disclosure - INTANGIBLE ASSETS (Details Narrative)" />
    <link:definitionLink xlink:type="extended" xlink:role="http://marathonpg.com/role/StockholdersEquityDeficitDetailsNarrative" xlink:title="0039 - Disclosure - STOCKHOLDERS EQUITY (DEFICIT) (Details Narrative)" />
    <link:definitionLink xlink:type="extended" xlink:role="http://marathonpg.com/role/RelatedPartyTransactionsDetailsNarrative" xlink:title="0040 - Disclosure - RELATED PARTY TRANSACTIONS (Details Narrative)">
      <link:loc xlink:type="locator" xlink:href="http://xbrl.fasb.org/us-gaap/2012/elts/us-gaap-2012-01-31.xsd#us-gaap_StatementLineItems" xlink:label="loc_MARAStatementLineItems" />
      <link:loc xlink:type="locator" xlink:href="http://xbrl.fasb.org/us-gaap/2012/elts/us-gaap-2012-01-31.xsd#us-gaap_StatementTable" xlink:label="loc_MARAStatementTable" />
      <link:definitionArc xlink:arcrole="http://xbrl.org/int/dim/arcrole/all" xbrldt:contextElement="segment" xlink:from="loc_MARAStatementLineItems" xlink:to="loc_MARAStatementTable" xlink:type="arc" order="10" xbrldt:closed="true" />
      <link:loc xlink:type="locator" xlink:href="http://xbrl.fasb.org/us-gaap/2012/elts/us-gaap-2012-01-31.xsd#us-gaap_RelatedPartyTransactionsByRelatedPartyAxis" xlink:label="loc_MARARelatedPartyTransactionsByRelatedPartyAxis" />
      <link:definitionArc xlink:arcrole="http://xbrl.org/int/dim/arcrole/hypercube-dimension" xlink:from="loc_MARAStatementTable" xlink:to="loc_MARARelatedPartyTransactionsByRelatedPartyAxis" xlink:type="arc" order="1" />
      <link:loc xlink:type="locator" xlink:href="http://xbrl.fasb.org/us-gaap/2012/elts/us-gaap-2012-01-31.xsd#us-gaap_RelatedPartyDomain" xlink:label="loc_MARARelatedPartyDomain" />
      <link:definitionArc xlink:arcrole="http://xbrl.org/int/dim/arcrole/dimension-domain" xlink:from="loc_MARARelatedPartyTransactionsByRelatedPartyAxis" xlink:to="loc_MARARelatedPartyDomain" xlink:type="arc" order="20" />
      <link:loc xlink:type="locator" xlink:href="http://xbrl.fasb.org/us-gaap/2012/elts/us-gaap-2012-01-31.xsd#us-gaap_RelatedPartyDomain" xlink:label="loc_MARARelatedPartyDomain_10" />
      <link:definitionArc xlink:arcrole="http://xbrl.org/int/dim/arcrole/dimension-default" xbrldt:contextElement="segment" xlink:from="loc_MARARelatedPartyTransactionsByRelatedPartyAxis" xlink:to="loc_MARARelatedPartyDomain_10" xlink:type="arc" order="30" />
      <link:loc xlink:type="locator" xlink:href="mara-20130331.xsd#MARA_CaliforniaGoldMember" xlink:label="loc_MARACaliforniaGoldMember_0" />
      <link:definitionArc xlink:arcrole="http://xbrl.org/int/dim/arcrole/domain-member" xlink:from="loc_MARARelatedPartyDomain" xlink:to="loc_MARACaliforniaGoldMember_0" xlink:type="arc" order="1" />
      <link:loc xlink:type="locator" xlink:href="mara-20130331.xsd#MARA_GRQMember" xlink:label="loc_MARAGRQMember_10" />
      <link:definitionArc xlink:arcrole="http://xbrl.org/int/dim/arcrole/domain-member" xlink:from="loc_MARARelatedPartyDomain" xlink:to="loc_MARAGRQMember_10" xlink:type="arc" order="11" />
      <link:loc xlink:type="locator" xlink:href="mara-20130331.xsd#MARA_MelechdavidMember" xlink:label="loc_MARAMelechdavidMember_20" />
      <link:definitionArc xlink:arcrole="http://xbrl.org/int/dim/arcrole/domain-member" xlink:from="loc_MARARelatedPartyDomain" xlink:to="loc_MARAMelechdavidMember_20" xlink:type="arc" order="21" />
      <link:loc xlink:type="locator" xlink:href="mara-20130331.xsd#MARA_BleakMember" xlink:label="loc_MARABleakMember_30" />
      <link:definitionArc xlink:arcrole="http://xbrl.org/int/dim/arcrole/domain-member" xlink:from="loc_MARARelatedPartyDomain" xlink:to="loc_MARABleakMember_30" xlink:type="arc" order="31" />
      <link:loc xlink:type="locator" xlink:href="mara-20130331.xsd#MARA_WarrantsSoldCash" xlink:label="loc_MARAWarrantsSoldCash_110" />
      <link:definitionArc xlink:arcrole="http://xbrl.org/int/dim/arcrole/domain-member" xlink:from="loc_MARAStatementLineItems" xlink:to="loc_MARAWarrantsSoldCash_110" xlink:type="arc" order="0" />
      <link:loc xlink:type="locator" xlink:href="mara-20130331.xsd#MARA_WarrantsIssuedForServices" xlink:label="loc_MARAWarrantsIssuedForServices_110" />
      <link:definitionArc xlink:arcrole="http://xbrl.org/int/dim/arcrole/domain-member" xlink:from="loc_MARAStatementLineItems" xlink:to="loc_MARAWarrantsIssuedForServices_110" xlink:type="arc" order="1" />
      <link:loc xlink:type="locator" xlink:href="mara-20130331.xsd#MARA_WarrantsExercisePrice" xlink:label="loc_MARAWarrantsExercisePrice_110" />
      <link:definitionArc xlink:arcrole="http://xbrl.org/int/dim/arcrole/domain-member" xlink:from="loc_MARAStatementLineItems" xlink:to="loc_MARAWarrantsExercisePrice_110" xlink:type="arc" order="2" />
      <link:loc xlink:type="locator" xlink:href="http://xbrl.fasb.org/us-gaap/2012/elts/us-gaap-2012-01-31.xsd#us-gaap_StockIssuedDuringPeriodValueIssuedForCash" xlink:label="loc_MARAStockIssuedDuringPeriodValueIssuedForCash_110" />
      <link:definitionArc xlink:arcrole="http://xbrl.org/int/dim/arcrole/domain-member" xlink:from="loc_MARAStatementLineItems" xlink:to="loc_MARAStockIssuedDuringPeriodValueIssuedForCash_110" xlink:type="arc" order="3" />
      <link:loc xlink:type="locator" xlink:href="mara-20130331.xsd#MARA_GeologicReviewServiceFeeRevenue" xlink:label="loc_MARAGeologicReviewServiceFeeRevenue_110" />
      <link:definitionArc xlink:arcrole="http://xbrl.org/int/dim/arcrole/domain-member" xlink:from="loc_MARAStatementLineItems" xlink:to="loc_MARAGeologicReviewServiceFeeRevenue_110" xlink:type="arc" order="4" />
      <link:loc xlink:type="locator" xlink:href="http://xbrl.fasb.org/us-gaap/2012/elts/us-gaap-2012-01-31.xsd#us-gaap_ProfessionalFees" xlink:label="loc_MARAProfessionalFees_110" />
      <link:definitionArc xlink:arcrole="http://xbrl.org/int/dim/arcrole/domain-member" xlink:from="loc_MARAStatementLineItems" xlink:to="loc_MARAProfessionalFees_110" xlink:type="arc" order="5" />
      <link:loc xlink:type="locator" xlink:href="http://xbrl.fasb.org/us-gaap/2012/elts/us-gaap-2012-01-31.xsd#us-gaap_GainLossOnSaleOfLoansAndLeases" xlink:label="loc_MARAGainLossOnSaleOfLoansAndLeases_110" />
      <link:definitionArc xlink:arcrole="http://xbrl.org/int/dim/arcrole/domain-member" xlink:from="loc_MARAStatementLineItems" xlink:to="loc_MARAGainLossOnSaleOfLoansAndLeases_110" xlink:type="arc" order="6" />
      <link:loc xlink:type="locator" xlink:href="http://xbrl.fasb.org/us-gaap/2012/elts/us-gaap-2012-01-31.xsd#us-gaap_DebtInstrumentConvertibleEffectiveInterestRate" xlink:label="loc_MARADebtInstrumentConvertibleEffectiveInterestRate_110" />
      <link:definitionArc xlink:arcrole="http://xbrl.org/int/dim/arcrole/domain-member" xlink:from="loc_MARAStatementLineItems" xlink:to="loc_MARADebtInstrumentConvertibleEffectiveInterestRate_110" xlink:type="arc" order="7" />
      <link:loc xlink:type="locator" xlink:href="mara-20130331.xsd#MARA_ProceedsFromLoanCollected" xlink:label="loc_MARAProceedsFromLoanCollected_110" />
      <link:definitionArc xlink:arcrole="http://xbrl.org/int/dim/arcrole/domain-member" xlink:from="loc_MARAStatementLineItems" xlink:to="loc_MARAProceedsFromLoanCollected_110" xlink:type="arc" order="8" />
      <link:loc xlink:type="locator" xlink:href="mara-20130331.xsd#MARA_PaymentCollectedAppliedTowardsPrincipalAmount" xlink:label="loc_MARAPaymentCollectedAppliedTowardsPrincipalAmount_110" />
      <link:definitionArc xlink:arcrole="http://xbrl.org/int/dim/arcrole/domain-member" xlink:from="loc_MARAStatementLineItems" xlink:to="loc_MARAPaymentCollectedAppliedTowardsPrincipalAmount_110" xlink:type="arc" order="9" />
      <link:loc xlink:type="locator" xlink:href="http://xbrl.fasb.org/us-gaap/2012/elts/us-gaap-2012-01-31.xsd#us-gaap_LoansAndLeasesReceivableOther" xlink:label="loc_MARALoansAndLeasesReceivableOther_110" />
      <link:definitionArc xlink:arcrole="http://xbrl.org/int/dim/arcrole/domain-member" xlink:from="loc_MARAStatementLineItems" xlink:to="loc_MARALoansAndLeasesReceivableOther_110" xlink:type="arc" order="10" />
      <link:loc xlink:type="locator" xlink:href="mara-20130331.xsd#MARA_IssuanceOfCommonStock" xlink:label="loc_MARAIssuanceOfCommonStock_110" />
      <link:definitionArc xlink:arcrole="http://xbrl.org/int/dim/arcrole/domain-member" xlink:from="loc_MARAStatementLineItems" xlink:to="loc_MARAIssuanceOfCommonStock_110" xlink:type="arc" order="11" />
      <link:loc xlink:type="locator" xlink:href="mara-20130331.xsd#MARA_PaymentInDisgorgementOfShortswingProfits" xlink:label="loc_MARAPaymentInDisgorgementOfShortswingProfits_110" />
      <link:definitionArc xlink:arcrole="http://xbrl.org/int/dim/arcrole/domain-member" xlink:from="loc_MARAStatementLineItems" xlink:to="loc_MARAPaymentInDisgorgementOfShortswingProfits_110" xlink:type="arc" order="12" />
      <link:loc xlink:type="locator" xlink:href="mara-20130331.xsd#MARA_WarrantsExercised" xlink:label="loc_MARAWarrantsExercised_110" />
      <link:definitionArc xlink:arcrole="http://xbrl.org/int/dim/arcrole/domain-member" xlink:from="loc_MARAStatementLineItems" xlink:to="loc_MARAWarrantsExercised_110" xlink:type="arc" order="13" />
      <link:loc xlink:type="locator" xlink:href="http://xbrl.fasb.org/us-gaap/2012/elts/us-gaap-2012-01-31.xsd#us-gaap_ConversionOfStockSharesIssued1" xlink:label="loc_MARAConversionOfStockSharesIssued1_110" />
      <link:definitionArc xlink:arcrole="http://xbrl.org/int/dim/arcrole/domain-member" xlink:from="loc_MARAStatementLineItems" xlink:to="loc_MARAConversionOfStockSharesIssued1_110" xlink:type="arc" order="14" />
    </link:definitionLink>
    <link:definitionLink xlink:type="extended" xlink:role="http://marathonpg.com/role/CommitmentsAndContingenciesDetailsNarrative" xlink:title="0041 - Disclosure - COMMITMENTS AND CONTINGENCIES (Details Narrative)">
      <link:loc xlink:type="locator" xlink:href="http://xbrl.fasb.org/us-gaap/2012/elts/us-gaap-2012-01-31.xsd#us-gaap_StatementLineItems" xlink:label="loc_MARAStatementLineItems" />
      <link:loc xlink:type="locator" xlink:href="http://xbrl.fasb.org/us-gaap/2012/elts/us-gaap-2012-01-31.xsd#us-gaap_StatementTable" xlink:label="loc_MARAStatementTable" />
      <link:definitionArc xlink:arcrole="http://xbrl.org/int/dim/arcrole/all" xbrldt:contextElement="segment" xlink:from="loc_MARAStatementLineItems" xlink:to="loc_MARAStatementTable" xlink:type="arc" order="10" xbrldt:closed="true" />
      <link:loc xlink:type="locator" xlink:href="http://xbrl.fasb.org/us-gaap/2012/elts/us-gaap-2012-01-31.xsd#us-gaap_StatementScenarioAxis" xlink:label="loc_MARAStatementScenarioAxis" />
      <link:definitionArc xlink:arcrole="http://xbrl.org/int/dim/arcrole/hypercube-dimension" xlink:from="loc_MARAStatementTable" xlink:to="loc_MARAStatementScenarioAxis" xlink:type="arc" order="1" />
      <link:loc xlink:type="locator" xlink:href="http://xbrl.fasb.org/us-gaap/2012/elts/us-gaap-2012-01-31.xsd#us-gaap_ScenarioUnspecifiedDomain" xlink:label="loc_MARAScenarioUnspecifiedDomain" />
      <link:definitionArc xlink:arcrole="http://xbrl.org/int/dim/arcrole/dimension-domain" xlink:from="loc_MARAStatementScenarioAxis" xlink:to="loc_MARAScenarioUnspecifiedDomain" xlink:type="arc" order="20" />
      <link:loc xlink:type="locator" xlink:href="http://xbrl.fasb.org/us-gaap/2012/elts/us-gaap-2012-01-31.xsd#us-gaap_ScenarioUnspecifiedDomain" xlink:label="loc_MARAScenarioUnspecifiedDomain_10" />
      <link:definitionArc xlink:arcrole="http://xbrl.org/int/dim/arcrole/dimension-default" xbrldt:contextElement="segment" xlink:from="loc_MARAStatementScenarioAxis" xlink:to="loc_MARAScenarioUnspecifiedDomain_10" xlink:type="arc" order="30" />
      <link:loc xlink:type="locator" xlink:href="http://xbrl.fasb.org/us-gaap/2012/elts/us-gaap-2012-01-31.xsd#us-gaap_RentalProperties" xlink:label="loc_MARARentalProperties_70" />
      <link:definitionArc xlink:arcrole="http://xbrl.org/int/dim/arcrole/domain-member" xlink:from="loc_MARAStatementLineItems" xlink:to="loc_MARARentalProperties_70" xlink:type="arc" order="0" />
      <link:loc xlink:type="locator" xlink:href="mara-20130331.xsd#MARA_PaymentToLessor" xlink:label="loc_MARAPaymentToLessor_70" />
      <link:definitionArc xlink:arcrole="http://xbrl.org/int/dim/arcrole/domain-member" xlink:from="loc_MARAStatementLineItems" xlink:to="loc_MARAPaymentToLessor_70" xlink:type="arc" order="1" />
      <link:loc xlink:type="locator" xlink:href="http://xbrl.fasb.org/us-gaap/2012/elts/us-gaap-2012-01-31.xsd#us-gaap_LeaseIncentivePayableCurrentAndNoncurrent" xlink:label="loc_MARALeaseIncentivePayableCurrentAndNoncurrent_70" />
      <link:definitionArc xlink:arcrole="http://xbrl.org/int/dim/arcrole/domain-member" xlink:from="loc_MARAStatementLineItems" xlink:to="loc_MARALeaseIncentivePayableCurrentAndNoncurrent_70" xlink:type="arc" order="2" />
      <link:loc xlink:type="locator" xlink:href="mara-20130331.xsd#MARA_PurchasePriceMiningClaimAndLeaseSalepurchaseAgreement" xlink:label="loc_MARAPurchasePriceMiningClaimAndLeaseSalepurchaseAgreement_70" />
      <link:definitionArc xlink:arcrole="http://xbrl.org/int/dim/arcrole/domain-member" xlink:from="loc_MARAStatementLineItems" xlink:to="loc_MARAPurchasePriceMiningClaimAndLeaseSalepurchaseAgreement_70" xlink:type="arc" order="3" />
      <link:loc xlink:type="locator" xlink:href="mara-20130331.xsd#MARA_ProductionRoyaltyPaidToLarson" xlink:label="loc_MARAProductionRoyaltyPaidToLarson_70" />
      <link:definitionArc xlink:arcrole="http://xbrl.org/int/dim/arcrole/domain-member" xlink:from="loc_MARAStatementLineItems" xlink:to="loc_MARAProductionRoyaltyPaidToLarson_70" xlink:type="arc" order="4" />
      <link:loc xlink:type="locator" xlink:href="mara-20130331.xsd#MARA_NumberOfAcres" xlink:label="loc_MARANumberOfAcres_70" />
      <link:definitionArc xlink:arcrole="http://xbrl.org/int/dim/arcrole/domain-member" xlink:from="loc_MARAStatementLineItems" xlink:to="loc_MARANumberOfAcres_70" xlink:type="arc" order="5" />
      <link:loc xlink:type="locator" xlink:href="mara-20130331.xsd#MARA_IncreasedRentalProperties" xlink:label="loc_MARAIncreasedRentalProperties_70" />
      <link:definitionArc xlink:arcrole="http://xbrl.org/int/dim/arcrole/domain-member" xlink:from="loc_MARAStatementLineItems" xlink:to="loc_MARAIncreasedRentalProperties_70" xlink:type="arc" order="6" />
      <link:loc xlink:type="locator" xlink:href="mara-20130331.xsd#MARA_PrepaidLeasePayment" xlink:label="loc_MARAPrepaidLeasePayment_70" />
      <link:definitionArc xlink:arcrole="http://xbrl.org/int/dim/arcrole/domain-member" xlink:from="loc_MARAStatementLineItems" xlink:to="loc_MARAPrepaidLeasePayment_70" xlink:type="arc" order="7" />
      <link:loc xlink:type="locator" xlink:href="mara-20130331.xsd#MARA_ProductionRoyaltyPerPound" xlink:label="loc_MARAProductionRoyaltyPerPound_70" />
      <link:definitionArc xlink:arcrole="http://xbrl.org/int/dim/arcrole/domain-member" xlink:from="loc_MARAStatementLineItems" xlink:to="loc_MARAProductionRoyaltyPerPound_70" xlink:type="arc" order="8" />
      <link:loc xlink:type="locator" xlink:href="mara-20130331.xsd#MARA_ProductionRoyaltyPercentage" xlink:label="loc_MARAProductionRoyaltyPercentage_70" />
      <link:definitionArc xlink:arcrole="http://xbrl.org/int/dim/arcrole/domain-member" xlink:from="loc_MARAStatementLineItems" xlink:to="loc_MARAProductionRoyaltyPercentage_70" xlink:type="arc" order="9" />
      <link:loc xlink:type="locator" xlink:href="mara-20130331.xsd#MARA_AggregateSumPaidToReduceRoyalty" xlink:label="loc_MARAAggregateSumPaidToReduceRoyalty_70" />
      <link:definitionArc xlink:arcrole="http://xbrl.org/int/dim/arcrole/domain-member" xlink:from="loc_MARAStatementLineItems" xlink:to="loc_MARAAggregateSumPaidToReduceRoyalty_70" xlink:type="arc" order="10" />
      <link:loc xlink:type="locator" xlink:href="http://xbrl.fasb.org/us-gaap/2012/elts/us-gaap-2012-01-31.xsd#us-gaap_CapitalLeasesFutureMinimumPaymentsNetMinimumPayments1" xlink:label="loc_MARACapitalLeasesFutureMinimumPaymentsNetMinimumPayments1_70" />
      <link:definitionArc xlink:arcrole="http://xbrl.org/int/dim/arcrole/domain-member" xlink:from="loc_MARAStatementLineItems" xlink:to="loc_MARACapitalLeasesFutureMinimumPaymentsNetMinimumPayments1_70" xlink:type="arc" order="11" />
      <link:loc xlink:type="locator" xlink:href="mara-20130331.xsd#MARA_AggregateSumPaidForFailureToMeetMinimumExpenses" xlink:label="loc_MARAAggregateSumPaidForFailureToMeetMinimumExpenses_70" />
      <link:definitionArc xlink:arcrole="http://xbrl.org/int/dim/arcrole/domain-member" xlink:from="loc_MARAStatementLineItems" xlink:to="loc_MARAAggregateSumPaidForFailureToMeetMinimumExpenses_70" xlink:type="arc" order="12" />
      <link:loc xlink:type="locator" xlink:href="mara-20130331.xsd#MARA_GrossRoyaltyPaidToAbsarokaStoneLlc" xlink:label="loc_MARAGrossRoyaltyPaidToAbsarokaStoneLlc_70" />
      <link:definitionArc xlink:arcrole="http://xbrl.org/int/dim/arcrole/domain-member" xlink:from="loc_MARAStatementLineItems" xlink:to="loc_MARAGrossRoyaltyPaidToAbsarokaStoneLlc_70" xlink:type="arc" order="13" />
      <link:loc xlink:type="locator" xlink:href="mara-20130331.xsd#MARA_MaximumAggregateAmountFromGrossRoyaltyPaidToAbsarokaStoneLlc" xlink:label="loc_MARAMaximumAggregateAmountFromGrossRoyaltyPaidToAbsarokaStoneLlc_70" />
      <link:definitionArc xlink:arcrole="http://xbrl.org/int/dim/arcrole/domain-member" xlink:from="loc_MARAStatementLineItems" xlink:to="loc_MARAMaximumAggregateAmountFromGrossRoyaltyPaidToAbsarokaStoneLlc_70" xlink:type="arc" order="14" />
    </link:definitionLink>
    <link:definitionLink xlink:type="extended" xlink:role="http://marathonpg.com/role/MarketableSecuritiesDetailsNarrative" xlink:title="0042 - Disclosure - MARKETABLE SECURITIES (Details Narrative)" />
    <link:definitionLink xlink:type="extended" xlink:role="http://marathonpg.com/role/SubsequentEventsDetailsNarrative" xlink:title="0043 - Disclosure - SUBSEQUENT EVENTS (Details Narrative)" />
</link:linkbase>
