<?xml version="1.0" encoding="US-ASCII" standalone="no"?>
    <!-- Field: Doc-Info; Name: Generator; Value: GoFiler Complete; Version: 3.4e -->
    <!-- Field: Doc-Info; Name: VendorURI; Value: http://www.novaworks.co -->
    <!-- Field: Doc-Info; Name: Source; Value: marathon03312013.xfr; Date: 2013/05/14T13:22:51 -->
    <!-- Field: Doc-Info; Name: Status; Value: 0x00000000 -->
<link:linkbase xmlns:xsi="http://www.w3.org/2001/XMLSchema-instance" xmlns:xlink="http://www.w3.org/1999/xlink" xmlns:link="http://www.xbrl.org/2003/linkbase" xmlns:xbrli="http://www.xbrl.org/2003/instance" xsi:schemaLocation="http://www.xbrl.org/2003/linkbase http://www.xbrl.org/2003/xbrl-linkbase-2003-12-31.xsd">
    <link:roleRef roleURI="http://marathonpg.com/role/DocumentAndEntityInformation" xlink:href="mara-20130331.xsd#DocumentAndEntityInformation" xlink:type="simple" />
    <link:roleRef roleURI="http://marathonpg.com/role/BalanceSheets" xlink:href="mara-20130331.xsd#BalanceSheets" xlink:type="simple" />
    <link:roleRef roleURI="http://marathonpg.com/role/BalanceSheetsParenthetical" xlink:href="mara-20130331.xsd#BalanceSheetsParenthetical" xlink:type="simple" />
    <link:roleRef roleURI="http://marathonpg.com/role/StatementsOfOperations" xlink:href="mara-20130331.xsd#StatementsOfOperations" xlink:type="simple" />
    <link:roleRef roleURI="http://marathonpg.com/role/StatementsOfCashFlows" xlink:href="mara-20130331.xsd#StatementsOfCashFlows" xlink:type="simple" />
    <link:roleRef roleURI="http://marathonpg.com/role/OrganizationAndDescriptionOfBusiness" xlink:href="mara-20130331.xsd#OrganizationAndDescriptionOfBusiness" xlink:type="simple" />
    <link:roleRef roleURI="http://marathonpg.com/role/GoingConcern" xlink:href="mara-20130331.xsd#GoingConcern" xlink:type="simple" />
    <link:roleRef roleURI="http://marathonpg.com/role/SummaryOfSignificantAccountingPolicies" xlink:href="mara-20130331.xsd#SummaryOfSignificantAccountingPolicies" xlink:type="simple" />
    <link:roleRef roleURI="http://marathonpg.com/role/DiscontinuedOperations" xlink:href="mara-20130331.xsd#DiscontinuedOperations" xlink:type="simple" />
    <link:roleRef roleURI="http://marathonpg.com/role/IntangibleAssets" xlink:href="mara-20130331.xsd#IntangibleAssets" xlink:type="simple" />
    <link:roleRef roleURI="http://marathonpg.com/role/StockholdersEquity" xlink:href="mara-20130331.xsd#StockholdersEquity" xlink:type="simple" />
    <link:roleRef roleURI="http://marathonpg.com/role/RelatedPartyTransactions" xlink:href="mara-20130331.xsd#RelatedPartyTransactions" xlink:type="simple" />
    <link:roleRef roleURI="http://marathonpg.com/role/CommitmentsAndContingencies" xlink:href="mara-20130331.xsd#CommitmentsAndContingencies" xlink:type="simple" />
    <link:roleRef roleURI="http://marathonpg.com/role/MarketableSecurities" xlink:href="mara-20130331.xsd#MarketableSecurities" xlink:type="simple" />
    <link:roleRef roleURI="http://marathonpg.com/role/SubsequentEvents" xlink:href="mara-20130331.xsd#SubsequentEvents" xlink:type="simple" />
    <link:roleRef roleURI="http://marathonpg.com/role/SummaryOfSignificantAccountingPoliciesPolicies" xlink:href="mara-20130331.xsd#SummaryOfSignificantAccountingPoliciesPolicies" xlink:type="simple" />
    <link:roleRef roleURI="http://marathonpg.com/role/SummaryOfSignificantAccountingPoliciesTables" xlink:href="mara-20130331.xsd#SummaryOfSignificantAccountingPoliciesTables" xlink:type="simple" />
    <link:roleRef roleURI="http://marathonpg.com/role/DiscontinuedOperationsTables" xlink:href="mara-20130331.xsd#DiscontinuedOperationsTables" xlink:type="simple" />
    <link:roleRef roleURI="http://marathonpg.com/role/IntangibleAssetsTables" xlink:href="mara-20130331.xsd#IntangibleAssetsTables" xlink:type="simple" />
    <link:roleRef roleURI="http://marathonpg.com/role/StockholdersEquityTables" xlink:href="mara-20130331.xsd#StockholdersEquityTables" xlink:type="simple" />
    <link:roleRef roleURI="http://marathonpg.com/role/CommitmentsAndContingenciesTables" xlink:href="mara-20130331.xsd#CommitmentsAndContingenciesTables" xlink:type="simple" />
    <link:roleRef roleURI="http://marathonpg.com/role/MarketableSecuritiesTables" xlink:href="mara-20130331.xsd#MarketableSecuritiesTables" xlink:type="simple" />
    <link:roleRef roleURI="http://marathonpg.com/role/SummaryOfSignificantAccountingPolicies-ScheduleOfFairValueAssetsDetails" xlink:href="mara-20130331.xsd#SummaryOfSignificantAccountingPolicies-ScheduleOfFairValueAssetsDetails" xlink:type="simple" />
    <link:roleRef roleURI="http://marathonpg.com/role/SummaryOfSignificantAccountingPolicies-ScheduleOfBasicAndDilutedLossPerShareDetails" xlink:href="mara-20130331.xsd#SummaryOfSignificantAccountingPolicies-ScheduleOfBasicAndDilutedLossPerShareDetails" xlink:type="simple" />
    <link:roleRef roleURI="http://marathonpg.com/role/DiscontinuedOperations-ScheduleOfAssetsAndLiabilitiesDetails" xlink:href="mara-20130331.xsd#DiscontinuedOperations-ScheduleOfAssetsAndLiabilitiesDetails" xlink:type="simple" />
    <link:roleRef roleURI="http://marathonpg.com/role/DiscontinuedOperations-ScheduleDiscontinuedOperationsDetails" xlink:href="mara-20130331.xsd#DiscontinuedOperations-ScheduleDiscontinuedOperationsDetails" xlink:type="simple" />
    <link:roleRef roleURI="http://marathonpg.com/role/IntangibleAssets-ScheduleOfIntangibleAssetsDetails" xlink:href="mara-20130331.xsd#IntangibleAssets-ScheduleOfIntangibleAssetsDetails" xlink:type="simple" />
    <link:roleRef roleURI="http://marathonpg.com/role/IntangibleAssets-ScheduleOfAmortizationExpenseDetails" xlink:href="mara-20130331.xsd#IntangibleAssets-ScheduleOfAmortizationExpenseDetails" xlink:type="simple" />
    <link:roleRef roleURI="http://marathonpg.com/role/StockholdersEquity-OutstandingStockWarrantsAndChangesDetails" xlink:href="mara-20130331.xsd#StockholdersEquity-OutstandingStockWarrantsAndChangesDetails" xlink:type="simple" />
    <link:roleRef roleURI="http://marathonpg.com/role/StockholdersEquity-SummaryOfStockOptionsAndChangesDetails" xlink:href="mara-20130331.xsd#StockholdersEquity-SummaryOfStockOptionsAndChangesDetails" xlink:type="simple" />
    <link:roleRef roleURI="http://marathonpg.com/role/CommitmentsAndContingencies-ScheduleOfFutureRentalPaymentsDetails" xlink:href="mara-20130331.xsd#CommitmentsAndContingencies-ScheduleOfFutureRentalPaymentsDetails" xlink:type="simple" />
    <link:roleRef roleURI="http://marathonpg.com/role/CommitmentsAndContingencies-ScheduleOfRoyaltyPaymentsDetails" xlink:href="mara-20130331.xsd#CommitmentsAndContingencies-ScheduleOfRoyaltyPaymentsDetails" xlink:type="simple" />
    <link:roleRef roleURI="http://marathonpg.com/role/MarketableSecurities-ScheduleOfMarketableSecuritiesDetails" xlink:href="mara-20130331.xsd#MarketableSecurities-ScheduleOfMarketableSecuritiesDetails" xlink:type="simple" />
    <link:roleRef roleURI="http://marathonpg.com/role/OrganizationAndDescriptionOfBusinessDetailsNarrative" xlink:href="mara-20130331.xsd#OrganizationAndDescriptionOfBusinessDetailsNarrative" xlink:type="simple" />
    <link:roleRef roleURI="http://marathonpg.com/role/GoingConcernDetailsNarrative" xlink:href="mara-20130331.xsd#GoingConcernDetailsNarrative" xlink:type="simple" />
    <link:roleRef roleURI="http://marathonpg.com/role/SummaryOfSignificantAccountingPoliciesDetailsNarrative" xlink:href="mara-20130331.xsd#SummaryOfSignificantAccountingPoliciesDetailsNarrative" xlink:type="simple" />
    <link:roleRef roleURI="http://marathonpg.com/role/DiscontinuedOperationsDetailsNarrative" xlink:href="mara-20130331.xsd#DiscontinuedOperationsDetailsNarrative" xlink:type="simple" />
    <link:roleRef roleURI="http://marathonpg.com/role/IntangibleAssetsDetailsNarrative" xlink:href="mara-20130331.xsd#IntangibleAssetsDetailsNarrative" xlink:type="simple" />
    <link:roleRef roleURI="http://marathonpg.com/role/StockholdersEquityDeficitDetailsNarrative" xlink:href="mara-20130331.xsd#StockholdersEquityDeficitDetailsNarrative" xlink:type="simple" />
    <link:roleRef roleURI="http://marathonpg.com/role/RelatedPartyTransactionsDetailsNarrative" xlink:href="mara-20130331.xsd#RelatedPartyTransactionsDetailsNarrative" xlink:type="simple" />
    <link:roleRef roleURI="http://marathonpg.com/role/CommitmentsAndContingenciesDetailsNarrative" xlink:href="mara-20130331.xsd#CommitmentsAndContingenciesDetailsNarrative" xlink:type="simple" />
    <link:roleRef roleURI="http://marathonpg.com/role/MarketableSecuritiesDetailsNarrative" xlink:href="mara-20130331.xsd#MarketableSecuritiesDetailsNarrative" xlink:type="simple" />
    <link:roleRef roleURI="http://marathonpg.com/role/SubsequentEventsDetailsNarrative" xlink:href="mara-20130331.xsd#SubsequentEventsDetailsNarrative" xlink:type="simple" />
    <link:calculationLink xlink:type="extended" xlink:role="http://marathonpg.com/role/DocumentAndEntityInformation" xlink:title="0001 - Document - Document and Entity Information" />
    <link:calculationLink xlink:type="extended" xlink:role="http://marathonpg.com/role/BalanceSheets" xlink:title="0002 - Statement - Consolidated Balance Sheets (Unaudited)">
      <link:loc xlink:type="locator" xlink:href="http://xbrl.fasb.org/us-gaap/2012/elts/us-gaap-2012-01-31.xsd#us-gaap_AssetsCurrent" xlink:label="loc_MARAAssetsCurrent" />
      <link:loc xlink:type="locator" xlink:href="http://xbrl.fasb.org/us-gaap/2012/elts/us-gaap-2012-01-31.xsd#us-gaap_Cash" xlink:label="loc_MARACash" />
      <link:calculationArc order="100" xlink:arcrole="http://www.xbrl.org/2003/arcrole/summation-item" xlink:from="loc_MARAAssetsCurrent" xlink:to="loc_MARACash" xlink:type="arc" weight="1" />
      <link:loc xlink:type="locator" xlink:href="http://xbrl.fasb.org/us-gaap/2012/elts/us-gaap-2012-01-31.xsd#us-gaap_AvailableForSaleSecuritiesCurrent" xlink:label="loc_MARAAvailableForSaleSecuritiesCurrent" />
      <link:calculationArc order="200" xlink:arcrole="http://www.xbrl.org/2003/arcrole/summation-item" xlink:from="loc_MARAAssetsCurrent" xlink:to="loc_MARAAvailableForSaleSecuritiesCurrent" xlink:type="arc" weight="1" />
      <link:loc xlink:type="locator" xlink:href="http://xbrl.fasb.org/us-gaap/2012/elts/us-gaap-2012-01-31.xsd#us-gaap_PrepaidExpenseCurrent" xlink:label="loc_MARAPrepaidExpenseCurrent" />
      <link:calculationArc order="300" xlink:arcrole="http://www.xbrl.org/2003/arcrole/summation-item" xlink:from="loc_MARAAssetsCurrent" xlink:to="loc_MARAPrepaidExpenseCurrent" xlink:type="arc" weight="1" />
      <link:loc xlink:type="locator" xlink:href="http://xbrl.fasb.org/us-gaap/2012/elts/us-gaap-2012-01-31.xsd#us-gaap_AssetsOfDisposalGroupIncludingDiscontinuedOperationCurrent" xlink:label="loc_MARAAssetsOfDisposalGroupIncludingDiscontinuedOperationCurrent" />
      <link:calculationArc order="400" xlink:arcrole="http://www.xbrl.org/2003/arcrole/summation-item" xlink:from="loc_MARAAssetsCurrent" xlink:to="loc_MARAAssetsOfDisposalGroupIncludingDiscontinuedOperationCurrent" xlink:type="arc" weight="1" />
      <link:loc xlink:type="locator" xlink:href="http://xbrl.fasb.org/us-gaap/2012/elts/us-gaap-2012-01-31.xsd#us-gaap_AssetsNoncurrent" xlink:label="loc_MARAAssetsNoncurrent" />
      <link:loc xlink:type="locator" xlink:href="http://xbrl.fasb.org/us-gaap/2012/elts/us-gaap-2012-01-31.xsd#us-gaap_PropertyPlantAndEquipmentNet" xlink:label="loc_MARAPropertyPlantAndEquipmentNet" />
      <link:calculationArc order="100" xlink:arcrole="http://www.xbrl.org/2003/arcrole/summation-item" xlink:from="loc_MARAAssetsNoncurrent" xlink:to="loc_MARAPropertyPlantAndEquipmentNet" xlink:type="arc" weight="1" />
      <link:loc xlink:type="locator" xlink:href="http://xbrl.fasb.org/us-gaap/2012/elts/us-gaap-2012-01-31.xsd#us-gaap_IntangibleAssetsNetIncludingGoodwill" xlink:label="loc_MARAIntangibleAssetsNetIncludingGoodwill" />
      <link:calculationArc order="200" xlink:arcrole="http://www.xbrl.org/2003/arcrole/summation-item" xlink:from="loc_MARAAssetsNoncurrent" xlink:to="loc_MARAIntangibleAssetsNetIncludingGoodwill" xlink:type="arc" weight="1" />
      <link:loc xlink:type="locator" xlink:href="http://xbrl.fasb.org/us-gaap/2012/elts/us-gaap-2012-01-31.xsd#us-gaap_AssetsOfDisposalGroupIncludingDiscontinuedOperationNoncurrent" xlink:label="loc_MARAAssetsOfDisposalGroupIncludingDiscontinuedOperationNoncurrent" />
      <link:calculationArc order="300" xlink:arcrole="http://www.xbrl.org/2003/arcrole/summation-item" xlink:from="loc_MARAAssetsNoncurrent" xlink:to="loc_MARAAssetsOfDisposalGroupIncludingDiscontinuedOperationNoncurrent" xlink:type="arc" weight="1" />
      <link:loc xlink:type="locator" xlink:href="http://xbrl.fasb.org/us-gaap/2012/elts/us-gaap-2012-01-31.xsd#us-gaap_Assets" xlink:label="loc_MARAAssets" />
      <link:calculationArc order="100" xlink:arcrole="http://www.xbrl.org/2003/arcrole/summation-item" xlink:from="loc_MARAAssets" xlink:to="loc_MARAAssetsCurrent" xlink:type="arc" weight="1" />
      <link:calculationArc order="200" xlink:arcrole="http://www.xbrl.org/2003/arcrole/summation-item" xlink:from="loc_MARAAssets" xlink:to="loc_MARAAssetsNoncurrent" xlink:type="arc" weight="1" />
      <link:loc xlink:type="locator" xlink:href="http://xbrl.fasb.org/us-gaap/2012/elts/us-gaap-2012-01-31.xsd#us-gaap_Liabilities" xlink:label="loc_MARALiabilities" />
      <link:loc xlink:type="locator" xlink:href="http://xbrl.fasb.org/us-gaap/2012/elts/us-gaap-2012-01-31.xsd#us-gaap_AccountsPayableAndAccruedLiabilitiesCurrent" xlink:label="loc_MARAAccountsPayableAndAccruedLiabilitiesCurrent" />
      <link:calculationArc order="100" xlink:arcrole="http://www.xbrl.org/2003/arcrole/summation-item" xlink:from="loc_MARALiabilities" xlink:to="loc_MARAAccountsPayableAndAccruedLiabilitiesCurrent" xlink:type="arc" weight="1" />
      <link:loc xlink:type="locator" xlink:href="http://xbrl.fasb.org/us-gaap/2012/elts/us-gaap-2012-01-31.xsd#us-gaap_LiabilitiesOfDisposalGroupIncludingDiscontinuedOperation" xlink:label="loc_MARALiabilitiesOfDisposalGroupIncludingDiscontinuedOperation" />
      <link:calculationArc order="200" xlink:arcrole="http://www.xbrl.org/2003/arcrole/summation-item" xlink:from="loc_MARALiabilities" xlink:to="loc_MARALiabilitiesOfDisposalGroupIncludingDiscontinuedOperation" xlink:type="arc" weight="1" />
      <link:loc xlink:type="locator" xlink:href="http://xbrl.fasb.org/us-gaap/2012/elts/us-gaap-2012-01-31.xsd#us-gaap_StockholdersEquity" xlink:label="loc_MARAStockholdersEquity" />
      <link:loc xlink:type="locator" xlink:href="http://xbrl.fasb.org/us-gaap/2012/elts/us-gaap-2012-01-31.xsd#us-gaap_PreferredStockValue" xlink:label="loc_MARAPreferredStockValue" />
      <link:calculationArc order="100" xlink:arcrole="http://www.xbrl.org/2003/arcrole/summation-item" xlink:from="loc_MARAStockholdersEquity" xlink:to="loc_MARAPreferredStockValue" xlink:type="arc" weight="1" />
      <link:loc xlink:type="locator" xlink:href="http://xbrl.fasb.org/us-gaap/2012/elts/us-gaap-2012-01-31.xsd#us-gaap_CommonStockValue" xlink:label="loc_MARACommonStockValue" />
      <link:calculationArc order="200" xlink:arcrole="http://www.xbrl.org/2003/arcrole/summation-item" xlink:from="loc_MARAStockholdersEquity" xlink:to="loc_MARACommonStockValue" xlink:type="arc" weight="1" />
      <link:loc xlink:type="locator" xlink:href="http://xbrl.fasb.org/us-gaap/2012/elts/us-gaap-2012-01-31.xsd#us-gaap_AdditionalPaidInCapital" xlink:label="loc_MARAAdditionalPaidInCapital" />
      <link:calculationArc order="300" xlink:arcrole="http://www.xbrl.org/2003/arcrole/summation-item" xlink:from="loc_MARAStockholdersEquity" xlink:to="loc_MARAAdditionalPaidInCapital" xlink:type="arc" weight="1" />
      <link:loc xlink:type="locator" xlink:href="http://xbrl.fasb.org/us-gaap/2012/elts/us-gaap-2012-01-31.xsd#us-gaap_AccumulatedOtherComprehensiveIncomeLossAvailableForSaleSecuritiesAdjustmentNetOfTax" xlink:label="loc_MARAAccumulatedOtherComprehensiveIncomeLossAvailableForSaleSecuritiesAdjustmentNetOfTax" />
      <link:calculationArc order="400" xlink:arcrole="http://www.xbrl.org/2003/arcrole/summation-item" xlink:from="loc_MARAStockholdersEquity" xlink:to="loc_MARAAccumulatedOtherComprehensiveIncomeLossAvailableForSaleSecuritiesAdjustmentNetOfTax" xlink:type="arc" weight="1" />
      <link:loc xlink:type="locator" xlink:href="http://xbrl.fasb.org/us-gaap/2012/elts/us-gaap-2012-01-31.xsd#us-gaap_DevelopmentStageEnterpriseDeficitAccumulatedDuringDevelopmentStage" xlink:label="loc_MARADevelopmentStageEnterpriseDeficitAccumulatedDuringDevelopmentStage" />
      <link:calculationArc order="500" xlink:arcrole="http://www.xbrl.org/2003/arcrole/summation-item" xlink:from="loc_MARAStockholdersEquity" xlink:to="loc_MARADevelopmentStageEnterpriseDeficitAccumulatedDuringDevelopmentStage" xlink:type="arc" weight="-1" />
      <link:loc xlink:type="locator" xlink:href="http://xbrl.fasb.org/us-gaap/2012/elts/us-gaap-2012-01-31.xsd#us-gaap_StockholdersEquityIncludingPortionAttributableToNoncontrollingInterest" xlink:label="loc_MARAStockholdersEquityIncludingPortionAttributableToNoncontrollingInterest" />
      <link:calculationArc order="100" xlink:arcrole="http://www.xbrl.org/2003/arcrole/summation-item" xlink:from="loc_MARAStockholdersEquityIncludingPortionAttributableToNoncontrollingInterest" xlink:to="loc_MARAStockholdersEquity" xlink:type="arc" weight="1" />
      <link:loc xlink:type="locator" xlink:href="http://xbrl.fasb.org/us-gaap/2012/elts/us-gaap-2012-01-31.xsd#us-gaap_MinorityInterest" xlink:label="loc_MARAMinorityInterest" />
      <link:calculationArc order="200" xlink:arcrole="http://www.xbrl.org/2003/arcrole/summation-item" xlink:from="loc_MARAStockholdersEquityIncludingPortionAttributableToNoncontrollingInterest" xlink:to="loc_MARAMinorityInterest" xlink:type="arc" weight="1" />
      <link:loc xlink:type="locator" xlink:href="http://xbrl.fasb.org/us-gaap/2012/elts/us-gaap-2012-01-31.xsd#us-gaap_LiabilitiesAndStockholdersEquity" xlink:label="loc_MARALiabilitiesAndStockholdersEquity" />
      <link:calculationArc order="100" xlink:arcrole="http://www.xbrl.org/2003/arcrole/summation-item" xlink:from="loc_MARALiabilitiesAndStockholdersEquity" xlink:to="loc_MARALiabilities" xlink:type="arc" weight="1" />
      <link:calculationArc order="200" xlink:arcrole="http://www.xbrl.org/2003/arcrole/summation-item" xlink:from="loc_MARALiabilitiesAndStockholdersEquity" xlink:to="loc_MARAMinorityInterest" xlink:type="arc" weight="1" />
      <link:calculationArc order="300" xlink:arcrole="http://www.xbrl.org/2003/arcrole/summation-item" xlink:from="loc_MARALiabilitiesAndStockholdersEquity" xlink:to="loc_MARAStockholdersEquity" xlink:type="arc" weight="1" />
    </link:calculationLink>
    <link:calculationLink xlink:type="extended" xlink:role="http://marathonpg.com/role/BalanceSheetsParenthetical" xlink:title="0003 - Statement - Consolidated Balance Sheets (Parenthetical)" />
    <link:calculationLink xlink:type="extended" xlink:role="http://marathonpg.com/role/StatementsOfOperations" xlink:title="0004 - Statement - Consolidated Statements of Operations (Unaudited)">
      <link:loc xlink:type="locator" xlink:href="http://xbrl.fasb.org/us-gaap/2012/elts/us-gaap-2012-01-31.xsd#us-gaap_OperatingExpenses" xlink:label="loc_MARAOperatingExpenses" />
      <link:loc xlink:type="locator" xlink:href="http://xbrl.fasb.org/us-gaap/2012/elts/us-gaap-2012-01-31.xsd#us-gaap_OtherLaborRelatedExpenses" xlink:label="loc_MARAOtherLaborRelatedExpenses" />
      <link:calculationArc order="100" xlink:arcrole="http://www.xbrl.org/2003/arcrole/summation-item" xlink:from="loc_MARAOperatingExpenses" xlink:to="loc_MARAOtherLaborRelatedExpenses" xlink:type="arc" weight="1" />
      <link:loc xlink:type="locator" xlink:href="http://xbrl.fasb.org/us-gaap/2012/elts/us-gaap-2012-01-31.xsd#us-gaap_ProfessionalAndContractServicesExpense" xlink:label="loc_MARAProfessionalAndContractServicesExpense" />
      <link:calculationArc order="200" xlink:arcrole="http://www.xbrl.org/2003/arcrole/summation-item" xlink:from="loc_MARAOperatingExpenses" xlink:to="loc_MARAProfessionalAndContractServicesExpense" xlink:type="arc" weight="1" />
      <link:loc xlink:type="locator" xlink:href="http://xbrl.fasb.org/us-gaap/2012/elts/us-gaap-2012-01-31.xsd#us-gaap_ProfessionalFees" xlink:label="loc_MARAProfessionalFees" />
      <link:calculationArc order="300" xlink:arcrole="http://www.xbrl.org/2003/arcrole/summation-item" xlink:from="loc_MARAOperatingExpenses" xlink:to="loc_MARAProfessionalFees" xlink:type="arc" weight="1" />
      <link:loc xlink:type="locator" xlink:href="http://xbrl.fasb.org/us-gaap/2012/elts/us-gaap-2012-01-31.xsd#us-gaap_GeneralAndAdministrativeExpense" xlink:label="loc_MARAGeneralAndAdministrativeExpense" />
      <link:calculationArc order="400" xlink:arcrole="http://www.xbrl.org/2003/arcrole/summation-item" xlink:from="loc_MARAOperatingExpenses" xlink:to="loc_MARAGeneralAndAdministrativeExpense" xlink:type="arc" weight="1" />
      <link:loc xlink:type="locator" xlink:href="http://xbrl.fasb.org/us-gaap/2012/elts/us-gaap-2012-01-31.xsd#us-gaap_NonoperatingIncomeExpense" xlink:label="loc_MARANonoperatingIncomeExpense" />
      <link:loc xlink:type="locator" xlink:href="http://xbrl.fasb.org/us-gaap/2012/elts/us-gaap-2012-01-31.xsd#us-gaap_OtherIncome" xlink:label="loc_MARAOtherIncome" />
      <link:calculationArc order="100" xlink:arcrole="http://www.xbrl.org/2003/arcrole/summation-item" xlink:from="loc_MARANonoperatingIncomeExpense" xlink:to="loc_MARAOtherIncome" xlink:type="arc" weight="1" />
      <link:loc xlink:type="locator" xlink:href="http://xbrl.fasb.org/us-gaap/2012/elts/us-gaap-2012-01-31.xsd#us-gaap_AvailableforsaleSecuritiesGrossRealizedLossesExcludingOtherThanTemporaryImpairments" xlink:label="loc_MARAAvailableforsaleSecuritiesGrossRealizedLossesExcludingOtherThanTemporaryImpairments" />
      <link:calculationArc order="200" xlink:arcrole="http://www.xbrl.org/2003/arcrole/summation-item" xlink:from="loc_MARANonoperatingIncomeExpense" xlink:to="loc_MARAAvailableforsaleSecuritiesGrossRealizedLossesExcludingOtherThanTemporaryImpairments" xlink:type="arc" weight="-1" />
      <link:loc xlink:type="locator" xlink:href="http://xbrl.fasb.org/us-gaap/2012/elts/us-gaap-2012-01-31.xsd#us-gaap_InterestExpense" xlink:label="loc_MARAInterestExpense" />
      <link:calculationArc order="300" xlink:arcrole="http://www.xbrl.org/2003/arcrole/summation-item" xlink:from="loc_MARANonoperatingIncomeExpense" xlink:to="loc_MARAInterestExpense" xlink:type="arc" weight="-1" />
      <link:loc xlink:type="locator" xlink:href="http://xbrl.fasb.org/us-gaap/2012/elts/us-gaap-2012-01-31.xsd#us-gaap_InvestmentIncomeInterest" xlink:label="loc_MARAInvestmentIncomeInterest" />
      <link:calculationArc order="400" xlink:arcrole="http://www.xbrl.org/2003/arcrole/summation-item" xlink:from="loc_MARANonoperatingIncomeExpense" xlink:to="loc_MARAInvestmentIncomeInterest" xlink:type="arc" weight="1" />
    </link:calculationLink>
    <link:calculationLink xlink:type="extended" xlink:role="http://marathonpg.com/role/StatementsOfCashFlows" xlink:title="0005 - Statement - Consolidated Statements of Cash Flows (Unaudited)">
      <link:loc xlink:type="locator" xlink:href="http://xbrl.fasb.org/us-gaap/2012/elts/us-gaap-2012-01-31.xsd#us-gaap_NetCashProvidedByUsedInOperatingActivities" xlink:label="loc_MARANetCashProvidedByUsedInOperatingActivities" />
      <link:loc xlink:type="locator" xlink:href="http://xbrl.fasb.org/us-gaap/2012/elts/us-gaap-2012-01-31.xsd#us-gaap_NetIncomeLoss" xlink:label="loc_MARANetIncomeLoss" />
      <link:calculationArc order="100" xlink:arcrole="http://www.xbrl.org/2003/arcrole/summation-item" xlink:from="loc_MARANetCashProvidedByUsedInOperatingActivities" xlink:to="loc_MARANetIncomeLoss" xlink:type="arc" weight="1" />
      <link:loc xlink:type="locator" xlink:href="http://xbrl.fasb.org/us-gaap/2012/elts/us-gaap-2012-01-31.xsd#us-gaap_DepreciationDepletionAndAmortization" xlink:label="loc_MARADepreciationDepletionAndAmortization" />
      <link:calculationArc order="200" xlink:arcrole="http://www.xbrl.org/2003/arcrole/summation-item" xlink:from="loc_MARANetCashProvidedByUsedInOperatingActivities" xlink:to="loc_MARADepreciationDepletionAndAmortization" xlink:type="arc" weight="1" />
      <link:loc xlink:type="locator" xlink:href="http://xbrl.fasb.org/us-gaap/2012/elts/us-gaap-2012-01-31.xsd#us-gaap_Depreciation" xlink:label="loc_MARADepreciation" />
      <link:calculationArc order="300" xlink:arcrole="http://www.xbrl.org/2003/arcrole/summation-item" xlink:from="loc_MARANetCashProvidedByUsedInOperatingActivities" xlink:to="loc_MARADepreciation" xlink:type="arc" weight="1" />
      <link:loc xlink:type="locator" xlink:href="mara-20130331.xsd#MARA_ShareBasedCompensationWarrants" xlink:label="loc_MARAShareBasedCompensationWarrants" />
      <link:calculationArc order="400" xlink:arcrole="http://www.xbrl.org/2003/arcrole/summation-item" xlink:from="loc_MARANetCashProvidedByUsedInOperatingActivities" xlink:to="loc_MARAShareBasedCompensationWarrants" xlink:type="arc" weight="1" />
      <link:loc xlink:type="locator" xlink:href="mara-20130331.xsd#MARA_ShareBasedCompensationOptions" xlink:label="loc_MARAShareBasedCompensationOptions" />
      <link:calculationArc order="500" xlink:arcrole="http://www.xbrl.org/2003/arcrole/summation-item" xlink:from="loc_MARANetCashProvidedByUsedInOperatingActivities" xlink:to="loc_MARAShareBasedCompensationOptions" xlink:type="arc" weight="1" />
      <link:loc xlink:type="locator" xlink:href="http://xbrl.fasb.org/us-gaap/2012/elts/us-gaap-2012-01-31.xsd#us-gaap_StockIssuedDuringPeriodValueIssuedForServices" xlink:label="loc_MARAStockIssuedDuringPeriodValueIssuedForServices" />
      <link:calculationArc order="600" xlink:arcrole="http://www.xbrl.org/2003/arcrole/summation-item" xlink:from="loc_MARANetCashProvidedByUsedInOperatingActivities" xlink:to="loc_MARAStockIssuedDuringPeriodValueIssuedForServices" xlink:type="arc" weight="1" />
      <link:loc xlink:type="locator" xlink:href="http://xbrl.fasb.org/us-gaap/2012/elts/us-gaap-2012-01-31.xsd#us-gaap_MinorityInterestPeriodIncreaseDecrease" xlink:label="loc_MARAMinorityInterestPeriodIncreaseDecrease" />
      <link:calculationArc order="700" xlink:arcrole="http://www.xbrl.org/2003/arcrole/summation-item" xlink:from="loc_MARANetCashProvidedByUsedInOperatingActivities" xlink:to="loc_MARAMinorityInterestPeriodIncreaseDecrease" xlink:type="arc" weight="1" />
      <link:loc xlink:type="locator" xlink:href="http://xbrl.fasb.org/us-gaap/2012/elts/us-gaap-2012-01-31.xsd#us-gaap_OtherNoncashIncome" xlink:label="loc_MARAOtherNoncashIncome" />
      <link:calculationArc order="800" xlink:arcrole="http://www.xbrl.org/2003/arcrole/summation-item" xlink:from="loc_MARANetCashProvidedByUsedInOperatingActivities" xlink:to="loc_MARAOtherNoncashIncome" xlink:type="arc" weight="1" />
      <link:loc xlink:type="locator" xlink:href="http://xbrl.fasb.org/us-gaap/2012/elts/us-gaap-2012-01-31.xsd#us-gaap_AvailableforsaleSecuritiesGrossRealizedLossesExcludingOtherThanTemporaryImpairments" xlink:label="loc_MARAAvailableforsaleSecuritiesGrossRealizedLossesExcludingOtherThanTemporaryImpairments" />
      <link:calculationArc order="900" xlink:arcrole="http://www.xbrl.org/2003/arcrole/summation-item" xlink:from="loc_MARANetCashProvidedByUsedInOperatingActivities" xlink:to="loc_MARAAvailableforsaleSecuritiesGrossRealizedLossesExcludingOtherThanTemporaryImpairments" xlink:type="arc" weight="1" />
      <link:loc xlink:type="locator" xlink:href="http://xbrl.fasb.org/us-gaap/2012/elts/us-gaap-2012-01-31.xsd#us-gaap_OtherAssetImpairmentCharges" xlink:label="loc_MARAOtherAssetImpairmentCharges" />
      <link:calculationArc order="1000" xlink:arcrole="http://www.xbrl.org/2003/arcrole/summation-item" xlink:from="loc_MARANetCashProvidedByUsedInOperatingActivities" xlink:to="loc_MARAOtherAssetImpairmentCharges" xlink:type="arc" weight="1" />
      <link:loc xlink:type="locator" xlink:href="http://xbrl.fasb.org/us-gaap/2012/elts/us-gaap-2012-01-31.xsd#us-gaap_AssetImpairmentCharges" xlink:label="loc_MARAAssetImpairmentCharges" />
      <link:calculationArc order="1100" xlink:arcrole="http://www.xbrl.org/2003/arcrole/summation-item" xlink:from="loc_MARANetCashProvidedByUsedInOperatingActivities" xlink:to="loc_MARAAssetImpairmentCharges" xlink:type="arc" weight="1" />
      <link:loc xlink:type="locator" xlink:href="mara-20130331.xsd#MARA_IncreaseDecreaseInAssetsOfDisposalGroupIncludingDiscontinuedOperationCurrent" xlink:label="loc_MARAIncreaseDecreaseInAssetsOfDisposalGroupIncludingDiscontinuedOperationCurrent" />
      <link:calculationArc order="1200" xlink:arcrole="http://www.xbrl.org/2003/arcrole/summation-item" xlink:from="loc_MARANetCashProvidedByUsedInOperatingActivities" xlink:to="loc_MARAIncreaseDecreaseInAssetsOfDisposalGroupIncludingDiscontinuedOperationCurrent" xlink:type="arc" weight="1" />
      <link:loc xlink:type="locator" xlink:href="http://xbrl.fasb.org/us-gaap/2012/elts/us-gaap-2012-01-31.xsd#us-gaap_IncreaseDecreaseInPrepaidExpense" xlink:label="loc_MARAIncreaseDecreaseInPrepaidExpense" />
      <link:calculationArc order="1300" xlink:arcrole="http://www.xbrl.org/2003/arcrole/summation-item" xlink:from="loc_MARANetCashProvidedByUsedInOperatingActivities" xlink:to="loc_MARAIncreaseDecreaseInPrepaidExpense" xlink:type="arc" weight="1" />
      <link:loc xlink:type="locator" xlink:href="http://xbrl.fasb.org/us-gaap/2012/elts/us-gaap-2012-01-31.xsd#us-gaap_IncreaseDecreaseInDeposits" xlink:label="loc_MARAIncreaseDecreaseInDeposits" />
      <link:calculationArc order="1400" xlink:arcrole="http://www.xbrl.org/2003/arcrole/summation-item" xlink:from="loc_MARANetCashProvidedByUsedInOperatingActivities" xlink:to="loc_MARAIncreaseDecreaseInDeposits" xlink:type="arc" weight="1" />
      <link:loc xlink:type="locator" xlink:href="mara-20130331.xsd#MARA_IncreaseDecreaseInAssetsOfDisposalGroupIncludingDiscontinuedOperationNoncurrent" xlink:label="loc_MARAIncreaseDecreaseInAssetsOfDisposalGroupIncludingDiscontinuedOperationNoncurrent" />
      <link:calculationArc order="1500" xlink:arcrole="http://www.xbrl.org/2003/arcrole/summation-item" xlink:from="loc_MARANetCashProvidedByUsedInOperatingActivities" xlink:to="loc_MARAIncreaseDecreaseInAssetsOfDisposalGroupIncludingDiscontinuedOperationNoncurrent" xlink:type="arc" weight="1" />
      <link:loc xlink:type="locator" xlink:href="http://xbrl.fasb.org/us-gaap/2012/elts/us-gaap-2012-01-31.xsd#us-gaap_IncreaseDecreaseInAccountsPayableAndAccruedLiabilities" xlink:label="loc_MARAIncreaseDecreaseInAccountsPayableAndAccruedLiabilities" />
      <link:calculationArc order="1600" xlink:arcrole="http://www.xbrl.org/2003/arcrole/summation-item" xlink:from="loc_MARANetCashProvidedByUsedInOperatingActivities" xlink:to="loc_MARAIncreaseDecreaseInAccountsPayableAndAccruedLiabilities" xlink:type="arc" weight="1" />
    </link:calculationLink>
    <link:calculationLink xlink:type="extended" xlink:role="http://marathonpg.com/role/OrganizationAndDescriptionOfBusiness" xlink:title="0006 - Disclosure - ORGANIZATION AND DESCRIPTION OF BUSINESS" />
    <link:calculationLink xlink:type="extended" xlink:role="http://marathonpg.com/role/GoingConcern" xlink:title="0007 - Disclosure - Going Concern" />
    <link:calculationLink xlink:type="extended" xlink:role="http://marathonpg.com/role/SummaryOfSignificantAccountingPolicies" xlink:title="0008 - Disclosure - SUMMARY OF SIGNIFICANT ACCOUNTING POLICIES" />
    <link:calculationLink xlink:type="extended" xlink:role="http://marathonpg.com/role/DiscontinuedOperations" xlink:title="0009 - Disclosure - DISCONTINUED OPERATIONS" />
    <link:calculationLink xlink:type="extended" xlink:role="http://marathonpg.com/role/IntangibleAssets" xlink:title="0010 - Disclosure - INTANGIBLE ASSETS" />
    <link:calculationLink xlink:type="extended" xlink:role="http://marathonpg.com/role/StockholdersEquity" xlink:title="0011 - Disclosure - STOCKHOLDERS' EQUITY" />
    <link:calculationLink xlink:type="extended" xlink:role="http://marathonpg.com/role/RelatedPartyTransactions" xlink:title="0012 - Disclosure - RELATED PARTY TRANSACTIONS" />
    <link:calculationLink xlink:type="extended" xlink:role="http://marathonpg.com/role/CommitmentsAndContingencies" xlink:title="0013 - Disclosure - COMMITMENTS AND CONTINGENCIES" />
    <link:calculationLink xlink:type="extended" xlink:role="http://marathonpg.com/role/MarketableSecurities" xlink:title="0014 - Disclosure - MARKETABLE SECURITIES" />
    <link:calculationLink xlink:type="extended" xlink:role="http://marathonpg.com/role/SubsequentEvents" xlink:title="0015 - Disclosure - SUBSEQUENT EVENTS" />
    <link:calculationLink xlink:type="extended" xlink:role="http://marathonpg.com/role/SummaryOfSignificantAccountingPoliciesPolicies" xlink:title="0016 - Disclosure - SUMMARY OF SIGNIFICANT ACCOUNTING POLICIES (Policies)" />
    <link:calculationLink xlink:type="extended" xlink:role="http://marathonpg.com/role/SummaryOfSignificantAccountingPoliciesTables" xlink:title="0017 - Disclosure - SUMMARY OF SIGNIFICANT ACCOUNTING POLICIES (Tables)" />
    <link:calculationLink xlink:type="extended" xlink:role="http://marathonpg.com/role/DiscontinuedOperationsTables" xlink:title="0018 - Disclosure - DISCONTINUED OPERATIONS (Tables)" />
    <link:calculationLink xlink:type="extended" xlink:role="http://marathonpg.com/role/IntangibleAssetsTables" xlink:title="0019 - Disclosure - INTANGIBLE ASSETS (Tables)" />
    <link:calculationLink xlink:type="extended" xlink:role="http://marathonpg.com/role/StockholdersEquityTables" xlink:title="0020 - Disclosure - STOCKHOLDERS' EQUITY (Tables)" />
    <link:calculationLink xlink:type="extended" xlink:role="http://marathonpg.com/role/CommitmentsAndContingenciesTables" xlink:title="0021 - Disclosure - COMMITMENTS AND CONTINGENCIES (Tables)" />
    <link:calculationLink xlink:type="extended" xlink:role="http://marathonpg.com/role/MarketableSecuritiesTables" xlink:title="0022 - Disclosure - MARKETABLE SECURITIES (Tables)" />
    <link:calculationLink xlink:type="extended" xlink:role="http://marathonpg.com/role/SummaryOfSignificantAccountingPolicies-ScheduleOfFairValueAssetsDetails" xlink:title="0023 - Disclosure - SUMMARY OF SIGNIFICANT ACCOUNTING POLICIES - Schedule of Fair Value Assets (Details)" />
    <link:calculationLink xlink:type="extended" xlink:role="http://marathonpg.com/role/SummaryOfSignificantAccountingPolicies-ScheduleOfBasicAndDilutedLossPerShareDetails" xlink:title="0024 - Disclosure - SUMMARY OF SIGNIFICANT ACCOUNTING POLICIES - Schedule of Basic and Diluted Loss Per Share (Details)" />
    <link:calculationLink xlink:type="extended" xlink:role="http://marathonpg.com/role/DiscontinuedOperations-ScheduleOfAssetsAndLiabilitiesDetails" xlink:title="0025 - Disclosure - DISCONTINUED OPERATIONS - Schedule of Assets and Liabilities (Details)" />
    <link:calculationLink xlink:type="extended" xlink:role="http://marathonpg.com/role/DiscontinuedOperations-ScheduleDiscontinuedOperationsDetails" xlink:title="0026 - Disclosure - DISCONTINUED OPERATIONS - Schedule Discontinued Operations (Details)" />
    <link:calculationLink xlink:type="extended" xlink:role="http://marathonpg.com/role/IntangibleAssets-ScheduleOfIntangibleAssetsDetails" xlink:title="0027 - Disclosure - INTANGIBLE ASSETS - Schedule of Intangible Assets (Details)" />
    <link:calculationLink xlink:type="extended" xlink:role="http://marathonpg.com/role/IntangibleAssets-ScheduleOfAmortizationExpenseDetails" xlink:title="0028 - Disclosure - INTANGIBLE ASSETS - Schedule of Amortization Expense (Details)">
      <link:loc xlink:type="locator" xlink:href="http://xbrl.fasb.org/us-gaap/2012/elts/us-gaap-2012-01-31.xsd#us-gaap_FiniteLivedIntangibleAssetsNet" xlink:label="loc_MARAFiniteLivedIntangibleAssetsNet" />
      <link:loc xlink:type="locator" xlink:href="http://xbrl.fasb.org/us-gaap/2012/elts/us-gaap-2012-01-31.xsd#us-gaap_FiniteLivedIntangibleAssetsAmortizationExpenseNextTwelveMonths" xlink:label="loc_MARAFiniteLivedIntangibleAssetsAmortizationExpenseNextTwelveMonths" />
      <link:calculationArc order="100" xlink:arcrole="http://www.xbrl.org/2003/arcrole/summation-item" xlink:from="loc_MARAFiniteLivedIntangibleAssetsNet" xlink:to="loc_MARAFiniteLivedIntangibleAssetsAmortizationExpenseNextTwelveMonths" xlink:type="arc" weight="1" />
      <link:loc xlink:type="locator" xlink:href="http://xbrl.fasb.org/us-gaap/2012/elts/us-gaap-2012-01-31.xsd#us-gaap_FiniteLivedIntangibleAssetsAmortizationExpenseYearTwo" xlink:label="loc_MARAFiniteLivedIntangibleAssetsAmortizationExpenseYearTwo" />
      <link:calculationArc order="200" xlink:arcrole="http://www.xbrl.org/2003/arcrole/summation-item" xlink:from="loc_MARAFiniteLivedIntangibleAssetsNet" xlink:to="loc_MARAFiniteLivedIntangibleAssetsAmortizationExpenseYearTwo" xlink:type="arc" weight="1" />
      <link:loc xlink:type="locator" xlink:href="http://xbrl.fasb.org/us-gaap/2012/elts/us-gaap-2012-01-31.xsd#us-gaap_FiniteLivedIntangibleAssetsAmortizationExpenseYearThree" xlink:label="loc_MARAFiniteLivedIntangibleAssetsAmortizationExpenseYearThree" />
      <link:calculationArc order="300" xlink:arcrole="http://www.xbrl.org/2003/arcrole/summation-item" xlink:from="loc_MARAFiniteLivedIntangibleAssetsNet" xlink:to="loc_MARAFiniteLivedIntangibleAssetsAmortizationExpenseYearThree" xlink:type="arc" weight="1" />
      <link:loc xlink:type="locator" xlink:href="http://xbrl.fasb.org/us-gaap/2012/elts/us-gaap-2012-01-31.xsd#us-gaap_FiniteLivedIntangibleAssetsAmortizationExpenseYearFour" xlink:label="loc_MARAFiniteLivedIntangibleAssetsAmortizationExpenseYearFour" />
      <link:calculationArc order="400" xlink:arcrole="http://www.xbrl.org/2003/arcrole/summation-item" xlink:from="loc_MARAFiniteLivedIntangibleAssetsNet" xlink:to="loc_MARAFiniteLivedIntangibleAssetsAmortizationExpenseYearFour" xlink:type="arc" weight="1" />
      <link:loc xlink:type="locator" xlink:href="http://xbrl.fasb.org/us-gaap/2012/elts/us-gaap-2012-01-31.xsd#us-gaap_FiniteLivedIntangibleAssetsAmortizationExpenseAfterYearFive" xlink:label="loc_MARAFiniteLivedIntangibleAssetsAmortizationExpenseAfterYearFive" />
      <link:calculationArc order="500" xlink:arcrole="http://www.xbrl.org/2003/arcrole/summation-item" xlink:from="loc_MARAFiniteLivedIntangibleAssetsNet" xlink:to="loc_MARAFiniteLivedIntangibleAssetsAmortizationExpenseAfterYearFive" xlink:type="arc" weight="1" />
    </link:calculationLink>
    <link:calculationLink xlink:type="extended" xlink:role="http://marathonpg.com/role/StockholdersEquity-OutstandingStockWarrantsAndChangesDetails" xlink:title="0029 - Disclosure - STOCKHOLDERS' EQUITY - Outstanding stock warrants and changes (Details)" />
    <link:calculationLink xlink:type="extended" xlink:role="http://marathonpg.com/role/StockholdersEquity-SummaryOfStockOptionsAndChangesDetails" xlink:title="0030 - Disclosure - STOCKHOLDERS' EQUITY - Summary of stock options and changes (Details)" />
    <link:calculationLink xlink:type="extended" xlink:role="http://marathonpg.com/role/CommitmentsAndContingencies-ScheduleOfFutureRentalPaymentsDetails" xlink:title="0031 - Disclosure - COMMITMENTS AND CONTINGENCIES - Schedule of Future Rental Payments (Details)" />
    <link:calculationLink xlink:type="extended" xlink:role="http://marathonpg.com/role/CommitmentsAndContingencies-ScheduleOfRoyaltyPaymentsDetails" xlink:title="0032 - Disclosure - COMMITMENTS AND CONTINGENCIES - Schedule of Royalty Payments (Details)" />
    <link:calculationLink xlink:type="extended" xlink:role="http://marathonpg.com/role/MarketableSecurities-ScheduleOfMarketableSecuritiesDetails" xlink:title="0033 - Disclosure - MARKETABLE SECURITIES - Schedule of Marketable Securities (Details)" />
    <link:calculationLink xlink:type="extended" xlink:role="http://marathonpg.com/role/OrganizationAndDescriptionOfBusinessDetailsNarrative" xlink:title="0034 - Disclosure - ORGANIZATION AND DESCRIPTION OF BUSINESS (Details Narrative)" />
    <link:calculationLink xlink:type="extended" xlink:role="http://marathonpg.com/role/GoingConcernDetailsNarrative" xlink:title="0035 - Disclosure - Going Concern (Details Narrative)" />
    <link:calculationLink xlink:type="extended" xlink:role="http://marathonpg.com/role/SummaryOfSignificantAccountingPoliciesDetailsNarrative" xlink:title="0036 - Disclosure - SUMMARY OF SIGNIFICANT ACCOUNTING POLICIES (Details Narrative)" />
    <link:calculationLink xlink:type="extended" xlink:role="http://marathonpg.com/role/DiscontinuedOperationsDetailsNarrative" xlink:title="0037 - Disclosure - DISCONTINUED OPERATIONS (Details Narrative)" />
    <link:calculationLink xlink:type="extended" xlink:role="http://marathonpg.com/role/IntangibleAssetsDetailsNarrative" xlink:title="0038 - Disclosure - INTANGIBLE ASSETS (Details Narrative)" />
    <link:calculationLink xlink:type="extended" xlink:role="http://marathonpg.com/role/StockholdersEquityDeficitDetailsNarrative" xlink:title="0039 - Disclosure - STOCKHOLDERS EQUITY (DEFICIT) (Details Narrative)" />
    <link:calculationLink xlink:type="extended" xlink:role="http://marathonpg.com/role/RelatedPartyTransactionsDetailsNarrative" xlink:title="0040 - Disclosure - RELATED PARTY TRANSACTIONS (Details Narrative)" />
    <link:calculationLink xlink:type="extended" xlink:role="http://marathonpg.com/role/CommitmentsAndContingenciesDetailsNarrative" xlink:title="0041 - Disclosure - COMMITMENTS AND CONTINGENCIES (Details Narrative)" />
    <link:calculationLink xlink:type="extended" xlink:role="http://marathonpg.com/role/MarketableSecuritiesDetailsNarrative" xlink:title="0042 - Disclosure - MARKETABLE SECURITIES (Details Narrative)" />
    <link:calculationLink xlink:type="extended" xlink:role="http://marathonpg.com/role/SubsequentEventsDetailsNarrative" xlink:title="0043 - Disclosure - SUBSEQUENT EVENTS (Details Narrative)" />
</link:linkbase>
