<?xml version="1.0" encoding="US-ASCII" standalone="no"?>
    <!-- Field: Doc-Info; Name: Generator; Value: GoFiler Complete; Version: 5.18a -->
    <!-- Field: Doc-Info; Name: VendorURI; Value: https://www.novaworks.com -->
    <!-- Field: Doc-Info; Name: Status; Value: 0x00000000 -->
<link:linkbase xmlns:xsi="http://www.w3.org/2001/XMLSchema-instance" xmlns:xlink="http://www.w3.org/1999/xlink" xmlns:link="http://www.xbrl.org/2003/linkbase" xmlns:xbrli="http://www.xbrl.org/2003/instance" xsi:schemaLocation="http://www.xbrl.org/2003/linkbase http://www.xbrl.org/2003/xbrl-linkbase-2003-12-31.xsd">
    <link:roleRef roleURI="http://marathondh.com/role/Cover" xlink:href="mara-20230331.xsd#Cover" xlink:type="simple" />
    <link:roleRef roleURI="http://marathondh.com/role/CondensedBalanceSheet" xlink:href="mara-20230331.xsd#CondensedBalanceSheet" xlink:type="simple" />
    <link:roleRef roleURI="http://marathondh.com/role/CondensedBalanceSheetParenthetical" xlink:href="mara-20230331.xsd#CondensedBalanceSheetParenthetical" xlink:type="simple" />
    <link:roleRef roleURI="http://marathondh.com/role/CondensedStatementsOfOperations" xlink:href="mara-20230331.xsd#CondensedStatementsOfOperations" xlink:type="simple" />
    <link:roleRef roleURI="http://marathondh.com/role/CondensedStatementsOfStockholdersEquity" xlink:href="mara-20230331.xsd#CondensedStatementsOfStockholdersEquity" xlink:type="simple" />
    <link:roleRef roleURI="http://marathondh.com/role/CondensedStatementsOfCashFlows" xlink:href="mara-20230331.xsd#CondensedStatementsOfCashFlows" xlink:type="simple" />
    <link:roleRef roleURI="http://marathondh.com/role/OrganizationAndDescriptionOfBusiness" xlink:href="mara-20230331.xsd#OrganizationAndDescriptionOfBusiness" xlink:type="simple" />
    <link:roleRef roleURI="http://marathondh.com/role/SummaryOfSignificantAccountingPolicies" xlink:href="mara-20230331.xsd#SummaryOfSignificantAccountingPolicies" xlink:type="simple" />
    <link:roleRef roleURI="http://marathondh.com/role/RevenueFromContractsWithCustomers" xlink:href="mara-20230331.xsd#RevenueFromContractsWithCustomers" xlink:type="simple" />
    <link:roleRef roleURI="http://marathondh.com/role/AdvancesToVendorsAndDeposits" xlink:href="mara-20230331.xsd#AdvancesToVendorsAndDeposits" xlink:type="simple" />
    <link:roleRef roleURI="http://marathondh.com/role/PropertyAndEquipment" xlink:href="mara-20230331.xsd#PropertyAndEquipment" xlink:type="simple" />
    <link:roleRef roleURI="http://marathondh.com/role/FairValueMeasurement" xlink:href="mara-20230331.xsd#FairValueMeasurement" xlink:type="simple" />
    <link:roleRef roleURI="http://marathondh.com/role/NetLossPerShare" xlink:href="mara-20230331.xsd#NetLossPerShare" xlink:type="simple" />
    <link:roleRef roleURI="http://marathondh.com/role/ComputeNorthBankruptcy" xlink:href="mara-20230331.xsd#ComputeNorthBankruptcy" xlink:type="simple" />
    <link:roleRef roleURI="http://marathondh.com/role/StockholdersEquity" xlink:href="mara-20230331.xsd#StockholdersEquity" xlink:type="simple" />
    <link:roleRef roleURI="http://marathondh.com/role/Debt" xlink:href="mara-20230331.xsd#Debt" xlink:type="simple" />
    <link:roleRef roleURI="http://marathondh.com/role/Leases" xlink:href="mara-20230331.xsd#Leases" xlink:type="simple" />
    <link:roleRef roleURI="http://marathondh.com/role/LegalProceedings" xlink:href="mara-20230331.xsd#LegalProceedings" xlink:type="simple" />
    <link:roleRef roleURI="http://marathondh.com/role/RelatedPartyTransactions" xlink:href="mara-20230331.xsd#RelatedPartyTransactions" xlink:type="simple" />
    <link:roleRef roleURI="http://marathondh.com/role/SubsequentEvents" xlink:href="mara-20230331.xsd#SubsequentEvents" xlink:type="simple" />
    <link:roleRef roleURI="http://marathondh.com/role/SummaryOfSignificantAccountingPoliciesPolicies" xlink:href="mara-20230331.xsd#SummaryOfSignificantAccountingPoliciesPolicies" xlink:type="simple" />
    <link:roleRef roleURI="http://marathondh.com/role/SummaryOfSignificantAccountingPoliciesTables" xlink:href="mara-20230331.xsd#SummaryOfSignificantAccountingPoliciesTables" xlink:type="simple" />
    <link:roleRef roleURI="http://marathondh.com/role/RevenueFromContractsWithCustomersTables" xlink:href="mara-20230331.xsd#RevenueFromContractsWithCustomersTables" xlink:type="simple" />
    <link:roleRef roleURI="http://marathondh.com/role/PropertyAndEquipmentTables" xlink:href="mara-20230331.xsd#PropertyAndEquipmentTables" xlink:type="simple" />
    <link:roleRef roleURI="http://marathondh.com/role/FairValueMeasurementTables" xlink:href="mara-20230331.xsd#FairValueMeasurementTables" xlink:type="simple" />
    <link:roleRef roleURI="http://marathondh.com/role/NetLossPerShareTables" xlink:href="mara-20230331.xsd#NetLossPerShareTables" xlink:type="simple" />
    <link:roleRef roleURI="http://marathondh.com/role/StockholdersEquityTables" xlink:href="mara-20230331.xsd#StockholdersEquityTables" xlink:type="simple" />
    <link:roleRef roleURI="http://marathondh.com/role/LeasesTables" xlink:href="mara-20230331.xsd#LeasesTables" xlink:type="simple" />
    <link:roleRef roleURI="http://marathondh.com/role/ScheduleCashCashEquivalentsAndRestrictedCashDetails" xlink:href="mara-20230331.xsd#ScheduleCashCashEquivalentsAndRestrictedCashDetails" xlink:type="simple" />
    <link:roleRef roleURI="http://marathondh.com/role/ScheduleOfActivitiesOfDigitalCurrenciesDetails" xlink:href="mara-20230331.xsd#ScheduleOfActivitiesOfDigitalCurrenciesDetails" xlink:type="simple" />
    <link:roleRef roleURI="http://marathondh.com/role/SummaryOfSignificantAccountingPoliciesDetailsNarrative" xlink:href="mara-20230331.xsd#SummaryOfSignificantAccountingPoliciesDetailsNarrative" xlink:type="simple" />
    <link:roleRef roleURI="http://marathondh.com/role/ScheduleOfDisaggregationOfRevenueDetails" xlink:href="mara-20230331.xsd#ScheduleOfDisaggregationOfRevenueDetails" xlink:type="simple" />
    <link:roleRef roleURI="http://marathondh.com/role/AdvancesToVendorsAndDepositsDetailsNarrative" xlink:href="mara-20230331.xsd#AdvancesToVendorsAndDepositsDetailsNarrative" xlink:type="simple" />
    <link:roleRef roleURI="http://marathondh.com/role/ScheduleOfComponentsOfPropertyAndEquipmentDetails" xlink:href="mara-20230331.xsd#ScheduleOfComponentsOfPropertyAndEquipmentDetails" xlink:type="simple" />
    <link:roleRef roleURI="http://marathondh.com/role/PropertyAndEquipmentDetailsNarrative" xlink:href="mara-20230331.xsd#PropertyAndEquipmentDetailsNarrative" xlink:type="simple" />
    <link:roleRef roleURI="http://marathondh.com/role/ScheduleOfAssetsAndLiabilitiesMeasuredAtFairValueOnRecurringBasisDetails" xlink:href="mara-20230331.xsd#ScheduleOfAssetsAndLiabilitiesMeasuredAtFairValueOnRecurringBasisDetails" xlink:type="simple" />
    <link:roleRef roleURI="http://marathondh.com/role/ScheduleOfAssetsAndLiabilitiesMeasuredAtFairValueOnRecurringBasisDetailsParentetical" xlink:href="mara-20230331.xsd#ScheduleOfAssetsAndLiabilitiesMeasuredAtFairValueOnRecurringBasisDetailsParentetical" xlink:type="simple" />
    <link:roleRef roleURI="http://marathondh.com/role/ScheduleOfAssetsAndLiabilitiesMeasuredAtFairValueOnNon-recurringBasisDetails" xlink:href="mara-20230331.xsd#ScheduleOfAssetsAndLiabilitiesMeasuredAtFairValueOnNon-recurringBasisDetails" xlink:type="simple" />
    <link:roleRef roleURI="http://marathondh.com/role/ScheduleOfAssetsAndLiabilitiesMeasuredAtFairValueOnNon-recurringBasisDetailsParenthetical" xlink:href="mara-20230331.xsd#ScheduleOfAssetsAndLiabilitiesMeasuredAtFairValueOnNon-recurringBasisDetailsParenthetical" xlink:type="simple" />
    <link:roleRef roleURI="http://marathondh.com/role/FairValueMeasurementDetailsNarrative" xlink:href="mara-20230331.xsd#FairValueMeasurementDetailsNarrative" xlink:type="simple" />
    <link:roleRef roleURI="http://marathondh.com/role/ScheduleOfAntidilutiveSecuritiesExcludedFromComputationOfEarningsPerShareDetails" xlink:href="mara-20230331.xsd#ScheduleOfAntidilutiveSecuritiesExcludedFromComputationOfEarningsPerShareDetails" xlink:type="simple" />
    <link:roleRef roleURI="http://marathondh.com/role/ScheduleOfComputationOfBasicAndDilutedLossPerShareDetails" xlink:href="mara-20230331.xsd#ScheduleOfComputationOfBasicAndDilutedLossPerShareDetails" xlink:type="simple" />
    <link:roleRef roleURI="http://marathondh.com/role/ComputeNorthBankruptcyDetailsNarrative" xlink:href="mara-20230331.xsd#ComputeNorthBankruptcyDetailsNarrative" xlink:type="simple" />
    <link:roleRef roleURI="http://marathondh.com/role/SummaryOfRestrictedStockAwardActivityDetails" xlink:href="mara-20230331.xsd#SummaryOfRestrictedStockAwardActivityDetails" xlink:type="simple" />
    <link:roleRef roleURI="http://marathondh.com/role/StockholdersEquityDetailsNarrative" xlink:href="mara-20230331.xsd#StockholdersEquityDetailsNarrative" xlink:type="simple" />
    <link:roleRef roleURI="http://marathondh.com/role/DebtDetailsNarrative" xlink:href="mara-20230331.xsd#DebtDetailsNarrative" xlink:type="simple" />
    <link:roleRef roleURI="http://marathondh.com/role/ScheduleOfComponentsOfLeaseCostDetails" xlink:href="mara-20230331.xsd#ScheduleOfComponentsOfLeaseCostDetails" xlink:type="simple" />
    <link:roleRef roleURI="http://marathondh.com/role/SummaryOfMinimumLeasePaymentsDetails" xlink:href="mara-20230331.xsd#SummaryOfMinimumLeasePaymentsDetails" xlink:type="simple" />
    <link:roleRef roleURI="http://marathondh.com/role/ScheduleOfLeaseLiabilityMaturityDetails" xlink:href="mara-20230331.xsd#ScheduleOfLeaseLiabilityMaturityDetails" xlink:type="simple" />
    <link:roleRef roleURI="http://marathondh.com/role/LeasesDetailsNarrative" xlink:href="mara-20230331.xsd#LeasesDetailsNarrative" xlink:type="simple" />
    <link:roleRef roleURI="http://marathondh.com/role/LegalProceedingsDetailsNarrative" xlink:href="mara-20230331.xsd#LegalProceedingsDetailsNarrative" xlink:type="simple" />
    <link:roleRef roleURI="http://marathondh.com/role/RelatedPartyTransactionsDetailsNarrative" xlink:href="mara-20230331.xsd#RelatedPartyTransactionsDetailsNarrative" xlink:type="simple" />
    <link:calculationLink xlink:type="extended" xlink:role="http://marathondh.com/role/Cover" xlink:title="00000001 - Document - Cover" />
    <link:calculationLink xlink:type="extended" xlink:role="http://marathondh.com/role/CondensedBalanceSheet" xlink:title="00000002 - Statement - Consolidated Condensed Balance Sheet">
      <link:loc xlink:type="locator" xlink:href="https://xbrl.fasb.org/us-gaap/2023/elts/us-gaap-2023.xsd#us-gaap_AssetsCurrent" xlink:label="loc_us-gaapAssetsCurrent" />
      <link:loc xlink:type="locator" xlink:href="https://xbrl.fasb.org/us-gaap/2023/elts/us-gaap-2023.xsd#us-gaap_CashAndCashEquivalentsAtCarryingValue" xlink:label="loc_us-gaapCashAndCashEquivalentsAtCarryingValue" />
      <link:calculationArc order="1" xlink:arcrole="http://www.xbrl.org/2003/arcrole/summation-item" xlink:from="loc_us-gaapAssetsCurrent" xlink:to="loc_us-gaapCashAndCashEquivalentsAtCarryingValue" xlink:type="arc" weight="1" />
      <link:loc xlink:type="locator" xlink:href="https://xbrl.fasb.org/us-gaap/2023/elts/us-gaap-2023.xsd#us-gaap_RestrictedCash" xlink:label="loc_us-gaapRestrictedCash" />
      <link:calculationArc order="2" xlink:arcrole="http://www.xbrl.org/2003/arcrole/summation-item" xlink:from="loc_us-gaapAssetsCurrent" xlink:to="loc_us-gaapRestrictedCash" xlink:type="arc" weight="1" />
      <link:loc xlink:type="locator" xlink:href="mara-20230331.xsd#MARA_DigitalAssets" xlink:label="loc_MARADigitalAssets" />
      <link:calculationArc order="3" xlink:arcrole="http://www.xbrl.org/2003/arcrole/summation-item" xlink:from="loc_us-gaapAssetsCurrent" xlink:to="loc_MARADigitalAssets" xlink:type="arc" weight="1" />
      <link:loc xlink:type="locator" xlink:href="https://xbrl.fasb.org/us-gaap/2023/elts/us-gaap-2023.xsd#us-gaap_OtherReceivablesNetCurrent" xlink:label="loc_us-gaapOtherReceivablesNetCurrent" />
      <link:calculationArc order="4" xlink:arcrole="http://www.xbrl.org/2003/arcrole/summation-item" xlink:from="loc_us-gaapAssetsCurrent" xlink:to="loc_us-gaapOtherReceivablesNetCurrent" xlink:type="arc" weight="1" />
      <link:loc xlink:type="locator" xlink:href="https://xbrl.fasb.org/us-gaap/2023/elts/us-gaap-2023.xsd#us-gaap_DepositsAssetsCurrent" xlink:label="loc_us-gaapDepositsAssetsCurrent" />
      <link:calculationArc order="5" xlink:arcrole="http://www.xbrl.org/2003/arcrole/summation-item" xlink:from="loc_us-gaapAssetsCurrent" xlink:to="loc_us-gaapDepositsAssetsCurrent" xlink:type="arc" weight="1" />
      <link:loc xlink:type="locator" xlink:href="https://xbrl.fasb.org/us-gaap/2023/elts/us-gaap-2023.xsd#us-gaap_PrepaidExpenseAndOtherAssetsCurrent" xlink:label="loc_us-gaapPrepaidExpenseAndOtherAssetsCurrent" />
      <link:calculationArc order="6" xlink:arcrole="http://www.xbrl.org/2003/arcrole/summation-item" xlink:from="loc_us-gaapAssetsCurrent" xlink:to="loc_us-gaapPrepaidExpenseAndOtherAssetsCurrent" xlink:type="arc" weight="1" />
      <link:loc xlink:type="locator" xlink:href="https://xbrl.fasb.org/us-gaap/2023/elts/us-gaap-2023.xsd#us-gaap_AssetsNoncurrent" xlink:label="loc_us-gaapAssetsNoncurrent" />
      <link:loc xlink:type="locator" xlink:href="https://xbrl.fasb.org/us-gaap/2023/elts/us-gaap-2023.xsd#us-gaap_PropertyPlantAndEquipmentNet" xlink:label="loc_us-gaapPropertyPlantAndEquipmentNet" />
      <link:calculationArc order="1" xlink:arcrole="http://www.xbrl.org/2003/arcrole/summation-item" xlink:from="loc_us-gaapAssetsNoncurrent" xlink:to="loc_us-gaapPropertyPlantAndEquipmentNet" xlink:type="arc" weight="1" />
      <link:loc xlink:type="locator" xlink:href="https://xbrl.fasb.org/us-gaap/2023/elts/us-gaap-2023.xsd#us-gaap_AdvancesToAffiliate" xlink:label="loc_us-gaapAdvancesToAffiliate" />
      <link:calculationArc order="2" xlink:arcrole="http://www.xbrl.org/2003/arcrole/summation-item" xlink:from="loc_us-gaapAssetsNoncurrent" xlink:to="loc_us-gaapAdvancesToAffiliate" xlink:type="arc" weight="1" />
      <link:loc xlink:type="locator" xlink:href="https://xbrl.fasb.org/us-gaap/2023/elts/us-gaap-2023.xsd#us-gaap_Investments" xlink:label="loc_us-gaapInvestments" />
      <link:calculationArc order="3" xlink:arcrole="http://www.xbrl.org/2003/arcrole/summation-item" xlink:from="loc_us-gaapAssetsNoncurrent" xlink:to="loc_us-gaapInvestments" xlink:type="arc" weight="1" />
      <link:loc xlink:type="locator" xlink:href="https://xbrl.fasb.org/us-gaap/2023/elts/us-gaap-2023.xsd#us-gaap_DepositsAssetsNoncurrent" xlink:label="loc_us-gaapDepositsAssetsNoncurrent" />
      <link:calculationArc order="4" xlink:arcrole="http://www.xbrl.org/2003/arcrole/summation-item" xlink:from="loc_us-gaapAssetsNoncurrent" xlink:to="loc_us-gaapDepositsAssetsNoncurrent" xlink:type="arc" weight="1" />
      <link:loc xlink:type="locator" xlink:href="https://xbrl.fasb.org/us-gaap/2023/elts/us-gaap-2023.xsd#us-gaap_PrepaidExpenseNoncurrent" xlink:label="loc_us-gaapPrepaidExpenseNoncurrent" />
      <link:calculationArc order="5" xlink:arcrole="http://www.xbrl.org/2003/arcrole/summation-item" xlink:from="loc_us-gaapAssetsNoncurrent" xlink:to="loc_us-gaapPrepaidExpenseNoncurrent" xlink:type="arc" weight="1" />
      <link:loc xlink:type="locator" xlink:href="https://xbrl.fasb.org/us-gaap/2023/elts/us-gaap-2023.xsd#us-gaap_OperatingLeaseRightOfUseAsset" xlink:label="loc_us-gaapOperatingLeaseRightOfUseAsset" />
      <link:calculationArc order="6" xlink:arcrole="http://www.xbrl.org/2003/arcrole/summation-item" xlink:from="loc_us-gaapAssetsNoncurrent" xlink:to="loc_us-gaapOperatingLeaseRightOfUseAsset" xlink:type="arc" weight="1" />
      <link:loc xlink:type="locator" xlink:href="mara-20230331.xsd#MARA_DigitalAssetsRestricted" xlink:label="loc_MARADigitalAssetsRestricted" />
      <link:calculationArc order="7" xlink:arcrole="http://www.xbrl.org/2003/arcrole/summation-item" xlink:from="loc_us-gaapAssetsNoncurrent" xlink:to="loc_MARADigitalAssetsRestricted" xlink:type="arc" weight="1" />
      <link:loc xlink:type="locator" xlink:href="https://xbrl.fasb.org/us-gaap/2023/elts/us-gaap-2023.xsd#us-gaap_Assets" xlink:label="loc_us-gaapAssets" />
      <link:calculationArc order="1" xlink:arcrole="http://www.xbrl.org/2003/arcrole/summation-item" xlink:from="loc_us-gaapAssets" xlink:to="loc_us-gaapAssetsCurrent" xlink:type="arc" weight="1" />
      <link:calculationArc order="2" xlink:arcrole="http://www.xbrl.org/2003/arcrole/summation-item" xlink:from="loc_us-gaapAssets" xlink:to="loc_us-gaapAssetsNoncurrent" xlink:type="arc" weight="1" />
      <link:loc xlink:type="locator" xlink:href="https://xbrl.fasb.org/us-gaap/2023/elts/us-gaap-2023.xsd#us-gaap_LiabilitiesCurrent" xlink:label="loc_us-gaapLiabilitiesCurrent" />
      <link:loc xlink:type="locator" xlink:href="https://xbrl.fasb.org/us-gaap/2023/elts/us-gaap-2023.xsd#us-gaap_AccountsPayableCurrent" xlink:label="loc_us-gaapAccountsPayableCurrent" />
      <link:calculationArc order="1" xlink:arcrole="http://www.xbrl.org/2003/arcrole/summation-item" xlink:from="loc_us-gaapLiabilitiesCurrent" xlink:to="loc_us-gaapAccountsPayableCurrent" xlink:type="arc" weight="1" />
      <link:loc xlink:type="locator" xlink:href="https://xbrl.fasb.org/us-gaap/2023/elts/us-gaap-2023.xsd#us-gaap_AccruedLiabilitiesCurrent" xlink:label="loc_us-gaapAccruedLiabilitiesCurrent" />
      <link:calculationArc order="2" xlink:arcrole="http://www.xbrl.org/2003/arcrole/summation-item" xlink:from="loc_us-gaapLiabilitiesCurrent" xlink:to="loc_us-gaapAccruedLiabilitiesCurrent" xlink:type="arc" weight="1" />
      <link:loc xlink:type="locator" xlink:href="https://xbrl.fasb.org/us-gaap/2023/elts/us-gaap-2023.xsd#us-gaap_LitigationReserveCurrent" xlink:label="loc_us-gaapLitigationReserveCurrent" />
      <link:calculationArc order="3" xlink:arcrole="http://www.xbrl.org/2003/arcrole/summation-item" xlink:from="loc_us-gaapLiabilitiesCurrent" xlink:to="loc_us-gaapLitigationReserveCurrent" xlink:type="arc" weight="1" />
      <link:loc xlink:type="locator" xlink:href="https://xbrl.fasb.org/us-gaap/2023/elts/us-gaap-2023.xsd#us-gaap_OperatingLeaseLiabilityCurrent" xlink:label="loc_us-gaapOperatingLeaseLiabilityCurrent" />
      <link:calculationArc order="4" xlink:arcrole="http://www.xbrl.org/2003/arcrole/summation-item" xlink:from="loc_us-gaapLiabilitiesCurrent" xlink:to="loc_us-gaapOperatingLeaseLiabilityCurrent" xlink:type="arc" weight="1" />
      <link:loc xlink:type="locator" xlink:href="https://xbrl.fasb.org/us-gaap/2023/elts/us-gaap-2023.xsd#us-gaap_InterestPayableCurrent" xlink:label="loc_us-gaapInterestPayableCurrent" />
      <link:calculationArc order="5" xlink:arcrole="http://www.xbrl.org/2003/arcrole/summation-item" xlink:from="loc_us-gaapLiabilitiesCurrent" xlink:to="loc_us-gaapInterestPayableCurrent" xlink:type="arc" weight="1" />
      <link:loc xlink:type="locator" xlink:href="https://xbrl.fasb.org/us-gaap/2023/elts/us-gaap-2023.xsd#us-gaap_LiabilitiesNoncurrent" xlink:label="loc_us-gaapLiabilitiesNoncurrent" />
      <link:loc xlink:type="locator" xlink:href="https://xbrl.fasb.org/us-gaap/2023/elts/us-gaap-2023.xsd#us-gaap_LongTermNotesPayable" xlink:label="loc_us-gaapLongTermNotesPayable" />
      <link:calculationArc order="1" xlink:arcrole="http://www.xbrl.org/2003/arcrole/summation-item" xlink:from="loc_us-gaapLiabilitiesNoncurrent" xlink:to="loc_us-gaapLongTermNotesPayable" xlink:type="arc" weight="1" />
      <link:loc xlink:type="locator" xlink:href="https://xbrl.fasb.org/us-gaap/2023/elts/us-gaap-2023.xsd#us-gaap_LongTermLoansPayable" xlink:label="loc_us-gaapLongTermLoansPayable" />
      <link:calculationArc order="2" xlink:arcrole="http://www.xbrl.org/2003/arcrole/summation-item" xlink:from="loc_us-gaapLiabilitiesNoncurrent" xlink:to="loc_us-gaapLongTermLoansPayable" xlink:type="arc" weight="1" />
      <link:loc xlink:type="locator" xlink:href="https://xbrl.fasb.org/us-gaap/2023/elts/us-gaap-2023.xsd#us-gaap_OperatingLeaseLiabilityNoncurrent" xlink:label="loc_us-gaapOperatingLeaseLiabilityNoncurrent" />
      <link:calculationArc order="3" xlink:arcrole="http://www.xbrl.org/2003/arcrole/summation-item" xlink:from="loc_us-gaapLiabilitiesNoncurrent" xlink:to="loc_us-gaapOperatingLeaseLiabilityNoncurrent" xlink:type="arc" weight="1" />
      <link:loc xlink:type="locator" xlink:href="https://xbrl.fasb.org/us-gaap/2023/elts/us-gaap-2023.xsd#us-gaap_DeferredIncomeTaxLiabilitiesNet" xlink:label="loc_us-gaapDeferredIncomeTaxLiabilitiesNet" />
      <link:calculationArc order="4" xlink:arcrole="http://www.xbrl.org/2003/arcrole/summation-item" xlink:from="loc_us-gaapLiabilitiesNoncurrent" xlink:to="loc_us-gaapDeferredIncomeTaxLiabilitiesNet" xlink:type="arc" weight="1" />
      <link:loc xlink:type="locator" xlink:href="https://xbrl.fasb.org/us-gaap/2023/elts/us-gaap-2023.xsd#us-gaap_StockholdersEquity" xlink:label="loc_us-gaapStockholdersEquity" />
      <link:loc xlink:type="locator" xlink:href="https://xbrl.fasb.org/us-gaap/2023/elts/us-gaap-2023.xsd#us-gaap_PreferredStockValue" xlink:label="loc_us-gaapPreferredStockValue" />
      <link:calculationArc order="1" xlink:arcrole="http://www.xbrl.org/2003/arcrole/summation-item" xlink:from="loc_us-gaapStockholdersEquity" xlink:to="loc_us-gaapPreferredStockValue" xlink:type="arc" weight="1" />
      <link:loc xlink:type="locator" xlink:href="https://xbrl.fasb.org/us-gaap/2023/elts/us-gaap-2023.xsd#us-gaap_CommonStockValue" xlink:label="loc_us-gaapCommonStockValue" />
      <link:calculationArc order="2" xlink:arcrole="http://www.xbrl.org/2003/arcrole/summation-item" xlink:from="loc_us-gaapStockholdersEquity" xlink:to="loc_us-gaapCommonStockValue" xlink:type="arc" weight="1" />
      <link:loc xlink:type="locator" xlink:href="https://xbrl.fasb.org/us-gaap/2023/elts/us-gaap-2023.xsd#us-gaap_AdditionalPaidInCapital" xlink:label="loc_us-gaapAdditionalPaidInCapital" />
      <link:calculationArc order="3" xlink:arcrole="http://www.xbrl.org/2003/arcrole/summation-item" xlink:from="loc_us-gaapStockholdersEquity" xlink:to="loc_us-gaapAdditionalPaidInCapital" xlink:type="arc" weight="1" />
      <link:loc xlink:type="locator" xlink:href="https://xbrl.fasb.org/us-gaap/2023/elts/us-gaap-2023.xsd#us-gaap_AccumulatedOtherComprehensiveIncomeLossNetOfTax" xlink:label="loc_us-gaapAccumulatedOtherComprehensiveIncomeLossNetOfTax" />
      <link:calculationArc order="4" xlink:arcrole="http://www.xbrl.org/2003/arcrole/summation-item" xlink:from="loc_us-gaapStockholdersEquity" xlink:to="loc_us-gaapAccumulatedOtherComprehensiveIncomeLossNetOfTax" xlink:type="arc" weight="1" />
      <link:loc xlink:type="locator" xlink:href="https://xbrl.fasb.org/us-gaap/2023/elts/us-gaap-2023.xsd#us-gaap_RetainedEarningsAccumulatedDeficit" xlink:label="loc_us-gaapRetainedEarningsAccumulatedDeficit" />
      <link:calculationArc order="5" xlink:arcrole="http://www.xbrl.org/2003/arcrole/summation-item" xlink:from="loc_us-gaapStockholdersEquity" xlink:to="loc_us-gaapRetainedEarningsAccumulatedDeficit" xlink:type="arc" weight="1" />
      <link:loc xlink:type="locator" xlink:href="https://xbrl.fasb.org/us-gaap/2023/elts/us-gaap-2023.xsd#us-gaap_LiabilitiesAndStockholdersEquity" xlink:label="loc_us-gaapLiabilitiesAndStockholdersEquity" />
      <link:calculationArc order="1" xlink:arcrole="http://www.xbrl.org/2003/arcrole/summation-item" xlink:from="loc_us-gaapLiabilitiesAndStockholdersEquity" xlink:to="loc_us-gaapLiabilitiesCurrent" xlink:type="arc" weight="1" />
      <link:calculationArc order="2" xlink:arcrole="http://www.xbrl.org/2003/arcrole/summation-item" xlink:from="loc_us-gaapLiabilitiesAndStockholdersEquity" xlink:to="loc_us-gaapLiabilitiesNoncurrent" xlink:type="arc" weight="1" />
      <link:calculationArc order="3" xlink:arcrole="http://www.xbrl.org/2003/arcrole/summation-item" xlink:from="loc_us-gaapLiabilitiesAndStockholdersEquity" xlink:to="loc_us-gaapStockholdersEquity" xlink:type="arc" weight="1" />
    </link:calculationLink>
    <link:calculationLink xlink:type="extended" xlink:role="http://marathondh.com/role/CondensedBalanceSheetParenthetical" xlink:title="00000003 - Statement - Consolidated Condensed Balance Sheet (Parenthetical)" />
    <link:calculationLink xlink:type="extended" xlink:role="http://marathondh.com/role/CondensedStatementsOfOperations" xlink:title="00000004 - Statement - Consolidated Condensed Statements of Operations (Unaudited)">
      <link:loc xlink:type="locator" xlink:href="https://xbrl.fasb.org/us-gaap/2023/elts/us-gaap-2023.xsd#us-gaap_CostOfGoodsAndServicesSold" xlink:label="loc_us-gaapCostOfGoodsAndServicesSold" />
      <link:loc xlink:type="locator" xlink:href="mara-20230331.xsd#MARA_CostOfGoodsAndServicesEnergyHostingAndOther" xlink:label="loc_MARACostOfGoodsAndServicesEnergyHostingAndOther" />
      <link:calculationArc order="1" xlink:arcrole="http://www.xbrl.org/2003/arcrole/summation-item" xlink:from="loc_us-gaapCostOfGoodsAndServicesSold" xlink:to="loc_MARACostOfGoodsAndServicesEnergyHostingAndOther" xlink:type="arc" weight="1" />
      <link:loc xlink:type="locator" xlink:href="https://xbrl.fasb.org/us-gaap/2023/elts/us-gaap-2023.xsd#us-gaap_CostOfGoodsAndServicesSoldDepreciationAndAmortization" xlink:label="loc_us-gaapCostOfGoodsAndServicesSoldDepreciationAndAmortization" />
      <link:calculationArc order="2" xlink:arcrole="http://www.xbrl.org/2003/arcrole/summation-item" xlink:from="loc_us-gaapCostOfGoodsAndServicesSold" xlink:to="loc_us-gaapCostOfGoodsAndServicesSoldDepreciationAndAmortization" xlink:type="arc" weight="1" />
      <link:loc xlink:type="locator" xlink:href="https://xbrl.fasb.org/us-gaap/2023/elts/us-gaap-2023.xsd#us-gaap_OperatingExpenses" xlink:label="loc_us-gaapOperatingExpenses" />
      <link:loc xlink:type="locator" xlink:href="https://xbrl.fasb.org/us-gaap/2023/elts/us-gaap-2023.xsd#us-gaap_GeneralAndAdministrativeExpense" xlink:label="loc_us-gaapGeneralAndAdministrativeExpense" />
      <link:calculationArc order="1" xlink:arcrole="http://www.xbrl.org/2003/arcrole/summation-item" xlink:from="loc_us-gaapOperatingExpenses" xlink:to="loc_us-gaapGeneralAndAdministrativeExpense" xlink:type="arc" weight="1" />
      <link:loc xlink:type="locator" xlink:href="https://xbrl.fasb.org/us-gaap/2023/elts/us-gaap-2023.xsd#us-gaap_ImpairmentOfLongLivedAssetsHeldForUse" xlink:label="loc_us-gaapImpairmentOfLongLivedAssetsHeldForUse" />
      <link:calculationArc order="2" xlink:arcrole="http://www.xbrl.org/2003/arcrole/summation-item" xlink:from="loc_us-gaapOperatingExpenses" xlink:to="loc_us-gaapImpairmentOfLongLivedAssetsHeldForUse" xlink:type="arc" weight="1" />
      <link:loc xlink:type="locator" xlink:href="https://xbrl.fasb.org/us-gaap/2023/elts/us-gaap-2023.xsd#us-gaap_ImpairmentOfIntangibleAssetsFinitelived" xlink:label="loc_us-gaapImpairmentOfIntangibleAssetsFinitelived" />
      <link:calculationArc order="3" xlink:arcrole="http://www.xbrl.org/2003/arcrole/summation-item" xlink:from="loc_us-gaapOperatingExpenses" xlink:to="loc_us-gaapImpairmentOfIntangibleAssetsFinitelived" xlink:type="arc" weight="1" />
      <link:loc xlink:type="locator" xlink:href="mara-20230331.xsd#MARA_RealizedGainsOnDigitalAssetsAndUnrealizedGainsLossesOnDigitalAssetsLoanReceivable" xlink:label="loc_MARARealizedGainsOnDigitalAssetsAndUnrealizedGainsLossesOnDigitalAssetsLoanReceivable" />
      <link:calculationArc order="4" xlink:arcrole="http://www.xbrl.org/2003/arcrole/summation-item" xlink:from="loc_us-gaapOperatingExpenses" xlink:to="loc_MARARealizedGainsOnDigitalAssetsAndUnrealizedGainsLossesOnDigitalAssetsLoanReceivable" xlink:type="arc" weight="-1" />
      <link:loc xlink:type="locator" xlink:href="mara-20230331.xsd#MARA_RealizedAndUnrealizedGainsLossesOnDigitalAssetsHeldWithinInvestmentFund" xlink:label="loc_MARARealizedAndUnrealizedGainsLossesOnDigitalAssetsHeldWithinInvestmentFund" />
      <link:calculationArc order="5" xlink:arcrole="http://www.xbrl.org/2003/arcrole/summation-item" xlink:from="loc_us-gaapOperatingExpenses" xlink:to="loc_MARARealizedAndUnrealizedGainsLossesOnDigitalAssetsHeldWithinInvestmentFund" xlink:type="arc" weight="-1" />
      <link:loc xlink:type="locator" xlink:href="https://xbrl.fasb.org/us-gaap/2023/elts/us-gaap-2023.xsd#us-gaap_OperatingIncomeLoss" xlink:label="loc_us-gaapOperatingIncomeLoss" />
      <link:loc xlink:type="locator" xlink:href="https://xbrl.fasb.org/us-gaap/2023/elts/us-gaap-2023.xsd#us-gaap_RevenueFromContractWithCustomerExcludingAssessedTax" xlink:label="loc_us-gaapRevenueFromContractWithCustomerExcludingAssessedTax" />
      <link:calculationArc order="1" xlink:arcrole="http://www.xbrl.org/2003/arcrole/summation-item" xlink:from="loc_us-gaapOperatingIncomeLoss" xlink:to="loc_us-gaapRevenueFromContractWithCustomerExcludingAssessedTax" xlink:type="arc" weight="1" />
      <link:calculationArc order="2" xlink:arcrole="http://www.xbrl.org/2003/arcrole/summation-item" xlink:from="loc_us-gaapOperatingIncomeLoss" xlink:to="loc_us-gaapCostOfGoodsAndServicesSold" xlink:type="arc" weight="-1" />
      <link:calculationArc order="3" xlink:arcrole="http://www.xbrl.org/2003/arcrole/summation-item" xlink:from="loc_us-gaapOperatingIncomeLoss" xlink:to="loc_us-gaapOperatingExpenses" xlink:type="arc" weight="-1" />
      <link:loc xlink:type="locator" xlink:href="https://xbrl.fasb.org/us-gaap/2023/elts/us-gaap-2023.xsd#us-gaap_IncomeLossFromContinuingOperationsBeforeIncomeTaxesExtraordinaryItemsNoncontrollingInterest" xlink:label="loc_us-gaapIncomeLossFromContinuingOperationsBeforeIncomeTaxesExtraordinaryItemsNoncontrollingInterest" />
      <link:calculationArc order="1" xlink:arcrole="http://www.xbrl.org/2003/arcrole/summation-item" xlink:from="loc_us-gaapIncomeLossFromContinuingOperationsBeforeIncomeTaxesExtraordinaryItemsNoncontrollingInterest" xlink:to="loc_us-gaapOperatingIncomeLoss" xlink:type="arc" weight="1" />
      <link:loc xlink:type="locator" xlink:href="https://xbrl.fasb.org/us-gaap/2023/elts/us-gaap-2023.xsd#us-gaap_OtherNonoperatingIncomeExpense" xlink:label="loc_us-gaapOtherNonoperatingIncomeExpense" />
      <link:calculationArc order="2" xlink:arcrole="http://www.xbrl.org/2003/arcrole/summation-item" xlink:from="loc_us-gaapIncomeLossFromContinuingOperationsBeforeIncomeTaxesExtraordinaryItemsNoncontrollingInterest" xlink:to="loc_us-gaapOtherNonoperatingIncomeExpense" xlink:type="arc" weight="1" />
      <link:loc xlink:type="locator" xlink:href="https://xbrl.fasb.org/us-gaap/2023/elts/us-gaap-2023.xsd#us-gaap_GainsLossesOnExtinguishmentOfDebt" xlink:label="loc_us-gaapGainsLossesOnExtinguishmentOfDebt" />
      <link:calculationArc order="3" xlink:arcrole="http://www.xbrl.org/2003/arcrole/summation-item" xlink:from="loc_us-gaapIncomeLossFromContinuingOperationsBeforeIncomeTaxesExtraordinaryItemsNoncontrollingInterest" xlink:to="loc_us-gaapGainsLossesOnExtinguishmentOfDebt" xlink:type="arc" weight="1" />
      <link:loc xlink:type="locator" xlink:href="https://xbrl.fasb.org/us-gaap/2023/elts/us-gaap-2023.xsd#us-gaap_InterestExpense" xlink:label="loc_us-gaapInterestExpense" />
      <link:calculationArc order="4" xlink:arcrole="http://www.xbrl.org/2003/arcrole/summation-item" xlink:from="loc_us-gaapIncomeLossFromContinuingOperationsBeforeIncomeTaxesExtraordinaryItemsNoncontrollingInterest" xlink:to="loc_us-gaapInterestExpense" xlink:type="arc" weight="-1" />
      <link:loc xlink:type="locator" xlink:href="https://xbrl.fasb.org/us-gaap/2023/elts/us-gaap-2023.xsd#us-gaap_NetIncomeLoss" xlink:label="loc_us-gaapNetIncomeLoss" />
      <link:calculationArc order="1" xlink:arcrole="http://www.xbrl.org/2003/arcrole/summation-item" xlink:from="loc_us-gaapNetIncomeLoss" xlink:to="loc_us-gaapIncomeLossFromContinuingOperationsBeforeIncomeTaxesExtraordinaryItemsNoncontrollingInterest" xlink:type="arc" weight="1" />
      <link:loc xlink:type="locator" xlink:href="https://xbrl.fasb.org/us-gaap/2023/elts/us-gaap-2023.xsd#us-gaap_IncomeTaxExpenseBenefit" xlink:label="loc_us-gaapIncomeTaxExpenseBenefit" />
      <link:calculationArc order="2" xlink:arcrole="http://www.xbrl.org/2003/arcrole/summation-item" xlink:from="loc_us-gaapNetIncomeLoss" xlink:to="loc_us-gaapIncomeTaxExpenseBenefit" xlink:type="arc" weight="-1" />
    </link:calculationLink>
    <link:calculationLink xlink:type="extended" xlink:role="http://marathondh.com/role/CondensedStatementsOfStockholdersEquity" xlink:title="00000005 - Statement - Consolidated Condensed Statements of Stockholders&apos; Equity (Unaudited)" />
    <link:calculationLink xlink:type="extended" xlink:role="http://marathondh.com/role/CondensedStatementsOfCashFlows" xlink:title="00000006 - Statement - Consolidated Condensed Statements of Cash Flows (Unaudited)">
      <link:loc xlink:type="locator" xlink:href="https://xbrl.fasb.org/us-gaap/2023/elts/us-gaap-2023.xsd#us-gaap_NetCashProvidedByUsedInOperatingActivities" xlink:label="loc_us-gaapNetCashProvidedByUsedInOperatingActivities" />
      <link:loc xlink:type="locator" xlink:href="https://xbrl.fasb.org/us-gaap/2023/elts/us-gaap-2023.xsd#us-gaap_ProfitLoss" xlink:label="loc_us-gaapProfitLoss" />
      <link:calculationArc order="1" xlink:arcrole="http://www.xbrl.org/2003/arcrole/summation-item" xlink:from="loc_us-gaapNetCashProvidedByUsedInOperatingActivities" xlink:to="loc_us-gaapProfitLoss" xlink:type="arc" weight="1" />
      <link:loc xlink:type="locator" xlink:href="https://xbrl.fasb.org/us-gaap/2023/elts/us-gaap-2023.xsd#us-gaap_DepreciationAndAmortization" xlink:label="loc_us-gaapDepreciationAndAmortization" />
      <link:calculationArc order="2" xlink:arcrole="http://www.xbrl.org/2003/arcrole/summation-item" xlink:from="loc_us-gaapNetCashProvidedByUsedInOperatingActivities" xlink:to="loc_us-gaapDepreciationAndAmortization" xlink:type="arc" weight="1" />
      <link:loc xlink:type="locator" xlink:href="mara-20230331.xsd#MARA_AmortizationOfPrepaidServiceContract" xlink:label="loc_MARAAmortizationOfPrepaidServiceContract" />
      <link:calculationArc order="3" xlink:arcrole="http://www.xbrl.org/2003/arcrole/summation-item" xlink:from="loc_us-gaapNetCashProvidedByUsedInOperatingActivities" xlink:to="loc_MARAAmortizationOfPrepaidServiceContract" xlink:type="arc" weight="1" />
      <link:loc xlink:type="locator" xlink:href="https://xbrl.fasb.org/us-gaap/2023/elts/us-gaap-2023.xsd#us-gaap_DeferredIncomeTaxesAndTaxCredits" xlink:label="loc_us-gaapDeferredIncomeTaxesAndTaxCredits" />
      <link:calculationArc order="4" xlink:arcrole="http://www.xbrl.org/2003/arcrole/summation-item" xlink:from="loc_us-gaapNetCashProvidedByUsedInOperatingActivities" xlink:to="loc_us-gaapDeferredIncomeTaxesAndTaxCredits" xlink:type="arc" weight="1" />
      <link:loc xlink:type="locator" xlink:href="mara-20230331.xsd#MARA_RealizedAndUnrealizedGainsLossesOnDigitalAssetsHeldWithinInvestmentFund" xlink:label="loc_MARARealizedAndUnrealizedGainsLossesOnDigitalAssetsHeldWithinInvestmentFund" />
      <link:calculationArc order="5" xlink:arcrole="http://www.xbrl.org/2003/arcrole/summation-item" xlink:from="loc_us-gaapNetCashProvidedByUsedInOperatingActivities" xlink:to="loc_MARARealizedAndUnrealizedGainsLossesOnDigitalAssetsHeldWithinInvestmentFund" xlink:type="arc" weight="-1" />
      <link:loc xlink:type="locator" xlink:href="mara-20230331.xsd#MARA_RealizedGainsOnDigitalAssetsAndUnrealizedGainsLossesOnDigitalAssetsLoanReceivable" xlink:label="loc_MARARealizedGainsOnDigitalAssetsAndUnrealizedGainsLossesOnDigitalAssetsLoanReceivable" />
      <link:calculationArc order="6" xlink:arcrole="http://www.xbrl.org/2003/arcrole/summation-item" xlink:from="loc_us-gaapNetCashProvidedByUsedInOperatingActivities" xlink:to="loc_MARARealizedGainsOnDigitalAssetsAndUnrealizedGainsLossesOnDigitalAssetsLoanReceivable" xlink:type="arc" weight="-1" />
      <link:loc xlink:type="locator" xlink:href="mara-20230331.xsd#MARA_ImpairmentOfDigitalAssets" xlink:label="loc_MARAImpairmentOfDigitalAssets" />
      <link:calculationArc order="7" xlink:arcrole="http://www.xbrl.org/2003/arcrole/summation-item" xlink:from="loc_us-gaapNetCashProvidedByUsedInOperatingActivities" xlink:to="loc_MARAImpairmentOfDigitalAssets" xlink:type="arc" weight="1" />
      <link:loc xlink:type="locator" xlink:href="https://xbrl.fasb.org/us-gaap/2023/elts/us-gaap-2023.xsd#us-gaap_ShareBasedCompensation" xlink:label="loc_us-gaapShareBasedCompensation" />
      <link:calculationArc order="8" xlink:arcrole="http://www.xbrl.org/2003/arcrole/summation-item" xlink:from="loc_us-gaapNetCashProvidedByUsedInOperatingActivities" xlink:to="loc_us-gaapShareBasedCompensation" xlink:type="arc" weight="1" />
      <link:loc xlink:type="locator" xlink:href="mara-20230331.xsd#MARA_AmortizationOfBondIssuanceCosts" xlink:label="loc_MARAAmortizationOfBondIssuanceCosts" />
      <link:calculationArc order="9" xlink:arcrole="http://www.xbrl.org/2003/arcrole/summation-item" xlink:from="loc_us-gaapNetCashProvidedByUsedInOperatingActivities" xlink:to="loc_MARAAmortizationOfBondIssuanceCosts" xlink:type="arc" weight="1" />
      <link:loc xlink:type="locator" xlink:href="https://xbrl.fasb.org/us-gaap/2023/elts/us-gaap-2023.xsd#us-gaap_ImpairmentOfIntangibleAssetsFinitelived" xlink:label="loc_us-gaapImpairmentOfIntangibleAssetsFinitelived" />
      <link:calculationArc order="10" xlink:arcrole="http://www.xbrl.org/2003/arcrole/summation-item" xlink:from="loc_us-gaapNetCashProvidedByUsedInOperatingActivities" xlink:to="loc_us-gaapImpairmentOfIntangibleAssetsFinitelived" xlink:type="arc" weight="1" />
      <link:loc xlink:type="locator" xlink:href="https://xbrl.fasb.org/us-gaap/2023/elts/us-gaap-2023.xsd#us-gaap_GainsLossesOnExtinguishmentOfDebt" xlink:label="loc_us-gaapGainsLossesOnExtinguishmentOfDebt" />
      <link:calculationArc order="11" xlink:arcrole="http://www.xbrl.org/2003/arcrole/summation-item" xlink:from="loc_us-gaapNetCashProvidedByUsedInOperatingActivities" xlink:to="loc_us-gaapGainsLossesOnExtinguishmentOfDebt" xlink:type="arc" weight="-1" />
      <link:loc xlink:type="locator" xlink:href="mara-20230331.xsd#MARA_OtherAdjustmentsFromOperations" xlink:label="loc_MARAOtherAdjustmentsFromOperations" />
      <link:calculationArc order="12" xlink:arcrole="http://www.xbrl.org/2003/arcrole/summation-item" xlink:from="loc_us-gaapNetCashProvidedByUsedInOperatingActivities" xlink:to="loc_MARAOtherAdjustmentsFromOperations" xlink:type="arc" weight="1" />
      <link:loc xlink:type="locator" xlink:href="https://xbrl.fasb.org/us-gaap/2023/elts/us-gaap-2023.xsd#us-gaap_IncreaseDecreaseInContractWithCustomerAsset" xlink:label="loc_us-gaapIncreaseDecreaseInContractWithCustomerAsset" />
      <link:calculationArc order="13" xlink:arcrole="http://www.xbrl.org/2003/arcrole/summation-item" xlink:from="loc_us-gaapNetCashProvidedByUsedInOperatingActivities" xlink:to="loc_us-gaapIncreaseDecreaseInContractWithCustomerAsset" xlink:type="arc" weight="-1" />
      <link:loc xlink:type="locator" xlink:href="https://xbrl.fasb.org/us-gaap/2023/elts/us-gaap-2023.xsd#us-gaap_IncreaseDecreaseInOtherCurrentAssets" xlink:label="loc_us-gaapIncreaseDecreaseInOtherCurrentAssets" />
      <link:calculationArc order="14" xlink:arcrole="http://www.xbrl.org/2003/arcrole/summation-item" xlink:from="loc_us-gaapNetCashProvidedByUsedInOperatingActivities" xlink:to="loc_us-gaapIncreaseDecreaseInOtherCurrentAssets" xlink:type="arc" weight="-1" />
      <link:loc xlink:type="locator" xlink:href="https://xbrl.fasb.org/us-gaap/2023/elts/us-gaap-2023.xsd#us-gaap_IncreaseDecreaseInOtherReceivables" xlink:label="loc_us-gaapIncreaseDecreaseInOtherReceivables" />
      <link:calculationArc order="15" xlink:arcrole="http://www.xbrl.org/2003/arcrole/summation-item" xlink:from="loc_us-gaapNetCashProvidedByUsedInOperatingActivities" xlink:to="loc_us-gaapIncreaseDecreaseInOtherReceivables" xlink:type="arc" weight="-1" />
      <link:loc xlink:type="locator" xlink:href="https://xbrl.fasb.org/us-gaap/2023/elts/us-gaap-2023.xsd#us-gaap_IncreaseDecreaseInPrepaidDeferredExpenseAndOtherAssets" xlink:label="loc_us-gaapIncreaseDecreaseInPrepaidDeferredExpenseAndOtherAssets" />
      <link:calculationArc order="16" xlink:arcrole="http://www.xbrl.org/2003/arcrole/summation-item" xlink:from="loc_us-gaapNetCashProvidedByUsedInOperatingActivities" xlink:to="loc_us-gaapIncreaseDecreaseInPrepaidDeferredExpenseAndOtherAssets" xlink:type="arc" weight="-1" />
      <link:loc xlink:type="locator" xlink:href="https://xbrl.fasb.org/us-gaap/2023/elts/us-gaap-2023.xsd#us-gaap_IncreaseDecreaseInAccountsPayableAndAccruedLiabilities" xlink:label="loc_us-gaapIncreaseDecreaseInAccountsPayableAndAccruedLiabilities" />
      <link:calculationArc order="17" xlink:arcrole="http://www.xbrl.org/2003/arcrole/summation-item" xlink:from="loc_us-gaapNetCashProvidedByUsedInOperatingActivities" xlink:to="loc_us-gaapIncreaseDecreaseInAccountsPayableAndAccruedLiabilities" xlink:type="arc" weight="1" />
      <link:loc xlink:type="locator" xlink:href="https://xbrl.fasb.org/us-gaap/2023/elts/us-gaap-2023.xsd#us-gaap_IncreaseDecreaseInInterestPayableNet" xlink:label="loc_us-gaapIncreaseDecreaseInInterestPayableNet" />
      <link:calculationArc order="18" xlink:arcrole="http://www.xbrl.org/2003/arcrole/summation-item" xlink:from="loc_us-gaapNetCashProvidedByUsedInOperatingActivities" xlink:to="loc_us-gaapIncreaseDecreaseInInterestPayableNet" xlink:type="arc" weight="1" />
      <link:loc xlink:type="locator" xlink:href="https://xbrl.fasb.org/us-gaap/2023/elts/us-gaap-2023.xsd#us-gaap_NetCashProvidedByUsedInInvestingActivities" xlink:label="loc_us-gaapNetCashProvidedByUsedInInvestingActivities" />
      <link:loc xlink:type="locator" xlink:href="mara-20230331.xsd#MARA_PaymentsToVendor" xlink:label="loc_MARAPaymentsToVendor" />
      <link:calculationArc order="1" xlink:arcrole="http://www.xbrl.org/2003/arcrole/summation-item" xlink:from="loc_us-gaapNetCashProvidedByUsedInInvestingActivities" xlink:to="loc_MARAPaymentsToVendor" xlink:type="arc" weight="-1" />
      <link:loc xlink:type="locator" xlink:href="https://xbrl.fasb.org/us-gaap/2023/elts/us-gaap-2023.xsd#us-gaap_PaymentsToAcquirePropertyPlantAndEquipment" xlink:label="loc_us-gaapPaymentsToAcquirePropertyPlantAndEquipment" />
      <link:calculationArc order="2" xlink:arcrole="http://www.xbrl.org/2003/arcrole/summation-item" xlink:from="loc_us-gaapNetCashProvidedByUsedInInvestingActivities" xlink:to="loc_us-gaapPaymentsToAcquirePropertyPlantAndEquipment" xlink:type="arc" weight="-1" />
      <link:loc xlink:type="locator" xlink:href="https://xbrl.fasb.org/us-gaap/2023/elts/us-gaap-2023.xsd#us-gaap_PaymentsToAcquireInterestInJointVenture" xlink:label="loc_us-gaapPaymentsToAcquireInterestInJointVenture" />
      <link:calculationArc order="3" xlink:arcrole="http://www.xbrl.org/2003/arcrole/summation-item" xlink:from="loc_us-gaapNetCashProvidedByUsedInInvestingActivities" xlink:to="loc_us-gaapPaymentsToAcquireInterestInJointVenture" xlink:type="arc" weight="-1" />
      <link:loc xlink:type="locator" xlink:href="https://xbrl.fasb.org/us-gaap/2023/elts/us-gaap-2023.xsd#us-gaap_PaymentsToAcquireOtherInvestments" xlink:label="loc_us-gaapPaymentsToAcquireOtherInvestments" />
      <link:calculationArc order="4" xlink:arcrole="http://www.xbrl.org/2003/arcrole/summation-item" xlink:from="loc_us-gaapNetCashProvidedByUsedInInvestingActivities" xlink:to="loc_us-gaapPaymentsToAcquireOtherInvestments" xlink:type="arc" weight="-1" />
      <link:loc xlink:type="locator" xlink:href="https://xbrl.fasb.org/us-gaap/2023/elts/us-gaap-2023.xsd#us-gaap_NetCashProvidedByUsedInFinancingActivities" xlink:label="loc_us-gaapNetCashProvidedByUsedInFinancingActivities" />
      <link:loc xlink:type="locator" xlink:href="https://xbrl.fasb.org/us-gaap/2023/elts/us-gaap-2023.xsd#us-gaap_ProceedsFromIssuanceOfCommonStock" xlink:label="loc_us-gaapProceedsFromIssuanceOfCommonStock" />
      <link:calculationArc order="1" xlink:arcrole="http://www.xbrl.org/2003/arcrole/summation-item" xlink:from="loc_us-gaapNetCashProvidedByUsedInFinancingActivities" xlink:to="loc_us-gaapProceedsFromIssuanceOfCommonStock" xlink:type="arc" weight="1" />
      <link:loc xlink:type="locator" xlink:href="https://xbrl.fasb.org/us-gaap/2023/elts/us-gaap-2023.xsd#us-gaap_RepaymentsOfDebt" xlink:label="loc_us-gaapRepaymentsOfDebt" />
      <link:calculationArc order="2" xlink:arcrole="http://www.xbrl.org/2003/arcrole/summation-item" xlink:from="loc_us-gaapNetCashProvidedByUsedInFinancingActivities" xlink:to="loc_us-gaapRepaymentsOfDebt" xlink:type="arc" weight="-1" />
      <link:loc xlink:type="locator" xlink:href="https://xbrl.fasb.org/us-gaap/2023/elts/us-gaap-2023.xsd#us-gaap_PaymentsRelatedToTaxWithholdingForShareBasedCompensation" xlink:label="loc_us-gaapPaymentsRelatedToTaxWithholdingForShareBasedCompensation" />
      <link:calculationArc order="3" xlink:arcrole="http://www.xbrl.org/2003/arcrole/summation-item" xlink:from="loc_us-gaapNetCashProvidedByUsedInFinancingActivities" xlink:to="loc_us-gaapPaymentsRelatedToTaxWithholdingForShareBasedCompensation" xlink:type="arc" weight="-1" />
      <link:loc xlink:type="locator" xlink:href="https://xbrl.fasb.org/us-gaap/2023/elts/us-gaap-2023.xsd#us-gaap_CashCashEquivalentsRestrictedCashAndRestrictedCashEquivalentsPeriodIncreaseDecreaseIncludingExchangeRateEffect" xlink:label="loc_us-gaapCashCashEquivalentsRestrictedCashAndRestrictedCashEquivalentsPeriodIncreaseDecreaseIncludingExchangeRateEffect" />
      <link:calculationArc order="1" xlink:arcrole="http://www.xbrl.org/2003/arcrole/summation-item" xlink:from="loc_us-gaapCashCashEquivalentsRestrictedCashAndRestrictedCashEquivalentsPeriodIncreaseDecreaseIncludingExchangeRateEffect" xlink:to="loc_us-gaapNetCashProvidedByUsedInOperatingActivities" xlink:type="arc" weight="1" />
      <link:calculationArc order="2" xlink:arcrole="http://www.xbrl.org/2003/arcrole/summation-item" xlink:from="loc_us-gaapCashCashEquivalentsRestrictedCashAndRestrictedCashEquivalentsPeriodIncreaseDecreaseIncludingExchangeRateEffect" xlink:to="loc_us-gaapNetCashProvidedByUsedInInvestingActivities" xlink:type="arc" weight="1" />
      <link:calculationArc order="3" xlink:arcrole="http://www.xbrl.org/2003/arcrole/summation-item" xlink:from="loc_us-gaapCashCashEquivalentsRestrictedCashAndRestrictedCashEquivalentsPeriodIncreaseDecreaseIncludingExchangeRateEffect" xlink:to="loc_us-gaapNetCashProvidedByUsedInFinancingActivities" xlink:type="arc" weight="1" />
    </link:calculationLink>
    <link:calculationLink xlink:type="extended" xlink:role="http://marathondh.com/role/OrganizationAndDescriptionOfBusiness" xlink:title="00000007 - Disclosure - ORGANIZATION AND DESCRIPTION OF BUSINESS" />
    <link:calculationLink xlink:type="extended" xlink:role="http://marathondh.com/role/SummaryOfSignificantAccountingPolicies" xlink:title="00000008 - Disclosure - SUMMARY OF SIGNIFICANT ACCOUNTING POLICIES" />
    <link:calculationLink xlink:type="extended" xlink:role="http://marathondh.com/role/RevenueFromContractsWithCustomers" xlink:title="00000009 - Disclosure - REVENUE FROM CONTRACTS WITH CUSTOMERS" />
    <link:calculationLink xlink:type="extended" xlink:role="http://marathondh.com/role/AdvancesToVendorsAndDeposits" xlink:title="00000010 - Disclosure - ADVANCES TO VENDORS AND DEPOSITS" />
    <link:calculationLink xlink:type="extended" xlink:role="http://marathondh.com/role/PropertyAndEquipment" xlink:title="00000011 - Disclosure - PROPERTY AND EQUIPMENT" />
    <link:calculationLink xlink:type="extended" xlink:role="http://marathondh.com/role/FairValueMeasurement" xlink:title="00000012 - Disclosure - FAIR VALUE MEASUREMENT" />
    <link:calculationLink xlink:type="extended" xlink:role="http://marathondh.com/role/NetLossPerShare" xlink:title="00000013 - Disclosure - NET LOSS PER SHARE" />
    <link:calculationLink xlink:type="extended" xlink:role="http://marathondh.com/role/ComputeNorthBankruptcy" xlink:title="00000014 - Disclosure - COMPUTE NORTH BANKRUPTCY" />
    <link:calculationLink xlink:type="extended" xlink:role="http://marathondh.com/role/StockholdersEquity" xlink:title="00000015 - Disclosure - STOCKHOLDERS&#8217; EQUITY" />
    <link:calculationLink xlink:type="extended" xlink:role="http://marathondh.com/role/Debt" xlink:title="00000016 - Disclosure - DEBT" />
    <link:calculationLink xlink:type="extended" xlink:role="http://marathondh.com/role/Leases" xlink:title="00000017 - Disclosure - LEASES" />
    <link:calculationLink xlink:type="extended" xlink:role="http://marathondh.com/role/LegalProceedings" xlink:title="00000018 - Disclosure - LEGAL PROCEEDINGS" />
    <link:calculationLink xlink:type="extended" xlink:role="http://marathondh.com/role/RelatedPartyTransactions" xlink:title="00000019 - Disclosure - RELATED PARTY TRANSACTIONS" />
    <link:calculationLink xlink:type="extended" xlink:role="http://marathondh.com/role/SubsequentEvents" xlink:title="00000020 - Disclosure - SUBSEQUENT EVENTS" />
    <link:calculationLink xlink:type="extended" xlink:role="http://marathondh.com/role/SummaryOfSignificantAccountingPoliciesPolicies" xlink:title="00000021 - Disclosure - SUMMARY OF SIGNIFICANT ACCOUNTING POLICIES (Policies)" />
    <link:calculationLink xlink:type="extended" xlink:role="http://marathondh.com/role/SummaryOfSignificantAccountingPoliciesTables" xlink:title="00000022 - Disclosure - SUMMARY OF SIGNIFICANT ACCOUNTING POLICIES (Tables)" />
    <link:calculationLink xlink:type="extended" xlink:role="http://marathondh.com/role/RevenueFromContractsWithCustomersTables" xlink:title="00000023 - Disclosure - REVENUE FROM CONTRACTS WITH CUSTOMERS (Tables)" />
    <link:calculationLink xlink:type="extended" xlink:role="http://marathondh.com/role/PropertyAndEquipmentTables" xlink:title="00000024 - Disclosure - PROPERTY AND EQUIPMENT (Tables)" />
    <link:calculationLink xlink:type="extended" xlink:role="http://marathondh.com/role/FairValueMeasurementTables" xlink:title="00000025 - Disclosure - FAIR VALUE MEASUREMENT (Tables)" />
    <link:calculationLink xlink:type="extended" xlink:role="http://marathondh.com/role/NetLossPerShareTables" xlink:title="00000026 - Disclosure - NET LOSS PER SHARE (Tables)" />
    <link:calculationLink xlink:type="extended" xlink:role="http://marathondh.com/role/StockholdersEquityTables" xlink:title="00000027 - Disclosure - STOCKHOLDERS&#8217; EQUITY (Tables)" />
    <link:calculationLink xlink:type="extended" xlink:role="http://marathondh.com/role/LeasesTables" xlink:title="00000028 - Disclosure - LEASES (Tables)" />
    <link:calculationLink xlink:type="extended" xlink:role="http://marathondh.com/role/ScheduleCashCashEquivalentsAndRestrictedCashDetails" xlink:title="00000029 - Disclosure - SCHEDULE CASH, CASH EQUIVALENTS AND RESTRICTED CASH (Details)" />
    <link:calculationLink xlink:type="extended" xlink:role="http://marathondh.com/role/ScheduleOfActivitiesOfDigitalCurrenciesDetails" xlink:title="00000030 - Disclosure - SCHEDULE OF ACTIVITIES OF DIGITAL CURRENCIES (Details)" />
    <link:calculationLink xlink:type="extended" xlink:role="http://marathondh.com/role/SummaryOfSignificantAccountingPoliciesDetailsNarrative" xlink:title="00000031 - Disclosure - SUMMARY OF SIGNIFICANT ACCOUNTING POLICIES (Details Narrative)" />
    <link:calculationLink xlink:type="extended" xlink:role="http://marathondh.com/role/ScheduleOfDisaggregationOfRevenueDetails" xlink:title="00000032 - Disclosure - SCHEDULE OF DISAGGREGATION OF REVENUE (Details)" />
    <link:calculationLink xlink:type="extended" xlink:role="http://marathondh.com/role/AdvancesToVendorsAndDepositsDetailsNarrative" xlink:title="00000033 - Disclosure - ADVANCES TO VENDORS AND DEPOSITS (Details Narrative)" />
    <link:calculationLink xlink:type="extended" xlink:role="http://marathondh.com/role/ScheduleOfComponentsOfPropertyAndEquipmentDetails" xlink:title="00000034 - Disclosure - SCHEDULE OF COMPONENTS OF PROPERTY AND EQUIPMENT (Details)">
      <link:loc xlink:type="locator" xlink:href="https://xbrl.fasb.org/us-gaap/2023/elts/us-gaap-2023.xsd#us-gaap_PropertyPlantAndEquipmentNet" xlink:label="loc_us-gaapPropertyPlantAndEquipmentNet" />
      <link:loc xlink:type="locator" xlink:href="https://xbrl.fasb.org/us-gaap/2023/elts/us-gaap-2023.xsd#us-gaap_PropertyPlantAndEquipmentGross" xlink:label="loc_us-gaapPropertyPlantAndEquipmentGross" />
      <link:calculationArc order="1" xlink:arcrole="http://www.xbrl.org/2003/arcrole/summation-item" xlink:from="loc_us-gaapPropertyPlantAndEquipmentNet" xlink:to="loc_us-gaapPropertyPlantAndEquipmentGross" xlink:type="arc" weight="1" />
      <link:loc xlink:type="locator" xlink:href="https://xbrl.fasb.org/us-gaap/2023/elts/us-gaap-2023.xsd#us-gaap_AccumulatedDepreciationDepletionAndAmortizationPropertyPlantAndEquipment" xlink:label="loc_us-gaapAccumulatedDepreciationDepletionAndAmortizationPropertyPlantAndEquipment" />
      <link:calculationArc order="2" xlink:arcrole="http://www.xbrl.org/2003/arcrole/summation-item" xlink:from="loc_us-gaapPropertyPlantAndEquipmentNet" xlink:to="loc_us-gaapAccumulatedDepreciationDepletionAndAmortizationPropertyPlantAndEquipment" xlink:type="arc" weight="-1" />
    </link:calculationLink>
    <link:calculationLink xlink:type="extended" xlink:role="http://marathondh.com/role/PropertyAndEquipmentDetailsNarrative" xlink:title="00000035 - Disclosure - PROPERTY AND EQUIPMENT (Details Narrative)" />
    <link:calculationLink xlink:type="extended" xlink:role="http://marathondh.com/role/ScheduleOfAssetsAndLiabilitiesMeasuredAtFairValueOnRecurringBasisDetails" xlink:title="00000036 - Disclosure - SCHEDULE OF ASSETS AND LIABILITIES MEASURED AT FAIR VALUE ON RECURRING BASIS (Details)" />
    <link:calculationLink xlink:type="extended" xlink:role="http://marathondh.com/role/ScheduleOfAssetsAndLiabilitiesMeasuredAtFairValueOnRecurringBasisDetailsParentetical" xlink:title="00000037 - Disclosure - SCHEDULE OF ASSETS AND LIABILITIES MEASURED AT FAIR VALUE ON RECURRING BASIS (Details) (Parentetical)" />
    <link:calculationLink xlink:type="extended" xlink:role="http://marathondh.com/role/ScheduleOfAssetsAndLiabilitiesMeasuredAtFairValueOnNon-recurringBasisDetails" xlink:title="00000038 - Disclosure - SCHEDULE OF ASSETS AND LIABILITIES MEASURED AT FAIR VALUE ON NON-RECURRING BASIS (Details)" />
    <link:calculationLink xlink:type="extended" xlink:role="http://marathondh.com/role/ScheduleOfAssetsAndLiabilitiesMeasuredAtFairValueOnNon-recurringBasisDetailsParenthetical" xlink:title="00000039 - Disclosure - SCHEDULE OF ASSETS AND LIABILITIES MEASURED AT FAIR VALUE ON NON-RECURRING BASIS (Details) (Parenthetical)" />
    <link:calculationLink xlink:type="extended" xlink:role="http://marathondh.com/role/FairValueMeasurementDetailsNarrative" xlink:title="00000040 - Disclosure - FAIR VALUE MEASUREMENT (Details Narrative)" />
    <link:calculationLink xlink:type="extended" xlink:role="http://marathondh.com/role/ScheduleOfAntidilutiveSecuritiesExcludedFromComputationOfEarningsPerShareDetails" xlink:title="00000041 - Disclosure - SCHEDULE OF ANTIDILUTIVE SECURITIES EXCLUDED FROM COMPUTATION OF EARNINGS PER SHARE (Details)" />
    <link:calculationLink xlink:type="extended" xlink:role="http://marathondh.com/role/ScheduleOfComputationOfBasicAndDilutedLossPerShareDetails" xlink:title="00000042 - Disclosure - SCHEDULE OF COMPUTATION OF BASIC AND DILUTED LOSS PER SHARE (Details)" />
    <link:calculationLink xlink:type="extended" xlink:role="http://marathondh.com/role/ComputeNorthBankruptcyDetailsNarrative" xlink:title="00000043 - Disclosure - COMPUTE NORTH BANKRUPTCY (Details Narrative)" />
    <link:calculationLink xlink:type="extended" xlink:role="http://marathondh.com/role/SummaryOfRestrictedStockAwardActivityDetails" xlink:title="00000044 - Disclosure - SUMMARY OF RESTRICTED STOCK AWARD ACTIVITY (Details)" />
    <link:calculationLink xlink:type="extended" xlink:role="http://marathondh.com/role/StockholdersEquityDetailsNarrative" xlink:title="00000045 - Disclosure - STOCKHOLDERS&#8217; EQUITY (Details Narrative)" />
    <link:calculationLink xlink:type="extended" xlink:role="http://marathondh.com/role/DebtDetailsNarrative" xlink:title="00000046 - Disclosure - DEBT (Details Narrative)" />
    <link:calculationLink xlink:type="extended" xlink:role="http://marathondh.com/role/ScheduleOfComponentsOfLeaseCostDetails" xlink:title="00000047 - Disclosure - SCHEDULE OF COMPONENTS OF LEASE COST (Details)">
      <link:loc xlink:type="locator" xlink:href="https://xbrl.fasb.org/us-gaap/2023/elts/us-gaap-2023.xsd#us-gaap_OperatingLeaseExpense" xlink:label="loc_us-gaapOperatingLeaseExpense" />
      <link:loc xlink:type="locator" xlink:href="https://xbrl.fasb.org/us-gaap/2023/elts/us-gaap-2023.xsd#us-gaap_OperatingLeaseCost" xlink:label="loc_us-gaapOperatingLeaseCost" />
      <link:calculationArc order="1" xlink:arcrole="http://www.xbrl.org/2003/arcrole/summation-item" xlink:from="loc_us-gaapOperatingLeaseExpense" xlink:to="loc_us-gaapOperatingLeaseCost" xlink:type="arc" weight="1" />
      <link:loc xlink:type="locator" xlink:href="https://xbrl.fasb.org/us-gaap/2023/elts/us-gaap-2023.xsd#us-gaap_LeaseCost" xlink:label="loc_us-gaapLeaseCost" />
      <link:calculationArc order="1" xlink:arcrole="http://www.xbrl.org/2003/arcrole/summation-item" xlink:from="loc_us-gaapLeaseCost" xlink:to="loc_us-gaapOperatingLeaseExpense" xlink:type="arc" weight="1" />
      <link:loc xlink:type="locator" xlink:href="https://xbrl.fasb.org/us-gaap/2023/elts/us-gaap-2023.xsd#us-gaap_ShortTermLeaseCost" xlink:label="loc_us-gaapShortTermLeaseCost" />
      <link:calculationArc order="2" xlink:arcrole="http://www.xbrl.org/2003/arcrole/summation-item" xlink:from="loc_us-gaapLeaseCost" xlink:to="loc_us-gaapShortTermLeaseCost" xlink:type="arc" weight="1" />
      <link:loc xlink:type="locator" xlink:href="https://xbrl.fasb.org/us-gaap/2023/elts/us-gaap-2023.xsd#us-gaap_VariableLeaseCost" xlink:label="loc_us-gaapVariableLeaseCost" />
      <link:calculationArc order="3" xlink:arcrole="http://www.xbrl.org/2003/arcrole/summation-item" xlink:from="loc_us-gaapLeaseCost" xlink:to="loc_us-gaapVariableLeaseCost" xlink:type="arc" weight="1" />
    </link:calculationLink>
    <link:calculationLink xlink:type="extended" xlink:role="http://marathondh.com/role/SummaryOfMinimumLeasePaymentsDetails" xlink:title="00000048 - Disclosure - SUMMARY OF MINIMUM LEASE PAYMENTS (Details)" />
    <link:calculationLink xlink:type="extended" xlink:role="http://marathondh.com/role/ScheduleOfLeaseLiabilityMaturityDetails" xlink:title="00000049 - Disclosure - SCHEDULE OF LEASE LIABILITY MATURITY (Details)">
      <link:loc xlink:type="locator" xlink:href="https://xbrl.fasb.org/us-gaap/2023/elts/us-gaap-2023.xsd#us-gaap_ContractualObligation" xlink:label="loc_us-gaapContractualObligation" />
      <link:loc xlink:type="locator" xlink:href="https://xbrl.fasb.org/us-gaap/2023/elts/us-gaap-2023.xsd#us-gaap_ContractualObligationFutureMinimumPaymentsDueRemainderOfFiscalYear" xlink:label="loc_us-gaapContractualObligationFutureMinimumPaymentsDueRemainderOfFiscalYear" />
      <link:calculationArc order="1" xlink:arcrole="http://www.xbrl.org/2003/arcrole/summation-item" xlink:from="loc_us-gaapContractualObligation" xlink:to="loc_us-gaapContractualObligationFutureMinimumPaymentsDueRemainderOfFiscalYear" xlink:type="arc" weight="1" />
      <link:loc xlink:type="locator" xlink:href="https://xbrl.fasb.org/us-gaap/2023/elts/us-gaap-2023.xsd#us-gaap_ContractualObligationDueInNextTwelveMonths" xlink:label="loc_us-gaapContractualObligationDueInNextTwelveMonths" />
      <link:calculationArc order="2" xlink:arcrole="http://www.xbrl.org/2003/arcrole/summation-item" xlink:from="loc_us-gaapContractualObligation" xlink:to="loc_us-gaapContractualObligationDueInNextTwelveMonths" xlink:type="arc" weight="1" />
      <link:loc xlink:type="locator" xlink:href="https://xbrl.fasb.org/us-gaap/2023/elts/us-gaap-2023.xsd#us-gaap_ContractualObligationDueInSecondYear" xlink:label="loc_us-gaapContractualObligationDueInSecondYear" />
      <link:calculationArc order="3" xlink:arcrole="http://www.xbrl.org/2003/arcrole/summation-item" xlink:from="loc_us-gaapContractualObligation" xlink:to="loc_us-gaapContractualObligationDueInSecondYear" xlink:type="arc" weight="1" />
      <link:loc xlink:type="locator" xlink:href="https://xbrl.fasb.org/us-gaap/2023/elts/us-gaap-2023.xsd#us-gaap_ContractualObligationDueInThirdYear" xlink:label="loc_us-gaapContractualObligationDueInThirdYear" />
      <link:calculationArc order="4" xlink:arcrole="http://www.xbrl.org/2003/arcrole/summation-item" xlink:from="loc_us-gaapContractualObligation" xlink:to="loc_us-gaapContractualObligationDueInThirdYear" xlink:type="arc" weight="1" />
      <link:loc xlink:type="locator" xlink:href="https://xbrl.fasb.org/us-gaap/2023/elts/us-gaap-2023.xsd#us-gaap_ContractualObligationDueInFourthYear" xlink:label="loc_us-gaapContractualObligationDueInFourthYear" />
      <link:calculationArc order="5" xlink:arcrole="http://www.xbrl.org/2003/arcrole/summation-item" xlink:from="loc_us-gaapContractualObligation" xlink:to="loc_us-gaapContractualObligationDueInFourthYear" xlink:type="arc" weight="1" />
      <link:loc xlink:type="locator" xlink:href="https://xbrl.fasb.org/us-gaap/2023/elts/us-gaap-2023.xsd#us-gaap_ContractualObligationDueAfterFifthYear" xlink:label="loc_us-gaapContractualObligationDueAfterFifthYear" />
      <link:calculationArc order="6" xlink:arcrole="http://www.xbrl.org/2003/arcrole/summation-item" xlink:from="loc_us-gaapContractualObligation" xlink:to="loc_us-gaapContractualObligationDueAfterFifthYear" xlink:type="arc" weight="1" />
    </link:calculationLink>
    <link:calculationLink xlink:type="extended" xlink:role="http://marathondh.com/role/LeasesDetailsNarrative" xlink:title="00000050 - Disclosure - LEASES (Details Narrative)" />
    <link:calculationLink xlink:type="extended" xlink:role="http://marathondh.com/role/LegalProceedingsDetailsNarrative" xlink:title="00000051 - Disclosure - LEGAL PROCEEDINGS (Details Narrative)" />
    <link:calculationLink xlink:type="extended" xlink:role="http://marathondh.com/role/RelatedPartyTransactionsDetailsNarrative" xlink:title="00000052 - Disclosure - RELATED PARTY TRANSACTIONS (Details Narrative)" />
</link:linkbase>
