<?xml version="1.0" encoding="us-ascii"?>
<!-- Created by Merrill Corporation -->
<!--XBRL document created with Merrill Bridge  7.2.100.0 -->
<!--Based on XBRL 2.1-->
<!--Created on: 8/14/2017 12:13:59 PM-->
<!--Modified on: 8/14/2017 12:13:59 PM-->
<link:linkbase xsi:schemaLocation="http://www.xbrl.org/2003/linkbase http://www.xbrl.org/2003/xbrl-linkbase-2003-12-31.xsd" xmlns:link="http://www.xbrl.org/2003/linkbase" xmlns:xsi="http://www.w3.org/2001/XMLSchema-instance" xmlns:xbrli="http://www.xbrl.org/2003/instance" xmlns:xlink="http://www.w3.org/1999/xlink">
  <roleRef xlink:type="simple" xlink:href="mara-20170630.xsd#StatementConsolidatedCondensedBalanceSheets" roleURI="http://marathonpg.com/role/StatementConsolidatedCondensedBalanceSheets" xmlns="http://www.xbrl.org/2003/linkbase" />
  <roleRef xlink:type="simple" xlink:href="mara-20170630.xsd#StatementConsolidatedCondensedStatementsOfOperationsAndComprehensiveIncome" roleURI="http://marathonpg.com/role/StatementConsolidatedCondensedStatementsOfOperationsAndComprehensiveIncome" xmlns="http://www.xbrl.org/2003/linkbase" />
  <roleRef xlink:type="simple" xlink:href="mara-20170630.xsd#StatementConsolidatedCondensedStatementsOfOperationsAndComprehensiveIncomeCalc2" roleURI="http://marathonpg.com/role/StatementConsolidatedCondensedStatementsOfOperationsAndComprehensiveIncomeCalc2" xmlns="http://www.xbrl.org/2003/linkbase" />
  <roleRef xlink:type="simple" xlink:href="mara-20170630.xsd#StatementConsolidatedCondensedStatementsOfCashFlows" roleURI="http://marathonpg.com/role/StatementConsolidatedCondensedStatementsOfCashFlows" xmlns="http://www.xbrl.org/2003/linkbase" />
  <roleRef xlink:type="simple" xlink:href="mara-20170630.xsd#DisclosureAcquisitionsCloudingCorpDetails" roleURI="http://marathonpg.com/role/DisclosureAcquisitionsCloudingCorpDetails" xmlns="http://www.xbrl.org/2003/linkbase" />
  <roleRef xlink:type="simple" xlink:href="mara-20170630.xsd#DisclosureIntangibleAssetsDetails" roleURI="http://marathonpg.com/role/DisclosureIntangibleAssetsDetails" xmlns="http://www.xbrl.org/2003/linkbase" />
  <roleRef xlink:type="simple" xlink:href="mara-20170630.xsd#DisclosureIntangibleAssetsFutureAmortizationOfIntangibleAssetsDetails" roleURI="http://marathonpg.com/role/DisclosureIntangibleAssetsFutureAmortizationOfIntangibleAssetsDetails" xmlns="http://www.xbrl.org/2003/linkbase" />
  <roleRef xlink:type="simple" xlink:href="mara-20170630.xsd#DisclosureDebtCommitmentsAndContingenciesSummaryOfDebtDetails" roleURI="http://marathonpg.com/role/DisclosureDebtCommitmentsAndContingenciesSummaryOfDebtDetails" xmlns="http://www.xbrl.org/2003/linkbase" />
  <roleRef xlink:type="simple" xlink:href="mara-20170630.xsd#DisclosureDebtCommitmentsAndContingenciesFutureMinimumPrincipalPaymentsDetails" roleURI="http://marathonpg.com/role/DisclosureDebtCommitmentsAndContingenciesFutureMinimumPrincipalPaymentsDetails" xmlns="http://www.xbrl.org/2003/linkbase" />
  <roleRef xlink:type="simple" xlink:href="mara-20170630.xsd#DisclosureDebtCommitmentsAndContingenciesOfficeLeaseAndLegalProceedingsDetails" roleURI="http://marathonpg.com/role/DisclosureDebtCommitmentsAndContingenciesOfficeLeaseAndLegalProceedingsDetails" xmlns="http://www.xbrl.org/2003/linkbase" />
  <roleRef xlink:type="simple" xlink:href="mara-20170630.xsd#DisclosureDebtCommitmentsAndContingenciesDebtAndObligationsDetailsCalc2" roleURI="http://marathonpg.com/role/DisclosureDebtCommitmentsAndContingenciesDebtAndObligationsDetailsCalc2" xmlns="http://www.xbrl.org/2003/linkbase" />
  <calculationLink xlink:role="http://marathonpg.com/role/StatementConsolidatedCondensedBalanceSheets" xlink:type="extended" xlink:title="00100 - Statement - CONSOLIDATED CONDENSED BALANCE SHEETS" xmlns="http://www.xbrl.org/2003/linkbase">
    <loc xlink:type="locator" xlink:href="http://xbrl.fasb.org/us-gaap/2016/elts/us-gaap-2016-01-31.xsd#us-gaap_Assets" xlink:label="loc_us-gaapAssets" />
    <loc xlink:type="locator" xlink:href="http://xbrl.fasb.org/us-gaap/2016/elts/us-gaap-2016-01-31.xsd#us-gaap_AssetsCurrent" xlink:label="us-gaap_AssetsCurrent_636383096363379410" />
    <calculationArc xlink:type="arc" xlink:arcrole="http://www.xbrl.org/2003/arcrole/summation-item" xlink:from="loc_us-gaapAssets" xlink:to="us-gaap_AssetsCurrent_636383096363379410" order="1" use="optional" weight="1" />
    <loc xlink:type="locator" xlink:href="http://xbrl.fasb.org/us-gaap/2016/elts/us-gaap-2016-01-31.xsd#us-gaap_Cash" xlink:label="us-gaap_Cash_636383096363389411" />
    <calculationArc xlink:type="arc" xlink:arcrole="http://www.xbrl.org/2003/arcrole/summation-item" xlink:from="us-gaap_AssetsCurrent_636383096363379410" xlink:to="us-gaap_Cash_636383096363389411" order="1" use="optional" weight="1" />
    <loc xlink:type="locator" xlink:href="http://xbrl.fasb.org/us-gaap/2016/elts/us-gaap-2016-01-31.xsd#us-gaap_AccountsReceivableNetCurrent" xlink:label="us-gaap_AccountsReceivableNetCurrent_636383096363399412" />
    <calculationArc xlink:type="arc" xlink:arcrole="http://www.xbrl.org/2003/arcrole/summation-item" xlink:from="us-gaap_AssetsCurrent_636383096363379410" xlink:to="us-gaap_AccountsReceivableNetCurrent_636383096363399412" order="2" use="optional" weight="1" priority="2" />
    <loc xlink:type="locator" xlink:href="mara-20170630.xsd#mara_BondsPostedWithCourts" xlink:label="mara_BondsPostedWithCourts_636383096363399412" />
    <calculationArc xlink:type="arc" xlink:arcrole="http://www.xbrl.org/2003/arcrole/summation-item" xlink:from="us-gaap_AssetsCurrent_636383096363379410" xlink:to="mara_BondsPostedWithCourts_636383096363399412" order="3" use="optional" weight="1" />
    <loc xlink:type="locator" xlink:href="http://xbrl.fasb.org/us-gaap/2016/elts/us-gaap-2016-01-31.xsd#us-gaap_NotesAndLoansReceivableNetCurrent" xlink:label="us-gaap_NotesAndLoansReceivableNetCurrent_636383096363399412" />
    <calculationArc xlink:type="arc" xlink:arcrole="http://www.xbrl.org/2003/arcrole/summation-item" xlink:from="us-gaap_AssetsCurrent_636383096363379410" xlink:to="us-gaap_NotesAndLoansReceivableNetCurrent_636383096363399412" order="4" use="optional" weight="1" priority="2" />
    <loc xlink:type="locator" xlink:href="http://xbrl.fasb.org/us-gaap/2016/elts/us-gaap-2016-01-31.xsd#us-gaap_PrepaidExpenseAndOtherAssetsCurrent" xlink:label="us-gaap_PrepaidExpenseAndOtherAssetsCurrent_636383096363399412" />
    <calculationArc xlink:type="arc" xlink:arcrole="http://www.xbrl.org/2003/arcrole/summation-item" xlink:from="us-gaap_AssetsCurrent_636383096363379410" xlink:to="us-gaap_PrepaidExpenseAndOtherAssetsCurrent_636383096363399412" order="5" use="optional" weight="1" priority="2" />
    <loc xlink:type="locator" xlink:href="http://xbrl.fasb.org/us-gaap/2016/elts/us-gaap-2016-01-31.xsd#us-gaap_AssetsNoncurrent" xlink:label="us-gaap_AssetsNoncurrent_636383096363399412" />
    <calculationArc xlink:type="arc" xlink:arcrole="http://www.xbrl.org/2003/arcrole/summation-item" xlink:from="loc_us-gaapAssets" xlink:to="us-gaap_AssetsNoncurrent_636383096363399412" order="2" use="optional" weight="1" priority="2" />
    <loc xlink:type="locator" xlink:href="http://xbrl.fasb.org/us-gaap/2016/elts/us-gaap-2016-01-31.xsd#us-gaap_PropertyPlantAndEquipmentNet" xlink:label="us-gaap_PropertyPlantAndEquipmentNet_636383096363399412" />
    <calculationArc xlink:type="arc" xlink:arcrole="http://www.xbrl.org/2003/arcrole/summation-item" xlink:from="us-gaap_AssetsNoncurrent_636383096363399412" xlink:to="us-gaap_PropertyPlantAndEquipmentNet_636383096363399412" order="1" use="optional" weight="1" priority="1" />
    <loc xlink:type="locator" xlink:href="http://xbrl.fasb.org/us-gaap/2016/elts/us-gaap-2016-01-31.xsd#us-gaap_FiniteLivedIntangibleAssetsNet" xlink:label="us-gaap_FiniteLivedIntangibleAssetsNet_636383096363399412" />
    <calculationArc xlink:type="arc" xlink:arcrole="http://www.xbrl.org/2003/arcrole/summation-item" xlink:from="us-gaap_AssetsNoncurrent_636383096363399412" xlink:to="us-gaap_FiniteLivedIntangibleAssetsNet_636383096363399412" order="2" use="optional" weight="1" priority="2" />
    <loc xlink:type="locator" xlink:href="http://xbrl.fasb.org/us-gaap/2016/elts/us-gaap-2016-01-31.xsd#us-gaap_OtherAssetsNoncurrent" xlink:label="us-gaap_OtherAssetsNoncurrent_636383096363399412" />
    <calculationArc xlink:type="arc" xlink:arcrole="http://www.xbrl.org/2003/arcrole/summation-item" xlink:from="us-gaap_AssetsNoncurrent_636383096363399412" xlink:to="us-gaap_OtherAssetsNoncurrent_636383096363399412" order="3" use="optional" weight="1" priority="4" />
    <loc xlink:type="locator" xlink:href="http://xbrl.fasb.org/us-gaap/2016/elts/us-gaap-2016-01-31.xsd#us-gaap_Goodwill" xlink:label="us-gaap_Goodwill_636383096363399412" />
    <calculationArc xlink:type="arc" xlink:arcrole="http://www.xbrl.org/2003/arcrole/summation-item" xlink:from="us-gaap_AssetsNoncurrent_636383096363399412" xlink:to="us-gaap_Goodwill_636383096363399412" order="4" use="optional" weight="1" priority="1" />
    <loc xlink:type="locator" xlink:href="http://xbrl.fasb.org/us-gaap/2016/elts/us-gaap-2016-01-31.xsd#us-gaap_LiabilitiesAndStockholdersEquity" xlink:label="loc_us-gaapLiabilitiesAndStockholdersEquity" />
    <loc xlink:type="locator" xlink:href="http://xbrl.fasb.org/us-gaap/2016/elts/us-gaap-2016-01-31.xsd#us-gaap_StockholdersEquityIncludingPortionAttributableToNoncontrollingInterest" xlink:label="us-gaap_StockholdersEquityIncludingPortionAttributableToNoncontrollingInterest_636383096363479420" />
    <calculationArc xlink:type="arc" xlink:arcrole="http://www.xbrl.org/2003/arcrole/summation-item" xlink:from="loc_us-gaapLiabilitiesAndStockholdersEquity" xlink:to="us-gaap_StockholdersEquityIncludingPortionAttributableToNoncontrollingInterest_636383096363479420" order="1" use="optional" weight="1" priority="2" />
    <loc xlink:type="locator" xlink:href="http://xbrl.fasb.org/us-gaap/2016/elts/us-gaap-2016-01-31.xsd#us-gaap_StockholdersEquity" xlink:label="us-gaap_StockholdersEquity_636383096363479420" />
    <calculationArc xlink:type="arc" xlink:arcrole="http://www.xbrl.org/2003/arcrole/summation-item" xlink:from="us-gaap_StockholdersEquityIncludingPortionAttributableToNoncontrollingInterest_636383096363479420" xlink:to="us-gaap_StockholdersEquity_636383096363479420" order="1" use="optional" weight="1" priority="3" />
    <loc xlink:type="locator" xlink:href="http://xbrl.fasb.org/us-gaap/2016/elts/us-gaap-2016-01-31.xsd#us-gaap_PreferredStockValue" xlink:label="us-gaap_PreferredStockValue_636383096363479420" />
    <calculationArc xlink:type="arc" xlink:arcrole="http://www.xbrl.org/2003/arcrole/summation-item" xlink:from="us-gaap_StockholdersEquity_636383096363479420" xlink:to="us-gaap_PreferredStockValue_636383096363479420" order="1" use="optional" weight="1" priority="1" />
    <loc xlink:type="locator" xlink:href="http://xbrl.fasb.org/us-gaap/2016/elts/us-gaap-2016-01-31.xsd#us-gaap_CommonStockValue" xlink:label="us-gaap_CommonStockValue_636383096363479420" />
    <calculationArc xlink:type="arc" xlink:arcrole="http://www.xbrl.org/2003/arcrole/summation-item" xlink:from="us-gaap_StockholdersEquity_636383096363479420" xlink:to="us-gaap_CommonStockValue_636383096363479420" order="2" use="optional" weight="1" priority="1" />
    <loc xlink:type="locator" xlink:href="http://xbrl.fasb.org/us-gaap/2016/elts/us-gaap-2016-01-31.xsd#us-gaap_AdditionalPaidInCapital" xlink:label="us-gaap_AdditionalPaidInCapital_636383096363479420" />
    <calculationArc xlink:type="arc" xlink:arcrole="http://www.xbrl.org/2003/arcrole/summation-item" xlink:from="us-gaap_StockholdersEquity_636383096363479420" xlink:to="us-gaap_AdditionalPaidInCapital_636383096363479420" order="3" use="optional" weight="1" priority="1" />
    <loc xlink:type="locator" xlink:href="http://xbrl.fasb.org/us-gaap/2016/elts/us-gaap-2016-01-31.xsd#us-gaap_AccumulatedOtherComprehensiveIncomeLossNetOfTax" xlink:label="us-gaap_AccumulatedOtherComprehensiveIncomeLossNetOfTax_636383096363479420" />
    <calculationArc xlink:type="arc" xlink:arcrole="http://www.xbrl.org/2003/arcrole/summation-item" xlink:from="us-gaap_StockholdersEquity_636383096363479420" xlink:to="us-gaap_AccumulatedOtherComprehensiveIncomeLossNetOfTax_636383096363479420" order="4" use="optional" weight="1" priority="3" />
    <loc xlink:type="locator" xlink:href="http://xbrl.fasb.org/us-gaap/2016/elts/us-gaap-2016-01-31.xsd#us-gaap_RetainedEarningsAccumulatedDeficit" xlink:label="us-gaap_RetainedEarningsAccumulatedDeficit_636383096363479420" />
    <calculationArc xlink:type="arc" xlink:arcrole="http://www.xbrl.org/2003/arcrole/summation-item" xlink:from="us-gaap_StockholdersEquity_636383096363479420" xlink:to="us-gaap_RetainedEarningsAccumulatedDeficit_636383096363479420" order="5" use="optional" weight="1" />
    <loc xlink:type="locator" xlink:href="http://xbrl.fasb.org/us-gaap/2016/elts/us-gaap-2016-01-31.xsd#us-gaap_MinorityInterest" xlink:label="us-gaap_MinorityInterest_636383096363479420" />
    <calculationArc xlink:type="arc" xlink:arcrole="http://www.xbrl.org/2003/arcrole/summation-item" xlink:from="us-gaap_StockholdersEquityIncludingPortionAttributableToNoncontrollingInterest_636383096363479420" xlink:to="us-gaap_MinorityInterest_636383096363479420" order="2" use="optional" weight="1" priority="2" />
    <loc xlink:type="locator" xlink:href="http://xbrl.fasb.org/us-gaap/2016/elts/us-gaap-2016-01-31.xsd#us-gaap_Liabilities" xlink:label="us-gaap_Liabilities_636383096363479420" />
    <calculationArc xlink:type="arc" xlink:arcrole="http://www.xbrl.org/2003/arcrole/summation-item" xlink:from="loc_us-gaapLiabilitiesAndStockholdersEquity" xlink:to="us-gaap_Liabilities_636383096363479420" order="2" use="optional" weight="1" />
    <loc xlink:type="locator" xlink:href="http://xbrl.fasb.org/us-gaap/2016/elts/us-gaap-2016-01-31.xsd#us-gaap_LiabilitiesCurrent" xlink:label="us-gaap_LiabilitiesCurrent_636383096363479420" />
    <calculationArc xlink:type="arc" xlink:arcrole="http://www.xbrl.org/2003/arcrole/summation-item" xlink:from="us-gaap_Liabilities_636383096363479420" xlink:to="us-gaap_LiabilitiesCurrent_636383096363479420" order="1" use="optional" weight="1" />
    <loc xlink:type="locator" xlink:href="http://xbrl.fasb.org/us-gaap/2016/elts/us-gaap-2016-01-31.xsd#us-gaap_AccountsPayableAndAccruedLiabilitiesCurrent" xlink:label="us-gaap_AccountsPayableAndAccruedLiabilitiesCurrent_636383096363479420" />
    <calculationArc xlink:type="arc" xlink:arcrole="http://www.xbrl.org/2003/arcrole/summation-item" xlink:from="us-gaap_LiabilitiesCurrent_636383096363479420" xlink:to="us-gaap_AccountsPayableAndAccruedLiabilitiesCurrent_636383096363479420" order="1" use="optional" weight="1" />
    <loc xlink:type="locator" xlink:href="http://xbrl.fasb.org/us-gaap/2016/elts/us-gaap-2016-01-31.xsd#us-gaap_BusinessCombinationContingentConsiderationLiabilityCurrent" xlink:label="us-gaap_BusinessCombinationContingentConsiderationLiabilityCurrent_636383096363479420" />
    <calculationArc xlink:type="arc" xlink:arcrole="http://www.xbrl.org/2003/arcrole/summation-item" xlink:from="us-gaap_LiabilitiesCurrent_636383096363479420" xlink:to="us-gaap_BusinessCombinationContingentConsiderationLiabilityCurrent_636383096363479420" order="2" use="optional" weight="1" priority="2" />
    <loc xlink:type="locator" xlink:href="http://xbrl.fasb.org/us-gaap/2016/elts/us-gaap-2016-01-31.xsd#us-gaap_NotesPayableCurrent" xlink:label="us-gaap_NotesPayableCurrent_636383096363479420" />
    <calculationArc xlink:type="arc" xlink:arcrole="http://www.xbrl.org/2003/arcrole/summation-item" xlink:from="us-gaap_LiabilitiesCurrent_636383096363479420" xlink:to="us-gaap_NotesPayableCurrent_636383096363479420" order="3" use="optional" weight="1" priority="2" />
    <loc xlink:type="locator" xlink:href="http://xbrl.fasb.org/us-gaap/2016/elts/us-gaap-2016-01-31.xsd#us-gaap_LiabilitiesNoncurrent" xlink:label="us-gaap_LiabilitiesNoncurrent_636383096363479420" />
    <calculationArc xlink:type="arc" xlink:arcrole="http://www.xbrl.org/2003/arcrole/summation-item" xlink:from="us-gaap_Liabilities_636383096363479420" xlink:to="us-gaap_LiabilitiesNoncurrent_636383096363479420" order="2" use="optional" weight="1" />
    <loc xlink:type="locator" xlink:href="http://xbrl.fasb.org/us-gaap/2016/elts/us-gaap-2016-01-31.xsd#us-gaap_LongTermNotesPayable" xlink:label="us-gaap_LongTermNotesPayable_636383096363489421" />
    <calculationArc xlink:type="arc" xlink:arcrole="http://www.xbrl.org/2003/arcrole/summation-item" xlink:from="us-gaap_LiabilitiesNoncurrent_636383096363479420" xlink:to="us-gaap_LongTermNotesPayable_636383096363489421" order="1" use="optional" weight="1" priority="3" />
    <loc xlink:type="locator" xlink:href="http://xbrl.fasb.org/us-gaap/2016/elts/us-gaap-2016-01-31.xsd#us-gaap_BusinessCombinationContingentConsiderationLiabilityNoncurrent" xlink:label="us-gaap_BusinessCombinationContingentConsiderationLiabilityNoncurrent_636383096363489421" />
    <calculationArc xlink:type="arc" xlink:arcrole="http://www.xbrl.org/2003/arcrole/summation-item" xlink:from="us-gaap_LiabilitiesNoncurrent_636383096363479420" xlink:to="us-gaap_BusinessCombinationContingentConsiderationLiabilityNoncurrent_636383096363489421" order="2" use="optional" weight="1" priority="3" />
    <loc xlink:type="locator" xlink:href="http://xbrl.fasb.org/us-gaap/2016/elts/us-gaap-2016-01-31.xsd#us-gaap_DeferredRevenueNoncurrent" xlink:label="us-gaap_DeferredRevenueNoncurrent_636383096363489421" />
    <calculationArc xlink:type="arc" xlink:arcrole="http://www.xbrl.org/2003/arcrole/summation-item" xlink:from="us-gaap_LiabilitiesNoncurrent_636383096363479420" xlink:to="us-gaap_DeferredRevenueNoncurrent_636383096363489421" order="3" use="optional" weight="1" priority="2" />
    <loc xlink:type="locator" xlink:href="http://xbrl.fasb.org/us-gaap/2016/elts/us-gaap-2016-01-31.xsd#us-gaap_OtherLiabilitiesNoncurrent" xlink:label="us-gaap_OtherLiabilitiesNoncurrent_636383096363489421" />
    <calculationArc xlink:type="arc" xlink:arcrole="http://www.xbrl.org/2003/arcrole/summation-item" xlink:from="us-gaap_LiabilitiesNoncurrent_636383096363479420" xlink:to="us-gaap_OtherLiabilitiesNoncurrent_636383096363489421" order="4" use="optional" weight="1" />
  </calculationLink>
  <calculationLink xlink:role="http://marathonpg.com/role/StatementConsolidatedCondensedStatementsOfOperationsAndComprehensiveIncome" xlink:type="extended" xlink:title="00200 - Statement - CONSOLIDATED CONDENSED STATEMENTS OF OPERATIONS AND COMPREHENSIVE INCOME" xmlns="http://www.xbrl.org/2003/linkbase">
    <loc xlink:type="locator" xlink:href="http://xbrl.fasb.org/us-gaap/2016/elts/us-gaap-2016-01-31.xsd#us-gaap_NetIncomeLoss" xlink:label="us-gaap_NetIncomeLoss" />
    <loc xlink:type="locator" xlink:href="http://xbrl.fasb.org/us-gaap/2016/elts/us-gaap-2016-01-31.xsd#us-gaap_NetIncomeLossAttributableToNoncontrollingInterest" xlink:label="us-gaap_NetIncomeLossAttributableToNoncontrollingInterest_636383096363489421" />
    <calculationArc xlink:type="arc" xlink:arcrole="http://www.xbrl.org/2003/arcrole/summation-item" xlink:from="us-gaap_NetIncomeLoss" xlink:to="us-gaap_NetIncomeLossAttributableToNoncontrollingInterest_636383096363489421" order="1" use="optional" weight="-1" priority="2" />
    <loc xlink:type="locator" xlink:href="http://xbrl.fasb.org/us-gaap/2016/elts/us-gaap-2016-01-31.xsd#us-gaap_ProfitLoss" xlink:label="us-gaap_ProfitLoss_636383096363489421" />
    <calculationArc xlink:type="arc" xlink:arcrole="http://www.xbrl.org/2003/arcrole/summation-item" xlink:from="us-gaap_NetIncomeLoss" xlink:to="us-gaap_ProfitLoss_636383096363489421" order="2" use="optional" weight="1" priority="2" />
    <loc xlink:type="locator" xlink:href="http://xbrl.fasb.org/us-gaap/2016/elts/us-gaap-2016-01-31.xsd#us-gaap_IncomeTaxExpenseBenefit" xlink:label="us-gaap_IncomeTaxExpenseBenefit_636383096363489421" />
    <calculationArc xlink:type="arc" xlink:arcrole="http://www.xbrl.org/2003/arcrole/summation-item" xlink:from="us-gaap_ProfitLoss_636383096363489421" xlink:to="us-gaap_IncomeTaxExpenseBenefit_636383096363489421" order="1" use="optional" weight="-1" priority="2" />
    <loc xlink:type="locator" xlink:href="http://xbrl.fasb.org/us-gaap/2016/elts/us-gaap-2016-01-31.xsd#us-gaap_IncomeLossFromContinuingOperationsBeforeIncomeTaxesExtraordinaryItemsNoncontrollingInterest" xlink:label="us-gaap_IncomeLossFromContinuingOperationsBeforeIncomeTaxesExtraordinaryItemsNoncontrollingInterest_636383096363489421" />
    <calculationArc xlink:type="arc" xlink:arcrole="http://www.xbrl.org/2003/arcrole/summation-item" xlink:from="us-gaap_ProfitLoss_636383096363489421" xlink:to="us-gaap_IncomeLossFromContinuingOperationsBeforeIncomeTaxesExtraordinaryItemsNoncontrollingInterest_636383096363489421" order="2" use="optional" weight="1" priority="2" />
    <loc xlink:type="locator" xlink:href="http://xbrl.fasb.org/us-gaap/2016/elts/us-gaap-2016-01-31.xsd#us-gaap_NonoperatingIncomeExpense" xlink:label="us-gaap_NonoperatingIncomeExpense_636383096363489421" />
    <calculationArc xlink:type="arc" xlink:arcrole="http://www.xbrl.org/2003/arcrole/summation-item" xlink:from="us-gaap_IncomeLossFromContinuingOperationsBeforeIncomeTaxesExtraordinaryItemsNoncontrollingInterest_636383096363489421" xlink:to="us-gaap_NonoperatingIncomeExpense_636383096363489421" order="1" use="optional" weight="1" priority="2" />
    <loc xlink:type="locator" xlink:href="http://xbrl.fasb.org/us-gaap/2016/elts/us-gaap-2016-01-31.xsd#us-gaap_OtherNonoperatingIncomeExpense" xlink:label="us-gaap_OtherNonoperatingIncomeExpense_636383096363489421" />
    <calculationArc xlink:type="arc" xlink:arcrole="http://www.xbrl.org/2003/arcrole/summation-item" xlink:from="us-gaap_NonoperatingIncomeExpense_636383096363489421" xlink:to="us-gaap_OtherNonoperatingIncomeExpense_636383096363489421" order="1" use="optional" weight="1" priority="2" />
    <loc xlink:type="locator" xlink:href="http://xbrl.fasb.org/us-gaap/2016/elts/us-gaap-2016-01-31.xsd#us-gaap_EffectOfExchangeRateOnCash" xlink:label="us-gaap_EffectOfExchangeRateOnCash_636383096363489421" />
    <calculationArc xlink:type="arc" xlink:arcrole="http://www.xbrl.org/2003/arcrole/summation-item" xlink:from="us-gaap_NonoperatingIncomeExpense_636383096363489421" xlink:to="us-gaap_EffectOfExchangeRateOnCash_636383096363489421" order="2" use="optional" weight="-1" priority="2" />
    <loc xlink:type="locator" xlink:href="mara-20170630.xsd#mara_GainOnFairValueAdjustmentOfCloudingEarnout" xlink:label="mara_GainOnFairValueAdjustmentOfCloudingEarnout_636383096363489421" />
    <calculationArc xlink:type="arc" xlink:arcrole="http://www.xbrl.org/2003/arcrole/summation-item" xlink:from="us-gaap_NonoperatingIncomeExpense_636383096363489421" xlink:to="mara_GainOnFairValueAdjustmentOfCloudingEarnout_636383096363489421" order="3" use="optional" weight="1" priority="2" />
    <loc xlink:type="locator" xlink:href="mara-20170630.xsd#mara_ClassOfWarrantOrRightIncomeOrExpenseRecognized" xlink:label="mara_ClassOfWarrantOrRightIncomeOrExpenseRecognized_636383096363489421" />
    <calculationArc xlink:type="arc" xlink:arcrole="http://www.xbrl.org/2003/arcrole/summation-item" xlink:from="us-gaap_NonoperatingIncomeExpense_636383096363489421" xlink:to="mara_ClassOfWarrantOrRightIncomeOrExpenseRecognized_636383096363489421" order="4" use="optional" weight="1" priority="2" />
    <loc xlink:type="locator" xlink:href="http://xbrl.fasb.org/us-gaap/2016/elts/us-gaap-2016-01-31.xsd#us-gaap_InvestmentIncomeInterest" xlink:label="us-gaap_InvestmentIncomeInterest_636383096363489421" />
    <calculationArc xlink:type="arc" xlink:arcrole="http://www.xbrl.org/2003/arcrole/summation-item" xlink:from="us-gaap_NonoperatingIncomeExpense_636383096363489421" xlink:to="us-gaap_InvestmentIncomeInterest_636383096363489421" order="5" use="optional" weight="1" priority="2" />
    <loc xlink:type="locator" xlink:href="http://xbrl.fasb.org/us-gaap/2016/elts/us-gaap-2016-01-31.xsd#us-gaap_InterestExpense" xlink:label="us-gaap_InterestExpense_636383096363489421" />
    <calculationArc xlink:type="arc" xlink:arcrole="http://www.xbrl.org/2003/arcrole/summation-item" xlink:from="us-gaap_NonoperatingIncomeExpense_636383096363489421" xlink:to="us-gaap_InterestExpense_636383096363489421" order="6" use="optional" weight="-1" priority="2" />
    <loc xlink:type="locator" xlink:href="http://xbrl.fasb.org/us-gaap/2016/elts/us-gaap-2016-01-31.xsd#us-gaap_OperatingIncomeLoss" xlink:label="us-gaap_OperatingIncomeLoss_636383096363489421" />
    <calculationArc xlink:type="arc" xlink:arcrole="http://www.xbrl.org/2003/arcrole/summation-item" xlink:from="us-gaap_IncomeLossFromContinuingOperationsBeforeIncomeTaxesExtraordinaryItemsNoncontrollingInterest_636383096363489421" xlink:to="us-gaap_OperatingIncomeLoss_636383096363489421" order="2" use="optional" weight="1" priority="2" />
    <loc xlink:type="locator" xlink:href="http://xbrl.fasb.org/us-gaap/2016/elts/us-gaap-2016-01-31.xsd#us-gaap_Revenues" xlink:label="us-gaap_Revenues_636383096363489421" />
    <calculationArc xlink:type="arc" xlink:arcrole="http://www.xbrl.org/2003/arcrole/summation-item" xlink:from="us-gaap_OperatingIncomeLoss_636383096363489421" xlink:to="us-gaap_Revenues_636383096363489421" order="1" use="optional" weight="1" priority="2" />
    <loc xlink:type="locator" xlink:href="http://xbrl.fasb.org/us-gaap/2016/elts/us-gaap-2016-01-31.xsd#us-gaap_OperatingExpenses" xlink:label="us-gaap_OperatingExpenses_636383096363499422" />
    <calculationArc xlink:type="arc" xlink:arcrole="http://www.xbrl.org/2003/arcrole/summation-item" xlink:from="us-gaap_OperatingIncomeLoss_636383096363489421" xlink:to="us-gaap_OperatingExpenses_636383096363499422" order="2" use="optional" weight="-1" priority="2" />
    <loc xlink:type="locator" xlink:href="http://xbrl.fasb.org/us-gaap/2016/elts/us-gaap-2016-01-31.xsd#us-gaap_CostOfRevenue" xlink:label="us-gaap_CostOfRevenue_636383096363499422" />
    <calculationArc xlink:type="arc" xlink:arcrole="http://www.xbrl.org/2003/arcrole/summation-item" xlink:from="us-gaap_OperatingExpenses_636383096363499422" xlink:to="us-gaap_CostOfRevenue_636383096363499422" order="1" use="optional" weight="1" priority="2" />
    <loc xlink:type="locator" xlink:href="http://xbrl.fasb.org/us-gaap/2016/elts/us-gaap-2016-01-31.xsd#us-gaap_AmortizationOfIntangibleAssets" xlink:label="us-gaap_AmortizationOfIntangibleAssets_636383096363499422" />
    <calculationArc xlink:type="arc" xlink:arcrole="http://www.xbrl.org/2003/arcrole/summation-item" xlink:from="us-gaap_OperatingExpenses_636383096363499422" xlink:to="us-gaap_AmortizationOfIntangibleAssets_636383096363499422" order="2" use="optional" weight="1" priority="2" />
    <loc xlink:type="locator" xlink:href="http://xbrl.fasb.org/us-gaap/2016/elts/us-gaap-2016-01-31.xsd#us-gaap_LaborAndRelatedExpense" xlink:label="us-gaap_LaborAndRelatedExpense_636383096363499422" />
    <calculationArc xlink:type="arc" xlink:arcrole="http://www.xbrl.org/2003/arcrole/summation-item" xlink:from="us-gaap_OperatingExpenses_636383096363499422" xlink:to="us-gaap_LaborAndRelatedExpense_636383096363499422" order="3" use="optional" weight="1" priority="2" />
    <loc xlink:type="locator" xlink:href="mara-20170630.xsd#mara_ProfessionalAndContractServicesExpenseBenefit" xlink:label="mara_ProfessionalAndContractServicesExpenseBenefit_636383096363499422" />
    <calculationArc xlink:type="arc" xlink:arcrole="http://www.xbrl.org/2003/arcrole/summation-item" xlink:from="us-gaap_OperatingExpenses_636383096363499422" xlink:to="mara_ProfessionalAndContractServicesExpenseBenefit_636383096363499422" order="4" use="optional" weight="1" priority="2" />
    <loc xlink:type="locator" xlink:href="http://xbrl.fasb.org/us-gaap/2016/elts/us-gaap-2016-01-31.xsd#us-gaap_ProfessionalFees" xlink:label="us-gaap_ProfessionalFees_636383096363499422" />
    <calculationArc xlink:type="arc" xlink:arcrole="http://www.xbrl.org/2003/arcrole/summation-item" xlink:from="us-gaap_OperatingExpenses_636383096363499422" xlink:to="us-gaap_ProfessionalFees_636383096363499422" order="5" use="optional" weight="1" priority="2" />
    <loc xlink:type="locator" xlink:href="http://xbrl.fasb.org/us-gaap/2016/elts/us-gaap-2016-01-31.xsd#us-gaap_GeneralAndAdministrativeExpense" xlink:label="us-gaap_GeneralAndAdministrativeExpense_636383096363499422" />
    <calculationArc xlink:type="arc" xlink:arcrole="http://www.xbrl.org/2003/arcrole/summation-item" xlink:from="us-gaap_OperatingExpenses_636383096363499422" xlink:to="us-gaap_GeneralAndAdministrativeExpense_636383096363499422" order="6" use="optional" weight="1" priority="2" />
    <loc xlink:type="locator" xlink:href="http://xbrl.fasb.org/us-gaap/2016/elts/us-gaap-2016-01-31.xsd#us-gaap_GoodwillImpairmentLoss" xlink:label="us-gaap_GoodwillImpairmentLoss_636383096363499422" />
    <calculationArc xlink:type="arc" xlink:arcrole="http://www.xbrl.org/2003/arcrole/summation-item" xlink:from="us-gaap_OperatingExpenses_636383096363499422" xlink:to="us-gaap_GoodwillImpairmentLoss_636383096363499422" order="7" use="optional" weight="1" priority="2" />
    <loc xlink:type="locator" xlink:href="http://xbrl.fasb.org/us-gaap/2016/elts/us-gaap-2016-01-31.xsd#us-gaap_ImpairmentOfIntangibleAssetsFinitelived" xlink:label="us-gaap_ImpairmentOfIntangibleAssetsFinitelived_636383096363499422" />
    <calculationArc xlink:type="arc" xlink:arcrole="http://www.xbrl.org/2003/arcrole/summation-item" xlink:from="us-gaap_OperatingExpenses_636383096363499422" xlink:to="us-gaap_ImpairmentOfIntangibleAssetsFinitelived_636383096363499422" order="8" use="optional" weight="1" priority="2" />
  </calculationLink>
  <calculationLink xlink:role="http://marathonpg.com/role/StatementConsolidatedCondensedStatementsOfOperationsAndComprehensiveIncomeCalc2" xlink:type="extended" xlink:title="00205 - Statement - CONSOLIDATED CONDENSED STATEMENTS OF OPERATIONS AND COMPREHENSIVE INCOME (Calc 2)" xmlns="http://www.xbrl.org/2003/linkbase">
    <loc xlink:type="locator" xlink:href="http://xbrl.fasb.org/us-gaap/2016/elts/us-gaap-2016-01-31.xsd#us-gaap_ComprehensiveIncomeNetOfTax" xlink:label="us-gaap_ComprehensiveIncomeNetOfTax" />
    <loc xlink:type="locator" xlink:href="http://xbrl.fasb.org/us-gaap/2016/elts/us-gaap-2016-01-31.xsd#us-gaap_ComprehensiveIncomeNetOfTaxAttributableToNoncontrollingInterest" xlink:label="us-gaap_ComprehensiveIncomeNetOfTaxAttributableToNoncontrollingInterest_636383096363499422" />
    <calculationArc xlink:type="arc" xlink:arcrole="http://www.xbrl.org/2003/arcrole/summation-item" xlink:from="us-gaap_ComprehensiveIncomeNetOfTax" xlink:to="us-gaap_ComprehensiveIncomeNetOfTaxAttributableToNoncontrollingInterest_636383096363499422" order="1" use="optional" weight="-1" priority="2" />
    <loc xlink:type="locator" xlink:href="http://xbrl.fasb.org/us-gaap/2016/elts/us-gaap-2016-01-31.xsd#us-gaap_ComprehensiveIncomeNetOfTaxIncludingPortionAttributableToNoncontrollingInterest" xlink:label="us-gaap_ComprehensiveIncomeNetOfTaxIncludingPortionAttributableToNoncontrollingInterest_636383096363499422" />
    <calculationArc xlink:type="arc" xlink:arcrole="http://www.xbrl.org/2003/arcrole/summation-item" xlink:from="us-gaap_ComprehensiveIncomeNetOfTax" xlink:to="us-gaap_ComprehensiveIncomeNetOfTaxIncludingPortionAttributableToNoncontrollingInterest_636383096363499422" order="2" use="optional" weight="1" priority="2" />
    <loc xlink:type="locator" xlink:href="http://xbrl.fasb.org/us-gaap/2016/elts/us-gaap-2016-01-31.xsd#us-gaap_OtherComprehensiveIncomeForeignCurrencyTransactionAndTranslationGainLossArisingDuringPeriodNetOfTax" xlink:label="us-gaap_OtherComprehensiveIncomeForeignCurrencyTransactionAndTranslationGainLossArisingDuringPeriodNetOfTax_636383096363499422" />
    <calculationArc xlink:type="arc" xlink:arcrole="http://www.xbrl.org/2003/arcrole/summation-item" xlink:from="us-gaap_ComprehensiveIncomeNetOfTaxIncludingPortionAttributableToNoncontrollingInterest_636383096363499422" xlink:to="us-gaap_OtherComprehensiveIncomeForeignCurrencyTransactionAndTranslationGainLossArisingDuringPeriodNetOfTax_636383096363499422" order="1" use="optional" weight="1" priority="2" />
    <loc xlink:type="locator" xlink:href="http://xbrl.fasb.org/us-gaap/2016/elts/us-gaap-2016-01-31.xsd#us-gaap_NetIncomeLoss" xlink:label="us-gaap_NetIncomeLoss_636383096363499422" />
    <calculationArc xlink:type="arc" xlink:arcrole="http://www.xbrl.org/2003/arcrole/summation-item" xlink:from="us-gaap_ComprehensiveIncomeNetOfTaxIncludingPortionAttributableToNoncontrollingInterest_636383096363499422" xlink:to="us-gaap_NetIncomeLoss_636383096363499422" order="2" use="optional" weight="1" priority="2" />
  </calculationLink>
  <calculationLink xlink:role="http://marathonpg.com/role/StatementConsolidatedCondensedStatementsOfCashFlows" xlink:type="extended" xlink:title="00300 - Statement - CONSOLIDATED CONDENSED STATEMENTS OF CASH FLOWS" xmlns="http://www.xbrl.org/2003/linkbase">
    <loc xlink:type="locator" xlink:href="http://xbrl.fasb.org/us-gaap/2016/elts/us-gaap-2016-01-31.xsd#us-gaap_CashAndCashEquivalentsPeriodIncreaseDecrease" xlink:label="us-gaap_CashAndCashEquivalentsPeriodIncreaseDecrease" />
    <loc xlink:type="locator" xlink:href="http://xbrl.fasb.org/us-gaap/2016/elts/us-gaap-2016-01-31.xsd#us-gaap_EffectOfExchangeRateOnCashAndCashEquivalents" xlink:label="us-gaap_EffectOfExchangeRateOnCashAndCashEquivalents_636383096363499422" />
    <calculationArc xlink:type="arc" xlink:arcrole="http://www.xbrl.org/2003/arcrole/summation-item" xlink:from="us-gaap_CashAndCashEquivalentsPeriodIncreaseDecrease" xlink:to="us-gaap_EffectOfExchangeRateOnCashAndCashEquivalents_636383096363499422" order="1" use="optional" weight="1" priority="3" />
    <loc xlink:type="locator" xlink:href="http://xbrl.fasb.org/us-gaap/2016/elts/us-gaap-2016-01-31.xsd#us-gaap_NetCashProvidedByUsedInOperatingActivities" xlink:label="us-gaap_NetCashProvidedByUsedInOperatingActivities_636383096363499422" />
    <calculationArc xlink:type="arc" xlink:arcrole="http://www.xbrl.org/2003/arcrole/summation-item" xlink:from="us-gaap_CashAndCashEquivalentsPeriodIncreaseDecrease" xlink:to="us-gaap_NetCashProvidedByUsedInOperatingActivities_636383096363499422" order="2" use="optional" weight="1" priority="2" />
    <loc xlink:type="locator" xlink:href="http://xbrl.fasb.org/us-gaap/2016/elts/us-gaap-2016-01-31.xsd#us-gaap_NetIncomeLoss" xlink:label="us-gaap_NetIncomeLoss_636383096363509423" />
    <calculationArc xlink:type="arc" xlink:arcrole="http://www.xbrl.org/2003/arcrole/summation-item" xlink:from="us-gaap_NetCashProvidedByUsedInOperatingActivities_636383096363499422" xlink:to="us-gaap_NetIncomeLoss_636383096363509423" order="1" use="optional" weight="1" priority="2" />
    <loc xlink:type="locator" xlink:href="http://xbrl.fasb.org/us-gaap/2016/elts/us-gaap-2016-01-31.xsd#us-gaap_Depreciation" xlink:label="us-gaap_Depreciation_636383096363509423" />
    <calculationArc xlink:type="arc" xlink:arcrole="http://www.xbrl.org/2003/arcrole/summation-item" xlink:from="us-gaap_NetCashProvidedByUsedInOperatingActivities_636383096363499422" xlink:to="us-gaap_Depreciation_636383096363509423" order="2" use="optional" weight="1" priority="4" />
    <loc xlink:type="locator" xlink:href="http://xbrl.fasb.org/us-gaap/2016/elts/us-gaap-2016-01-31.xsd#us-gaap_AmortizationOfIntangibleAssets" xlink:label="us-gaap_AmortizationOfIntangibleAssets_636383096363509423" />
    <calculationArc xlink:type="arc" xlink:arcrole="http://www.xbrl.org/2003/arcrole/summation-item" xlink:from="us-gaap_NetCashProvidedByUsedInOperatingActivities_636383096363499422" xlink:to="us-gaap_AmortizationOfIntangibleAssets_636383096363509423" order="3" use="optional" weight="1" priority="5" />
    <loc xlink:type="locator" xlink:href="mara-20170630.xsd#mara_IncreaseDecreaseInDeferredTaxAssets" xlink:label="mara_IncreaseDecreaseInDeferredTaxAssets_636383096363509423" />
    <calculationArc xlink:type="arc" xlink:arcrole="http://www.xbrl.org/2003/arcrole/summation-item" xlink:from="us-gaap_NetCashProvidedByUsedInOperatingActivities_636383096363499422" xlink:to="mara_IncreaseDecreaseInDeferredTaxAssets_636383096363509423" order="4" use="optional" weight="-1" priority="7" />
    <loc xlink:type="locator" xlink:href="mara-20170630.xsd#mara_IncreaseDecreaseInDeferredTaxLiabilities" xlink:label="mara_IncreaseDecreaseInDeferredTaxLiabilities_636383096363509423" />
    <calculationArc xlink:type="arc" xlink:arcrole="http://www.xbrl.org/2003/arcrole/summation-item" xlink:from="us-gaap_NetCashProvidedByUsedInOperatingActivities_636383096363499422" xlink:to="mara_IncreaseDecreaseInDeferredTaxLiabilities_636383096363509423" order="5" use="optional" weight="1" priority="5" />
    <loc xlink:type="locator" xlink:href="http://xbrl.fasb.org/us-gaap/2016/elts/us-gaap-2016-01-31.xsd#us-gaap_ImpairmentOfIntangibleAssetsExcludingGoodwill" xlink:label="us-gaap_ImpairmentOfIntangibleAssetsExcludingGoodwill_636383096363509423" />
    <calculationArc xlink:type="arc" xlink:arcrole="http://www.xbrl.org/2003/arcrole/summation-item" xlink:from="us-gaap_NetCashProvidedByUsedInOperatingActivities_636383096363499422" xlink:to="us-gaap_ImpairmentOfIntangibleAssetsExcludingGoodwill_636383096363509423" order="6" use="optional" weight="1" priority="4" />
    <loc xlink:type="locator" xlink:href="http://xbrl.fasb.org/us-gaap/2016/elts/us-gaap-2016-01-31.xsd#us-gaap_GoodwillImpairmentLoss" xlink:label="us-gaap_GoodwillImpairmentLoss_636383096363509423" />
    <calculationArc xlink:type="arc" xlink:arcrole="http://www.xbrl.org/2003/arcrole/summation-item" xlink:from="us-gaap_NetCashProvidedByUsedInOperatingActivities_636383096363499422" xlink:to="us-gaap_GoodwillImpairmentLoss_636383096363509423" order="7" use="optional" weight="1" priority="2" />
    <loc xlink:type="locator" xlink:href="http://xbrl.fasb.org/us-gaap/2016/elts/us-gaap-2016-01-31.xsd#us-gaap_ShareBasedCompensation" xlink:label="us-gaap_ShareBasedCompensation_636383096363509423" />
    <calculationArc xlink:type="arc" xlink:arcrole="http://www.xbrl.org/2003/arcrole/summation-item" xlink:from="us-gaap_NetCashProvidedByUsedInOperatingActivities_636383096363499422" xlink:to="us-gaap_ShareBasedCompensation_636383096363509423" order="8" use="optional" weight="1" priority="4" />
    <loc xlink:type="locator" xlink:href="http://xbrl.fasb.org/us-gaap/2016/elts/us-gaap-2016-01-31.xsd#us-gaap_IssuanceOfStockAndWarrantsForServicesOrClaims" xlink:label="us-gaap_IssuanceOfStockAndWarrantsForServicesOrClaims_636383096363509423" />
    <calculationArc xlink:type="arc" xlink:arcrole="http://www.xbrl.org/2003/arcrole/summation-item" xlink:from="us-gaap_NetCashProvidedByUsedInOperatingActivities_636383096363499422" xlink:to="us-gaap_IssuanceOfStockAndWarrantsForServicesOrClaims_636383096363509423" order="9" use="optional" weight="1" priority="5" />
    <loc xlink:type="locator" xlink:href="mara-20170630.xsd#mara_NoncashClosingCostsAndCommissions" xlink:label="mara_NoncashClosingCostsAndCommissions_636383096363509423" />
    <calculationArc xlink:type="arc" xlink:arcrole="http://www.xbrl.org/2003/arcrole/summation-item" xlink:from="us-gaap_NetCashProvidedByUsedInOperatingActivities_636383096363499422" xlink:to="mara_NoncashClosingCostsAndCommissions_636383096363509423" order="10" use="optional" weight="1" priority="4" />
    <loc xlink:type="locator" xlink:href="http://xbrl.fasb.org/us-gaap/2016/elts/us-gaap-2016-01-31.xsd#us-gaap_BusinessCombinationContingentConsiderationArrangementsChangeInAmountOfContingentConsiderationLiability1" xlink:label="us-gaap_BusinessCombinationContingentConsiderationArrangementsChangeInAmountOfContingentConsiderationLiability1_636383096363509423" />
    <calculationArc xlink:type="arc" xlink:arcrole="http://www.xbrl.org/2003/arcrole/summation-item" xlink:from="us-gaap_NetCashProvidedByUsedInOperatingActivities_636383096363499422" xlink:to="us-gaap_BusinessCombinationContingentConsiderationArrangementsChangeInAmountOfContingentConsiderationLiability1_636383096363509423" order="11" use="optional" weight="1" priority="8" />
    <loc xlink:type="locator" xlink:href="http://xbrl.fasb.org/us-gaap/2016/elts/us-gaap-2016-01-31.xsd#us-gaap_ProvisionForDoubtfulAccounts" xlink:label="us-gaap_ProvisionForDoubtfulAccounts_636383096363509423" />
    <calculationArc xlink:type="arc" xlink:arcrole="http://www.xbrl.org/2003/arcrole/summation-item" xlink:from="us-gaap_NetCashProvidedByUsedInOperatingActivities_636383096363499422" xlink:to="us-gaap_ProvisionForDoubtfulAccounts_636383096363509423" order="12" use="optional" weight="1" priority="2" />
    <loc xlink:type="locator" xlink:href="mara-20170630.xsd#mara_AdjustmentsNonControllingInterestToReconcileNetIncomeLossToCashProvidedByUsedInOperatingActivities" xlink:label="mara_AdjustmentsNonControllingInterestToReconcileNetIncomeLossToCashProvidedByUsedInOperatingActivities_636383096363509423" />
    <calculationArc xlink:type="arc" xlink:arcrole="http://www.xbrl.org/2003/arcrole/summation-item" xlink:from="us-gaap_NetCashProvidedByUsedInOperatingActivities_636383096363499422" xlink:to="mara_AdjustmentsNonControllingInterestToReconcileNetIncomeLossToCashProvidedByUsedInOperatingActivities_636383096363509423" order="13" use="optional" weight="-1" priority="4" />
    <loc xlink:type="locator" xlink:href="http://xbrl.fasb.org/us-gaap/2016/elts/us-gaap-2016-01-31.xsd#us-gaap_OtherNoncashIncomeExpense" xlink:label="us-gaap_OtherNoncashIncomeExpense_636383096363509423" />
    <calculationArc xlink:type="arc" xlink:arcrole="http://www.xbrl.org/2003/arcrole/summation-item" xlink:from="us-gaap_NetCashProvidedByUsedInOperatingActivities_636383096363499422" xlink:to="us-gaap_OtherNoncashIncomeExpense_636383096363509423" order="14" use="optional" weight="-1" priority="7" />
    <loc xlink:type="locator" xlink:href="http://xbrl.fasb.org/us-gaap/2016/elts/us-gaap-2016-01-31.xsd#us-gaap_IncreaseDecreaseInAccountsReceivable" xlink:label="us-gaap_IncreaseDecreaseInAccountsReceivable_636383096363509423" />
    <calculationArc xlink:type="arc" xlink:arcrole="http://www.xbrl.org/2003/arcrole/summation-item" xlink:from="us-gaap_NetCashProvidedByUsedInOperatingActivities_636383096363499422" xlink:to="us-gaap_IncreaseDecreaseInAccountsReceivable_636383096363509423" order="15" use="optional" weight="-1" priority="6" />
    <loc xlink:type="locator" xlink:href="mara-20170630.xsd#mara_IncreaseDecreaseInBondsPostedWithCourts" xlink:label="mara_IncreaseDecreaseInBondsPostedWithCourts_636383096363509423" />
    <calculationArc xlink:type="arc" xlink:arcrole="http://www.xbrl.org/2003/arcrole/summation-item" xlink:from="us-gaap_NetCashProvidedByUsedInOperatingActivities_636383096363499422" xlink:to="mara_IncreaseDecreaseInBondsPostedWithCourts_636383096363509423" order="16" use="optional" weight="-1" priority="3" />
    <loc xlink:type="locator" xlink:href="http://xbrl.fasb.org/us-gaap/2016/elts/us-gaap-2016-01-31.xsd#us-gaap_IncreaseDecreaseInPrepaidDeferredExpenseAndOtherAssets" xlink:label="us-gaap_IncreaseDecreaseInPrepaidDeferredExpenseAndOtherAssets_636383096363509423" />
    <calculationArc xlink:type="arc" xlink:arcrole="http://www.xbrl.org/2003/arcrole/summation-item" xlink:from="us-gaap_NetCashProvidedByUsedInOperatingActivities_636383096363499422" xlink:to="us-gaap_IncreaseDecreaseInPrepaidDeferredExpenseAndOtherAssets_636383096363509423" order="17" use="optional" weight="-1" priority="7" />
    <loc xlink:type="locator" xlink:href="http://xbrl.fasb.org/us-gaap/2016/elts/us-gaap-2016-01-31.xsd#us-gaap_IncreaseDecreaseInOtherNoncurrentAssets" xlink:label="us-gaap_IncreaseDecreaseInOtherNoncurrentAssets_636383096363509423" />
    <calculationArc xlink:type="arc" xlink:arcrole="http://www.xbrl.org/2003/arcrole/summation-item" xlink:from="us-gaap_NetCashProvidedByUsedInOperatingActivities_636383096363499422" xlink:to="us-gaap_IncreaseDecreaseInOtherNoncurrentAssets_636383096363509423" order="18" use="optional" weight="-1" priority="5" />
    <loc xlink:type="locator" xlink:href="http://xbrl.fasb.org/us-gaap/2016/elts/us-gaap-2016-01-31.xsd#us-gaap_IncreaseDecreaseInAccountsPayableAndAccruedLiabilities" xlink:label="us-gaap_IncreaseDecreaseInAccountsPayableAndAccruedLiabilities_636383096363519424" />
    <calculationArc xlink:type="arc" xlink:arcrole="http://www.xbrl.org/2003/arcrole/summation-item" xlink:from="us-gaap_NetCashProvidedByUsedInOperatingActivities_636383096363499422" xlink:to="us-gaap_IncreaseDecreaseInAccountsPayableAndAccruedLiabilities_636383096363519424" order="19" use="optional" weight="1" priority="5" />
    <loc xlink:type="locator" xlink:href="http://xbrl.fasb.org/us-gaap/2016/elts/us-gaap-2016-01-31.xsd#us-gaap_NetCashProvidedByUsedInInvestingActivities" xlink:label="us-gaap_NetCashProvidedByUsedInInvestingActivities_636383096363519424" />
    <calculationArc xlink:type="arc" xlink:arcrole="http://www.xbrl.org/2003/arcrole/summation-item" xlink:from="us-gaap_CashAndCashEquivalentsPeriodIncreaseDecrease" xlink:to="us-gaap_NetCashProvidedByUsedInInvestingActivities_636383096363519424" order="3" use="optional" weight="1" priority="2" />
    <loc xlink:type="locator" xlink:href="http://xbrl.fasb.org/us-gaap/2016/elts/us-gaap-2016-01-31.xsd#us-gaap_PaymentsToAcquireIntangibleAssets" xlink:label="us-gaap_PaymentsToAcquireIntangibleAssets_636383096363519424" />
    <calculationArc xlink:type="arc" xlink:arcrole="http://www.xbrl.org/2003/arcrole/summation-item" xlink:from="us-gaap_NetCashProvidedByUsedInInvestingActivities_636383096363519424" xlink:to="us-gaap_PaymentsToAcquireIntangibleAssets_636383096363519424" order="1" use="optional" weight="-1" priority="3" />
    <loc xlink:type="locator" xlink:href="http://xbrl.fasb.org/us-gaap/2016/elts/us-gaap-2016-01-31.xsd#us-gaap_PaymentsToAcquirePropertyPlantAndEquipment" xlink:label="us-gaap_PaymentsToAcquirePropertyPlantAndEquipment_636383096363519424" />
    <calculationArc xlink:type="arc" xlink:arcrole="http://www.xbrl.org/2003/arcrole/summation-item" xlink:from="us-gaap_NetCashProvidedByUsedInInvestingActivities_636383096363519424" xlink:to="us-gaap_PaymentsToAcquirePropertyPlantAndEquipment_636383096363519424" order="2" use="optional" weight="-1" priority="2" />
    <loc xlink:type="locator" xlink:href="http://xbrl.fasb.org/us-gaap/2016/elts/us-gaap-2016-01-31.xsd#us-gaap_NetCashProvidedByUsedInFinancingActivities" xlink:label="us-gaap_NetCashProvidedByUsedInFinancingActivities_636383096363519424" />
    <calculationArc xlink:type="arc" xlink:arcrole="http://www.xbrl.org/2003/arcrole/summation-item" xlink:from="us-gaap_CashAndCashEquivalentsPeriodIncreaseDecrease" xlink:to="us-gaap_NetCashProvidedByUsedInFinancingActivities_636383096363519424" order="4" use="optional" weight="1" priority="2" />
    <loc xlink:type="locator" xlink:href="http://xbrl.fasb.org/us-gaap/2016/elts/us-gaap-2016-01-31.xsd#us-gaap_ProceedsFromIssuanceOfCommonStock" xlink:label="us-gaap_ProceedsFromIssuanceOfCommonStock_636383096363559428" />
    <calculationArc xlink:type="arc" xlink:arcrole="http://www.xbrl.org/2003/arcrole/summation-item" xlink:from="us-gaap_NetCashProvidedByUsedInFinancingActivities_636383096363519424" xlink:to="us-gaap_ProceedsFromIssuanceOfCommonStock_636383096363559428" order="1" use="optional" weight="1" priority="4" />
    <loc xlink:type="locator" xlink:href="http://xbrl.fasb.org/us-gaap/2016/elts/us-gaap-2016-01-31.xsd#us-gaap_ProceedsFromIssuanceOfWarrants" xlink:label="us-gaap_ProceedsFromIssuanceOfWarrants_636383096363559428" />
    <calculationArc xlink:type="arc" xlink:arcrole="http://www.xbrl.org/2003/arcrole/summation-item" xlink:from="us-gaap_NetCashProvidedByUsedInFinancingActivities_636383096363519424" xlink:to="us-gaap_ProceedsFromIssuanceOfWarrants_636383096363559428" order="2" use="optional" weight="1" priority="4" />
    <loc xlink:type="locator" xlink:href="http://xbrl.fasb.org/us-gaap/2016/elts/us-gaap-2016-01-31.xsd#us-gaap_RepaymentsOfNotesPayable" xlink:label="us-gaap_RepaymentsOfNotesPayable_636383096363559428" />
    <calculationArc xlink:type="arc" xlink:arcrole="http://www.xbrl.org/2003/arcrole/summation-item" xlink:from="us-gaap_NetCashProvidedByUsedInFinancingActivities_636383096363519424" xlink:to="us-gaap_RepaymentsOfNotesPayable_636383096363559428" order="3" use="optional" weight="-1" priority="3" />
    <loc xlink:type="locator" xlink:href="mara-20170630.xsd#mara_PaymentsOnNotesPayable" xlink:label="mara_PaymentsOnNotesPayable_636383096363559428" />
    <calculationArc xlink:type="arc" xlink:arcrole="http://www.xbrl.org/2003/arcrole/summation-item" xlink:from="us-gaap_NetCashProvidedByUsedInFinancingActivities_636383096363519424" xlink:to="mara_PaymentsOnNotesPayable_636383096363559428" order="4" use="optional" weight="-1" priority="3" />
    <loc xlink:type="locator" xlink:href="http://xbrl.fasb.org/us-gaap/2016/elts/us-gaap-2016-01-31.xsd#us-gaap_ProceedsFromNotesPayable" xlink:label="us-gaap_ProceedsFromNotesPayable_636383096363569429" />
    <calculationArc xlink:type="arc" xlink:arcrole="http://www.xbrl.org/2003/arcrole/summation-item" xlink:from="us-gaap_NetCashProvidedByUsedInFinancingActivities_636383096363519424" xlink:to="us-gaap_ProceedsFromNotesPayable_636383096363569429" order="5" use="optional" weight="1" priority="3" />
  </calculationLink>
  <calculationLink xlink:role="http://marathonpg.com/role/DisclosureAcquisitionsCloudingCorpDetails" xlink:type="extended" xlink:title="40301 - Disclosure - ACQUISITIONS - Clouding Corp (Details)" xmlns="http://www.xbrl.org/2003/linkbase">
    <loc xlink:type="locator" xlink:href="http://xbrl.fasb.org/us-gaap/2016/elts/us-gaap-2016-01-31.xsd#us-gaap_BusinessCombinationConsiderationTransferred1" xlink:label="us-gaap_BusinessCombinationConsiderationTransferred1" />
    <loc xlink:type="locator" xlink:href="http://xbrl.fasb.org/us-gaap/2016/elts/us-gaap-2016-01-31.xsd#us-gaap_PaymentsToAcquireBusinessesGross" xlink:label="us-gaap_PaymentsToAcquireBusinessesGross_636383096363569429" />
    <calculationArc xlink:type="arc" xlink:arcrole="http://www.xbrl.org/2003/arcrole/summation-item" xlink:from="us-gaap_BusinessCombinationConsiderationTransferred1" xlink:to="us-gaap_PaymentsToAcquireBusinessesGross_636383096363569429" order="1" use="optional" weight="1" priority="3" />
    <loc xlink:type="locator" xlink:href="http://xbrl.fasb.org/us-gaap/2016/elts/us-gaap-2016-01-31.xsd#us-gaap_BusinessCombinationConsiderationTransferredLiabilitiesIncurred" xlink:label="us-gaap_BusinessCombinationConsiderationTransferredLiabilitiesIncurred_636383096363569429" />
    <calculationArc xlink:type="arc" xlink:arcrole="http://www.xbrl.org/2003/arcrole/summation-item" xlink:from="us-gaap_BusinessCombinationConsiderationTransferred1" xlink:to="us-gaap_BusinessCombinationConsiderationTransferredLiabilitiesIncurred_636383096363569429" order="2" use="optional" weight="1" priority="3" />
    <loc xlink:type="locator" xlink:href="http://xbrl.fasb.org/us-gaap/2016/elts/us-gaap-2016-01-31.xsd#us-gaap_BusinessCombinationConsiderationTransferredEquityInterestsIssuedAndIssuable" xlink:label="us-gaap_BusinessCombinationConsiderationTransferredEquityInterestsIssuedAndIssuable_636383096363569429" />
    <calculationArc xlink:type="arc" xlink:arcrole="http://www.xbrl.org/2003/arcrole/summation-item" xlink:from="us-gaap_BusinessCombinationConsiderationTransferred1" xlink:to="us-gaap_BusinessCombinationConsiderationTransferredEquityInterestsIssuedAndIssuable_636383096363569429" order="3" use="optional" weight="1" priority="3" />
    <loc xlink:type="locator" xlink:href="http://xbrl.fasb.org/us-gaap/2016/elts/us-gaap-2016-01-31.xsd#us-gaap_BusinessCombinationConsiderationTransferredOther1" xlink:label="us-gaap_BusinessCombinationConsiderationTransferredOther1_636383096363569429" />
    <calculationArc xlink:type="arc" xlink:arcrole="http://www.xbrl.org/2003/arcrole/summation-item" xlink:from="us-gaap_BusinessCombinationConsiderationTransferred1" xlink:to="us-gaap_BusinessCombinationConsiderationTransferredOther1_636383096363569429" order="4" use="optional" weight="1" priority="3" />
    <loc xlink:type="locator" xlink:href="http://xbrl.fasb.org/us-gaap/2016/elts/us-gaap-2016-01-31.xsd#us-gaap_BusinessCombinationRecognizedIdentifiableAssetsAcquiredGoodwillAndLiabilitiesAssumedLessNoncontrollingInterest" xlink:label="us-gaap_BusinessCombinationRecognizedIdentifiableAssetsAcquiredGoodwillAndLiabilitiesAssumedLessNoncontrollingInterest" />
    <loc xlink:type="locator" xlink:href="http://xbrl.fasb.org/us-gaap/2016/elts/us-gaap-2016-01-31.xsd#us-gaap_BusinessCombinationRecognizedIdentifiableAssetsAcquiredAndLiabilitiesAssumedIntangibleAssetsOtherThanGoodwill" xlink:label="us-gaap_BusinessCombinationRecognizedIdentifiableAssetsAcquiredAndLiabilitiesAssumedIntangibleAssetsOtherThanGoodwill_636383096363569429" />
    <calculationArc xlink:type="arc" xlink:arcrole="http://www.xbrl.org/2003/arcrole/summation-item" xlink:from="us-gaap_BusinessCombinationRecognizedIdentifiableAssetsAcquiredGoodwillAndLiabilitiesAssumedLessNoncontrollingInterest" xlink:to="us-gaap_BusinessCombinationRecognizedIdentifiableAssetsAcquiredAndLiabilitiesAssumedIntangibleAssetsOtherThanGoodwill_636383096363569429" order="1" use="optional" weight="1" priority="2" />
    <loc xlink:type="locator" xlink:href="http://xbrl.fasb.org/us-gaap/2016/elts/us-gaap-2016-01-31.xsd#us-gaap_Goodwill" xlink:label="us-gaap_Goodwill_636383096363569429" />
    <calculationArc xlink:type="arc" xlink:arcrole="http://www.xbrl.org/2003/arcrole/summation-item" xlink:from="us-gaap_BusinessCombinationRecognizedIdentifiableAssetsAcquiredGoodwillAndLiabilitiesAssumedLessNoncontrollingInterest" xlink:to="us-gaap_Goodwill_636383096363569429" order="2" use="optional" weight="1" priority="2" />
  </calculationLink>
  <calculationLink xlink:role="http://marathonpg.com/role/DisclosureIntangibleAssetsDetails" xlink:type="extended" xlink:title="40401 - Disclosure - INTANGIBLE ASSETS (Details)" xmlns="http://www.xbrl.org/2003/linkbase">
    <loc xlink:type="locator" xlink:href="http://xbrl.fasb.org/us-gaap/2016/elts/us-gaap-2016-01-31.xsd#us-gaap_FiniteLivedIntangibleAssetsNet" xlink:label="us-gaap_FiniteLivedIntangibleAssetsNet" />
    <loc xlink:type="locator" xlink:href="http://xbrl.fasb.org/us-gaap/2016/elts/us-gaap-2016-01-31.xsd#us-gaap_FiniteLivedIntangibleAssetsGross" xlink:label="us-gaap_FiniteLivedIntangibleAssetsGross_636383096363569429" />
    <calculationArc xlink:type="arc" xlink:arcrole="http://www.xbrl.org/2003/arcrole/summation-item" xlink:from="us-gaap_FiniteLivedIntangibleAssetsNet" xlink:to="us-gaap_FiniteLivedIntangibleAssetsGross_636383096363569429" order="1" use="optional" weight="1" priority="3" />
    <loc xlink:type="locator" xlink:href="http://xbrl.fasb.org/us-gaap/2016/elts/us-gaap-2016-01-31.xsd#us-gaap_FiniteLivedIntangibleAssetsAccumulatedAmortization" xlink:label="us-gaap_FiniteLivedIntangibleAssetsAccumulatedAmortization_636383096363569429" />
    <calculationArc xlink:type="arc" xlink:arcrole="http://www.xbrl.org/2003/arcrole/summation-item" xlink:from="us-gaap_FiniteLivedIntangibleAssetsNet" xlink:to="us-gaap_FiniteLivedIntangibleAssetsAccumulatedAmortization_636383096363569429" order="2" use="optional" weight="-1" priority="2" />
  </calculationLink>
  <calculationLink xlink:role="http://marathonpg.com/role/DisclosureIntangibleAssetsFutureAmortizationOfIntangibleAssetsDetails" xlink:type="extended" xlink:title="40402 - Disclosure - INTANGIBLE ASSETS - Future amortization of intangible assets (Details)" xmlns="http://www.xbrl.org/2003/linkbase">
    <loc xlink:type="locator" xlink:href="http://xbrl.fasb.org/us-gaap/2016/elts/us-gaap-2016-01-31.xsd#us-gaap_IntangibleAssetsNetExcludingGoodwill" xlink:label="us-gaap_IntangibleAssetsNetExcludingGoodwill" />
    <loc xlink:type="locator" xlink:href="http://xbrl.fasb.org/us-gaap/2016/elts/us-gaap-2016-01-31.xsd#us-gaap_FiniteLivedIntangibleAssetsAmortizationExpenseRemainderOfFiscalYear" xlink:label="us-gaap_FiniteLivedIntangibleAssetsAmortizationExpenseRemainderOfFiscalYear_636383096363569429" />
    <calculationArc xlink:type="arc" xlink:arcrole="http://www.xbrl.org/2003/arcrole/summation-item" xlink:from="us-gaap_IntangibleAssetsNetExcludingGoodwill" xlink:to="us-gaap_FiniteLivedIntangibleAssetsAmortizationExpenseRemainderOfFiscalYear_636383096363569429" order="1" use="optional" weight="1" priority="2" />
    <loc xlink:type="locator" xlink:href="http://xbrl.fasb.org/us-gaap/2016/elts/us-gaap-2016-01-31.xsd#us-gaap_FiniteLivedIntangibleAssetsAmortizationExpenseYearTwo" xlink:label="us-gaap_FiniteLivedIntangibleAssetsAmortizationExpenseYearTwo_636383096363569429" />
    <calculationArc xlink:type="arc" xlink:arcrole="http://www.xbrl.org/2003/arcrole/summation-item" xlink:from="us-gaap_IntangibleAssetsNetExcludingGoodwill" xlink:to="us-gaap_FiniteLivedIntangibleAssetsAmortizationExpenseYearTwo_636383096363569429" order="2" use="optional" weight="1" priority="3" />
    <loc xlink:type="locator" xlink:href="http://xbrl.fasb.org/us-gaap/2016/elts/us-gaap-2016-01-31.xsd#us-gaap_FiniteLivedIntangibleAssetsAmortizationExpenseYearThree" xlink:label="us-gaap_FiniteLivedIntangibleAssetsAmortizationExpenseYearThree_636383096363569429" />
    <calculationArc xlink:type="arc" xlink:arcrole="http://www.xbrl.org/2003/arcrole/summation-item" xlink:from="us-gaap_IntangibleAssetsNetExcludingGoodwill" xlink:to="us-gaap_FiniteLivedIntangibleAssetsAmortizationExpenseYearThree_636383096363569429" order="3" use="optional" weight="1" priority="3" />
    <loc xlink:type="locator" xlink:href="http://xbrl.fasb.org/us-gaap/2016/elts/us-gaap-2016-01-31.xsd#us-gaap_FiniteLivedIntangibleAssetsAmortizationExpenseYearFour" xlink:label="us-gaap_FiniteLivedIntangibleAssetsAmortizationExpenseYearFour_636383096363569429" />
    <calculationArc xlink:type="arc" xlink:arcrole="http://www.xbrl.org/2003/arcrole/summation-item" xlink:from="us-gaap_IntangibleAssetsNetExcludingGoodwill" xlink:to="us-gaap_FiniteLivedIntangibleAssetsAmortizationExpenseYearFour_636383096363569429" order="4" use="optional" weight="1" priority="3" />
    <loc xlink:type="locator" xlink:href="http://xbrl.fasb.org/us-gaap/2016/elts/us-gaap-2016-01-31.xsd#us-gaap_FiniteLivedIntangibleAssetsAmortizationExpenseYearFive" xlink:label="us-gaap_FiniteLivedIntangibleAssetsAmortizationExpenseYearFive_636383096363579430" />
    <calculationArc xlink:type="arc" xlink:arcrole="http://www.xbrl.org/2003/arcrole/summation-item" xlink:from="us-gaap_IntangibleAssetsNetExcludingGoodwill" xlink:to="us-gaap_FiniteLivedIntangibleAssetsAmortizationExpenseYearFive_636383096363579430" order="5" use="optional" weight="1" priority="3" />
    <loc xlink:type="locator" xlink:href="http://xbrl.fasb.org/us-gaap/2016/elts/us-gaap-2016-01-31.xsd#us-gaap_FiniteLivedIntangibleAssetsAmortizationExpenseAfterYearFive" xlink:label="us-gaap_FiniteLivedIntangibleAssetsAmortizationExpenseAfterYearFive_636383096363579430" />
    <calculationArc xlink:type="arc" xlink:arcrole="http://www.xbrl.org/2003/arcrole/summation-item" xlink:from="us-gaap_IntangibleAssetsNetExcludingGoodwill" xlink:to="us-gaap_FiniteLivedIntangibleAssetsAmortizationExpenseAfterYearFive_636383096363579430" order="6" use="optional" weight="1" priority="2" />
  </calculationLink>
  <calculationLink xlink:role="http://marathonpg.com/role/DisclosureDebtCommitmentsAndContingenciesSummaryOfDebtDetails" xlink:type="extended" xlink:title="40601 - Disclosure - DEBT, COMMITMENTS AND CONTINGENCIES - Summary of Debt (Details)" xmlns="http://www.xbrl.org/2003/linkbase">
    <loc xlink:type="locator" xlink:href="http://xbrl.fasb.org/us-gaap/2016/elts/us-gaap-2016-01-31.xsd#us-gaap_LongTermDebt" xlink:label="us-gaap_LongTermDebt" />
    <loc xlink:type="locator" xlink:href="http://xbrl.fasb.org/us-gaap/2016/elts/us-gaap-2016-01-31.xsd#us-gaap_DebtInstrumentCarryingAmount" xlink:label="us-gaap_DebtInstrumentCarryingAmount_636383096363579430" />
    <calculationArc xlink:type="arc" xlink:arcrole="http://www.xbrl.org/2003/arcrole/summation-item" xlink:from="us-gaap_LongTermDebt" xlink:to="us-gaap_DebtInstrumentCarryingAmount_636383096363579430" order="1" use="optional" weight="1" priority="2" />
    <loc xlink:type="locator" xlink:href="http://xbrl.fasb.org/us-gaap/2016/elts/us-gaap-2016-01-31.xsd#us-gaap_DebtInstrumentUnamortizedDiscount" xlink:label="us-gaap_DebtInstrumentUnamortizedDiscount_636383096363579430" />
    <calculationArc xlink:type="arc" xlink:arcrole="http://www.xbrl.org/2003/arcrole/summation-item" xlink:from="us-gaap_LongTermDebt" xlink:to="us-gaap_DebtInstrumentUnamortizedDiscount_636383096363579430" order="2" use="optional" weight="-1" priority="2" />
  </calculationLink>
  <calculationLink xlink:role="http://marathonpg.com/role/DisclosureDebtCommitmentsAndContingenciesFutureMinimumPrincipalPaymentsDetails" xlink:type="extended" xlink:title="40607 - Disclosure - DEBT, COMMITMENTS AND CONTINGENCIES - Future Minimum Principal Payments (Details)" xmlns="http://www.xbrl.org/2003/linkbase">
    <loc xlink:type="locator" xlink:href="http://xbrl.fasb.org/us-gaap/2016/elts/us-gaap-2016-01-31.xsd#us-gaap_LongTermDebt" xlink:label="us-gaap_LongTermDebt" />
    <loc xlink:type="locator" xlink:href="http://xbrl.fasb.org/us-gaap/2016/elts/us-gaap-2016-01-31.xsd#us-gaap_LongTermDebtMaturitiesRepaymentsOfPrincipalRemainderOfFiscalYear" xlink:label="us-gaap_LongTermDebtMaturitiesRepaymentsOfPrincipalRemainderOfFiscalYear_636383096363579430" />
    <calculationArc xlink:type="arc" xlink:arcrole="http://www.xbrl.org/2003/arcrole/summation-item" xlink:from="us-gaap_LongTermDebt" xlink:to="us-gaap_LongTermDebtMaturitiesRepaymentsOfPrincipalRemainderOfFiscalYear_636383096363579430" order="1" use="optional" weight="1" priority="2" />
    <loc xlink:type="locator" xlink:href="http://xbrl.fasb.org/us-gaap/2016/elts/us-gaap-2016-01-31.xsd#us-gaap_LongTermDebtMaturitiesRepaymentsOfPrincipalInYearTwo" xlink:label="us-gaap_LongTermDebtMaturitiesRepaymentsOfPrincipalInYearTwo_636383096363579430" />
    <calculationArc xlink:type="arc" xlink:arcrole="http://www.xbrl.org/2003/arcrole/summation-item" xlink:from="us-gaap_LongTermDebt" xlink:to="us-gaap_LongTermDebtMaturitiesRepaymentsOfPrincipalInYearTwo_636383096363579430" order="2" use="optional" weight="1" priority="2" />
    <loc xlink:type="locator" xlink:href="http://xbrl.fasb.org/us-gaap/2016/elts/us-gaap-2016-01-31.xsd#us-gaap_LongTermDebtMaturitiesRepaymentsOfPrincipalInYearThree" xlink:label="us-gaap_LongTermDebtMaturitiesRepaymentsOfPrincipalInYearThree_636383096363579430" />
    <calculationArc xlink:type="arc" xlink:arcrole="http://www.xbrl.org/2003/arcrole/summation-item" xlink:from="us-gaap_LongTermDebt" xlink:to="us-gaap_LongTermDebtMaturitiesRepaymentsOfPrincipalInYearThree_636383096363579430" order="3" use="optional" weight="1" priority="2" />
    <loc xlink:type="locator" xlink:href="http://xbrl.fasb.org/us-gaap/2016/elts/us-gaap-2016-01-31.xsd#us-gaap_LongTermDebtMaturitiesRepaymentsOfPrincipalInYearFour" xlink:label="us-gaap_LongTermDebtMaturitiesRepaymentsOfPrincipalInYearFour_636383096363579430" />
    <calculationArc xlink:type="arc" xlink:arcrole="http://www.xbrl.org/2003/arcrole/summation-item" xlink:from="us-gaap_LongTermDebt" xlink:to="us-gaap_LongTermDebtMaturitiesRepaymentsOfPrincipalInYearFour_636383096363579430" order="4" use="optional" weight="1" priority="2" />
  </calculationLink>
  <calculationLink xlink:role="http://marathonpg.com/role/DisclosureDebtCommitmentsAndContingenciesOfficeLeaseAndLegalProceedingsDetails" xlink:type="extended" xlink:title="40608 - Disclosure - DEBT, COMMITMENTS AND CONTINGENCIES - Office Lease and Legal Proceedings (Details)" xmlns="http://www.xbrl.org/2003/linkbase">
    <loc xlink:type="locator" xlink:href="http://xbrl.fasb.org/us-gaap/2016/elts/us-gaap-2016-01-31.xsd#us-gaap_OperatingLeasesFutureMinimumPaymentsDue" xlink:label="us-gaap_OperatingLeasesFutureMinimumPaymentsDue" />
    <loc xlink:type="locator" xlink:href="http://xbrl.fasb.org/us-gaap/2016/elts/us-gaap-2016-01-31.xsd#us-gaap_OperatingLeasesFutureMinimumPaymentsRemainderOfFiscalYear" xlink:label="us-gaap_OperatingLeasesFutureMinimumPaymentsRemainderOfFiscalYear_636383096363579430" />
    <calculationArc xlink:type="arc" xlink:arcrole="http://www.xbrl.org/2003/arcrole/summation-item" xlink:from="us-gaap_OperatingLeasesFutureMinimumPaymentsDue" xlink:to="us-gaap_OperatingLeasesFutureMinimumPaymentsRemainderOfFiscalYear_636383096363579430" order="1" use="optional" weight="1" priority="2" />
    <loc xlink:type="locator" xlink:href="http://xbrl.fasb.org/us-gaap/2016/elts/us-gaap-2016-01-31.xsd#us-gaap_OperatingLeasesFutureMinimumPaymentsDueInTwoYears" xlink:label="us-gaap_OperatingLeasesFutureMinimumPaymentsDueInTwoYears_636383096363579430" />
    <calculationArc xlink:type="arc" xlink:arcrole="http://www.xbrl.org/2003/arcrole/summation-item" xlink:from="us-gaap_OperatingLeasesFutureMinimumPaymentsDue" xlink:to="us-gaap_OperatingLeasesFutureMinimumPaymentsDueInTwoYears_636383096363579430" order="2" use="optional" weight="1" priority="2" />
    <loc xlink:type="locator" xlink:href="http://xbrl.fasb.org/us-gaap/2016/elts/us-gaap-2016-01-31.xsd#us-gaap_OperatingLeasesFutureMinimumPaymentsDueInThreeYears" xlink:label="us-gaap_OperatingLeasesFutureMinimumPaymentsDueInThreeYears_636383096363579430" />
    <calculationArc xlink:type="arc" xlink:arcrole="http://www.xbrl.org/2003/arcrole/summation-item" xlink:from="us-gaap_OperatingLeasesFutureMinimumPaymentsDue" xlink:to="us-gaap_OperatingLeasesFutureMinimumPaymentsDueInThreeYears_636383096363579430" order="3" use="optional" weight="1" priority="2" />
    <loc xlink:type="locator" xlink:href="http://xbrl.fasb.org/us-gaap/2016/elts/us-gaap-2016-01-31.xsd#us-gaap_OperatingLeasesFutureMinimumPaymentsDueInFourYears" xlink:label="us-gaap_OperatingLeasesFutureMinimumPaymentsDueInFourYears_636383096363579430" />
    <calculationArc xlink:type="arc" xlink:arcrole="http://www.xbrl.org/2003/arcrole/summation-item" xlink:from="us-gaap_OperatingLeasesFutureMinimumPaymentsDue" xlink:to="us-gaap_OperatingLeasesFutureMinimumPaymentsDueInFourYears_636383096363579430" order="4" use="optional" weight="1" priority="2" />
    <loc xlink:type="locator" xlink:href="http://xbrl.fasb.org/us-gaap/2016/elts/us-gaap-2016-01-31.xsd#us-gaap_OperatingLeasesFutureMinimumPaymentsDueInFiveYears" xlink:label="us-gaap_OperatingLeasesFutureMinimumPaymentsDueInFiveYears_636383096363579430" />
    <calculationArc xlink:type="arc" xlink:arcrole="http://www.xbrl.org/2003/arcrole/summation-item" xlink:from="us-gaap_OperatingLeasesFutureMinimumPaymentsDue" xlink:to="us-gaap_OperatingLeasesFutureMinimumPaymentsDueInFiveYears_636383096363579430" order="5" use="optional" weight="1" priority="2" />
  </calculationLink>
  <calculationLink xlink:role="http://marathonpg.com/role/DisclosureDebtCommitmentsAndContingenciesDebtAndObligationsDetailsCalc2" xlink:type="extended" xlink:title="40699 - Disclosure - DEBT, COMMITMENTS AND CONTINGENCIES - Debt and Obligations (Details) (Calc 2" xmlns="http://www.xbrl.org/2003/linkbase">
    <loc xlink:type="locator" xlink:href="http://xbrl.fasb.org/us-gaap/2016/elts/us-gaap-2016-01-31.xsd#us-gaap_LongTermDebt" xlink:label="us-gaap_LongTermDebt" />
    <loc xlink:type="locator" xlink:href="http://xbrl.fasb.org/us-gaap/2016/elts/us-gaap-2016-01-31.xsd#us-gaap_LongTermDebtCurrent" xlink:label="us-gaap_LongTermDebtCurrent_636383096363579430" />
    <calculationArc xlink:type="arc" xlink:arcrole="http://www.xbrl.org/2003/arcrole/summation-item" xlink:from="us-gaap_LongTermDebt" xlink:to="us-gaap_LongTermDebtCurrent_636383096363579430" order="1" use="optional" weight="1" priority="2" />
    <loc xlink:type="locator" xlink:href="http://xbrl.fasb.org/us-gaap/2016/elts/us-gaap-2016-01-31.xsd#us-gaap_LongTermDebtNoncurrent" xlink:label="us-gaap_LongTermDebtNoncurrent_636383096363579430" />
    <calculationArc xlink:type="arc" xlink:arcrole="http://www.xbrl.org/2003/arcrole/summation-item" xlink:from="us-gaap_LongTermDebt" xlink:to="us-gaap_LongTermDebtNoncurrent_636383096363579430" order="2" use="optional" weight="1" priority="2" />
  </calculationLink>
</link:linkbase>