<?xml version="1.0" encoding="US-ASCII" standalone="no"?>
    <!-- Field: Doc-Info; Name: Generator; Value: GoFiler Complete; Version: 4.20a -->
    <!-- Field: Doc-Info; Name: VendorURI; Value: http://www.novaworks.co -->
    <!-- Field: Doc-Info; Name: Source; Value: MARA %2D 20170930 10Q Q3 DFN.xfr; Date: 2017%2D11%2D20T00:19:08Z -->
    <!-- Field: Doc-Info; Name: Status; Value: 0x80140006 -->
<link:linkbase xmlns:xsi="http://www.w3.org/2001/XMLSchema-instance" xmlns:xlink="http://www.w3.org/1999/xlink" xmlns:link="http://www.xbrl.org/2003/linkbase" xmlns:xbrli="http://www.xbrl.org/2003/instance" xsi:schemaLocation="http://www.xbrl.org/2003/linkbase http://www.xbrl.org/2003/xbrl-linkbase-2003-12-31.xsd">
    <link:roleRef roleURI="http://marathonpg.com/role/DocumentAndEntityInformation" xlink:href="mara-20170930.xsd#DocumentAndEntityInformation" xlink:type="simple" />
    <link:roleRef roleURI="http://marathonpg.com/role/CondensedBalanceSheets" xlink:href="mara-20170930.xsd#CondensedBalanceSheets" xlink:type="simple" />
    <link:roleRef roleURI="http://marathonpg.com/role/CondensedBalanceSheetsParenthetical" xlink:href="mara-20170930.xsd#CondensedBalanceSheetsParenthetical" xlink:type="simple" />
    <link:roleRef roleURI="http://marathonpg.com/role/CondensedStatementsOfOperationsAndComprehensiveIncome" xlink:href="mara-20170930.xsd#CondensedStatementsOfOperationsAndComprehensiveIncome" xlink:type="simple" />
    <link:roleRef roleURI="http://marathonpg.com/role/CondensedStatementsOfCashFlows" xlink:href="mara-20170930.xsd#CondensedStatementsOfCashFlows" xlink:type="simple" />
    <link:roleRef roleURI="http://marathonpg.com/role/OrganizationAndDescriptionOfBusiness" xlink:href="mara-20170930.xsd#OrganizationAndDescriptionOfBusiness" xlink:type="simple" />
    <link:roleRef roleURI="http://marathonpg.com/role/SummaryOfSignificantAccountingPolicies" xlink:href="mara-20170930.xsd#SummaryOfSignificantAccountingPolicies" xlink:type="simple" />
    <link:roleRef roleURI="http://marathonpg.com/role/Acquisitions" xlink:href="mara-20170930.xsd#Acquisitions" xlink:type="simple" />
    <link:roleRef roleURI="http://marathonpg.com/role/IntangibleAssets" xlink:href="mara-20170930.xsd#IntangibleAssets" xlink:type="simple" />
    <link:roleRef roleURI="http://marathonpg.com/role/StockholdersEquity" xlink:href="mara-20170930.xsd#StockholdersEquity" xlink:type="simple" />
    <link:roleRef roleURI="http://marathonpg.com/role/DebtCommitmentsAndContingencies" xlink:href="mara-20170930.xsd#DebtCommitmentsAndContingencies" xlink:type="simple" />
    <link:roleRef roleURI="http://marathonpg.com/role/SubsequentEvents" xlink:href="mara-20170930.xsd#SubsequentEvents" xlink:type="simple" />
    <link:roleRef roleURI="http://marathonpg.com/role/SummaryOfSignificantAccountingPoliciesPolicies" xlink:href="mara-20170930.xsd#SummaryOfSignificantAccountingPoliciesPolicies" xlink:type="simple" />
    <link:roleRef roleURI="http://marathonpg.com/role/DisclosureSummaryOfSignificantAccountingPoliciesTables" xlink:href="mara-20170930.xsd#DisclosureSummaryOfSignificantAccountingPoliciesTables" xlink:type="simple" />
    <link:roleRef roleURI="http://marathonpg.com/role/DisclosureIntangibleAssetsTables" xlink:href="mara-20170930.xsd#DisclosureIntangibleAssetsTables" xlink:type="simple" />
    <link:roleRef roleURI="http://marathonpg.com/role/StockholdersEquityTables" xlink:href="mara-20170930.xsd#StockholdersEquityTables" xlink:type="simple" />
    <link:roleRef roleURI="http://marathonpg.com/role/DebtCommitmentsAndContingenciesTables" xlink:href="mara-20170930.xsd#DebtCommitmentsAndContingenciesTables" xlink:type="simple" />
    <link:roleRef roleURI="http://marathonpg.com/role/OrganizationAndDescriptionOfBusinessDetailsNarrative" xlink:href="mara-20170930.xsd#OrganizationAndDescriptionOfBusinessDetailsNarrative" xlink:type="simple" />
    <link:roleRef roleURI="http://marathonpg.com/role/SummaryOfSignificantAccountingPoliciesDetailsNarrative" xlink:href="mara-20170930.xsd#SummaryOfSignificantAccountingPoliciesDetailsNarrative" xlink:type="simple" />
    <link:roleRef roleURI="http://marathonpg.com/role/SummaryOfSignificantAccountingPolicies-ScheduleOfComputationOfBasicAndDilutedLossPerShareDetails" xlink:href="mara-20170930.xsd#SummaryOfSignificantAccountingPolicies-ScheduleOfComputationOfBasicAndDilutedLossPerShareDetails" xlink:type="simple" />
    <link:roleRef roleURI="http://marathonpg.com/role/AcquisitionsDetailsNarrative" xlink:href="mara-20170930.xsd#AcquisitionsDetailsNarrative" xlink:type="simple" />
    <link:roleRef roleURI="http://marathonpg.com/role/IntangibleAssetsDetailsNarrative" xlink:href="mara-20170930.xsd#IntangibleAssetsDetailsNarrative" xlink:type="simple" />
    <link:roleRef roleURI="http://marathonpg.com/role/IntangibleAssets-ScheduleOfIntangibleAssetsDetails" xlink:href="mara-20170930.xsd#IntangibleAssets-ScheduleOfIntangibleAssetsDetails" xlink:type="simple" />
    <link:roleRef roleURI="http://marathonpg.com/role/IntangibleAssets-ScheduleOfFutureAmortizationOfIntangibleAssetsNetOfForeignCurrencyTranslationAdjustmentsDetails" xlink:href="mara-20170930.xsd#IntangibleAssets-ScheduleOfFutureAmortizationOfIntangibleAssetsNetOfForeignCurrencyTranslationAdjustmentsDetails" xlink:type="simple" />
    <link:roleRef roleURI="http://marathonpg.com/role/IntangibleAssets-SummaryOfCompanysPatentPortfoliosDetails" xlink:href="mara-20170930.xsd#IntangibleAssets-SummaryOfCompanysPatentPortfoliosDetails" xlink:type="simple" />
    <link:roleRef roleURI="http://marathonpg.com/role/StockholdersEquityDetailsNarrative" xlink:href="mara-20170930.xsd#StockholdersEquityDetailsNarrative" xlink:type="simple" />
    <link:roleRef roleURI="http://marathonpg.com/role/StockholdersEquity-SummaryOfCompanysOutstandingStockWarrantsAndChangesDuringPeriodDetails" xlink:href="mara-20170930.xsd#StockholdersEquity-SummaryOfCompanysOutstandingStockWarrantsAndChangesDuringPeriodDetails" xlink:type="simple" />
    <link:roleRef roleURI="http://marathonpg.com/role/StockholdersEquity-SummaryOfStockOptionsAndChangesDuringPeriodDetails" xlink:href="mara-20170930.xsd#StockholdersEquity-SummaryOfStockOptionsAndChangesDuringPeriodDetails" xlink:type="simple" />
    <link:roleRef roleURI="http://marathonpg.com/role/DebtCommitmentsAndContingenciesDetailsNarrative" xlink:href="mara-20170930.xsd#DebtCommitmentsAndContingenciesDetailsNarrative" xlink:type="simple" />
    <link:roleRef roleURI="http://marathonpg.com/role/DebtCommitmentsAndContingencies-ScheduleOfDebtDetails" xlink:href="mara-20170930.xsd#DebtCommitmentsAndContingencies-ScheduleOfDebtDetails" xlink:type="simple" />
    <link:roleRef roleURI="http://marathonpg.com/role/DebtCommitmentsAndContingencies-ScheduleOfFutureMinimumPrincipalPaymentsDetails" xlink:href="mara-20170930.xsd#DebtCommitmentsAndContingencies-ScheduleOfFutureMinimumPrincipalPaymentsDetails" xlink:type="simple" />
    <link:roleRef roleURI="http://marathonpg.com/role/DebtCommitmentsAndContingencies-ScheduleOfFutureMinimumLeasePaymentsDetails" xlink:href="mara-20170930.xsd#DebtCommitmentsAndContingencies-ScheduleOfFutureMinimumLeasePaymentsDetails" xlink:type="simple" />
    <link:roleRef roleURI="http://marathonpg.com/role/SubsequentEventsDetailsNarrative" xlink:href="mara-20170930.xsd#SubsequentEventsDetailsNarrative" xlink:type="simple" />
    <link:calculationLink xlink:type="extended" xlink:role="http://marathonpg.com/role/DocumentAndEntityInformation" xlink:title="00000001 - Document - Document and Entity Information" />
    <link:calculationLink xlink:type="extended" xlink:role="http://marathonpg.com/role/CondensedBalanceSheets" xlink:title="00000002 - Statement - Consolidated Condensed Balance Sheets (Unaudited)">
      <link:loc xlink:type="locator" xlink:href="http://xbrl.fasb.org/us-gaap/2017/elts/us-gaap-2017-01-31.xsd#us-gaap_CashCashEquivalentsAndShortTermInvestments" xlink:label="loc_us-gaapCashCashEquivalentsAndShortTermInvestments" />
      <link:loc xlink:type="locator" xlink:href="http://xbrl.fasb.org/us-gaap/2017/elts/us-gaap-2017-01-31.xsd#us-gaap_CashAndCashEquivalentsAtCarryingValue" xlink:label="loc_us-gaapCashAndCashEquivalentsAtCarryingValue" />
      <link:calculationArc order="1" xlink:arcrole="http://www.xbrl.org/2003/arcrole/summation-item" xlink:from="loc_us-gaapCashCashEquivalentsAndShortTermInvestments" xlink:to="loc_us-gaapCashAndCashEquivalentsAtCarryingValue" xlink:type="arc" weight="1" />
      <link:loc xlink:type="locator" xlink:href="http://xbrl.fasb.org/us-gaap/2017/elts/us-gaap-2017-01-31.xsd#us-gaap_RestrictedCashAndCashEquivalentsAtCarryingValue" xlink:label="loc_us-gaapRestrictedCashAndCashEquivalentsAtCarryingValue" />
      <link:calculationArc order="2" xlink:arcrole="http://www.xbrl.org/2003/arcrole/summation-item" xlink:from="loc_us-gaapCashCashEquivalentsAndShortTermInvestments" xlink:to="loc_us-gaapRestrictedCashAndCashEquivalentsAtCarryingValue" xlink:type="arc" weight="1" />
      <link:loc xlink:type="locator" xlink:href="http://xbrl.fasb.org/us-gaap/2017/elts/us-gaap-2017-01-31.xsd#us-gaap_AssetsCurrent" xlink:label="loc_us-gaapAssetsCurrent" />
      <link:calculationArc order="1" xlink:arcrole="http://www.xbrl.org/2003/arcrole/summation-item" xlink:from="loc_us-gaapAssetsCurrent" xlink:to="loc_us-gaapCashCashEquivalentsAndShortTermInvestments" xlink:type="arc" weight="1" />
      <link:loc xlink:type="locator" xlink:href="http://xbrl.fasb.org/us-gaap/2017/elts/us-gaap-2017-01-31.xsd#us-gaap_AccountsReceivableNetCurrent" xlink:label="loc_us-gaapAccountsReceivableNetCurrent" />
      <link:calculationArc order="2" xlink:arcrole="http://www.xbrl.org/2003/arcrole/summation-item" xlink:from="loc_us-gaapAssetsCurrent" xlink:to="loc_us-gaapAccountsReceivableNetCurrent" xlink:type="arc" weight="1" />
      <link:loc xlink:type="locator" xlink:href="http://xbrl.fasb.org/us-gaap/2017/elts/us-gaap-2017-01-31.xsd#us-gaap_NotesAndLoansReceivableNetCurrent" xlink:label="loc_us-gaapNotesAndLoansReceivableNetCurrent" />
      <link:calculationArc order="3" xlink:arcrole="http://www.xbrl.org/2003/arcrole/summation-item" xlink:from="loc_us-gaapAssetsCurrent" xlink:to="loc_us-gaapNotesAndLoansReceivableNetCurrent" xlink:type="arc" weight="1" />
      <link:loc xlink:type="locator" xlink:href="http://xbrl.fasb.org/us-gaap/2017/elts/us-gaap-2017-01-31.xsd#us-gaap_PrepaidExpenseAndOtherAssetsCurrent" xlink:label="loc_us-gaapPrepaidExpenseAndOtherAssetsCurrent" />
      <link:calculationArc order="4" xlink:arcrole="http://www.xbrl.org/2003/arcrole/summation-item" xlink:from="loc_us-gaapAssetsCurrent" xlink:to="loc_us-gaapPrepaidExpenseAndOtherAssetsCurrent" xlink:type="arc" weight="1" />
      <link:loc xlink:type="locator" xlink:href="http://xbrl.fasb.org/us-gaap/2017/elts/us-gaap-2017-01-31.xsd#us-gaap_AssetsNoncurrent" xlink:label="loc_us-gaapAssetsNoncurrent" />
      <link:loc xlink:type="locator" xlink:href="http://xbrl.fasb.org/us-gaap/2017/elts/us-gaap-2017-01-31.xsd#us-gaap_PropertyPlantAndEquipmentNet" xlink:label="loc_us-gaapPropertyPlantAndEquipmentNet" />
      <link:calculationArc order="1" xlink:arcrole="http://www.xbrl.org/2003/arcrole/summation-item" xlink:from="loc_us-gaapAssetsNoncurrent" xlink:to="loc_us-gaapPropertyPlantAndEquipmentNet" xlink:type="arc" weight="1" />
      <link:loc xlink:type="locator" xlink:href="http://xbrl.fasb.org/us-gaap/2017/elts/us-gaap-2017-01-31.xsd#us-gaap_FiniteLivedIntangibleAssetsNet" xlink:label="loc_us-gaapFiniteLivedIntangibleAssetsNet" />
      <link:calculationArc order="2" xlink:arcrole="http://www.xbrl.org/2003/arcrole/summation-item" xlink:from="loc_us-gaapAssetsNoncurrent" xlink:to="loc_us-gaapFiniteLivedIntangibleAssetsNet" xlink:type="arc" weight="1" />
      <link:loc xlink:type="locator" xlink:href="http://xbrl.fasb.org/us-gaap/2017/elts/us-gaap-2017-01-31.xsd#us-gaap_OtherAssetsNoncurrent" xlink:label="loc_us-gaapOtherAssetsNoncurrent" />
      <link:calculationArc order="3" xlink:arcrole="http://www.xbrl.org/2003/arcrole/summation-item" xlink:from="loc_us-gaapAssetsNoncurrent" xlink:to="loc_us-gaapOtherAssetsNoncurrent" xlink:type="arc" weight="1" />
      <link:loc xlink:type="locator" xlink:href="http://xbrl.fasb.org/us-gaap/2017/elts/us-gaap-2017-01-31.xsd#us-gaap_Goodwill" xlink:label="loc_us-gaapGoodwill" />
      <link:calculationArc order="4" xlink:arcrole="http://www.xbrl.org/2003/arcrole/summation-item" xlink:from="loc_us-gaapAssetsNoncurrent" xlink:to="loc_us-gaapGoodwill" xlink:type="arc" weight="1" />
      <link:loc xlink:type="locator" xlink:href="http://xbrl.fasb.org/us-gaap/2017/elts/us-gaap-2017-01-31.xsd#us-gaap_Assets" xlink:label="loc_us-gaapAssets" />
      <link:calculationArc order="1" xlink:arcrole="http://www.xbrl.org/2003/arcrole/summation-item" xlink:from="loc_us-gaapAssets" xlink:to="loc_us-gaapAssetsCurrent" xlink:type="arc" weight="1" />
      <link:calculationArc order="2" xlink:arcrole="http://www.xbrl.org/2003/arcrole/summation-item" xlink:from="loc_us-gaapAssets" xlink:to="loc_us-gaapAssetsNoncurrent" xlink:type="arc" weight="1" />
      <link:loc xlink:type="locator" xlink:href="http://xbrl.fasb.org/us-gaap/2017/elts/us-gaap-2017-01-31.xsd#us-gaap_LiabilitiesCurrent" xlink:label="loc_us-gaapLiabilitiesCurrent" />
      <link:loc xlink:type="locator" xlink:href="http://xbrl.fasb.org/us-gaap/2017/elts/us-gaap-2017-01-31.xsd#us-gaap_AccountsPayableAndAccruedLiabilitiesCurrent" xlink:label="loc_us-gaapAccountsPayableAndAccruedLiabilitiesCurrent" />
      <link:calculationArc order="1" xlink:arcrole="http://www.xbrl.org/2003/arcrole/summation-item" xlink:from="loc_us-gaapLiabilitiesCurrent" xlink:to="loc_us-gaapAccountsPayableAndAccruedLiabilitiesCurrent" xlink:type="arc" weight="1" />
      <link:loc xlink:type="locator" xlink:href="http://xbrl.fasb.org/us-gaap/2017/elts/us-gaap-2017-01-31.xsd#us-gaap_BusinessCombinationContingentConsiderationLiabilityCurrent" xlink:label="loc_us-gaapBusinessCombinationContingentConsiderationLiabilityCurrent" />
      <link:calculationArc order="2" xlink:arcrole="http://www.xbrl.org/2003/arcrole/summation-item" xlink:from="loc_us-gaapLiabilitiesCurrent" xlink:to="loc_us-gaapBusinessCombinationContingentConsiderationLiabilityCurrent" xlink:type="arc" weight="1" />
      <link:loc xlink:type="locator" xlink:href="http://xbrl.fasb.org/us-gaap/2017/elts/us-gaap-2017-01-31.xsd#us-gaap_NotesPayableCurrent" xlink:label="loc_us-gaapNotesPayableCurrent" />
      <link:calculationArc order="3" xlink:arcrole="http://www.xbrl.org/2003/arcrole/summation-item" xlink:from="loc_us-gaapLiabilitiesCurrent" xlink:to="loc_us-gaapNotesPayableCurrent" xlink:type="arc" weight="1" />
      <link:loc xlink:type="locator" xlink:href="http://xbrl.fasb.org/us-gaap/2017/elts/us-gaap-2017-01-31.xsd#us-gaap_DeferredRevenueCurrent" xlink:label="loc_us-gaapDeferredRevenueCurrent" />
      <link:calculationArc order="4" xlink:arcrole="http://www.xbrl.org/2003/arcrole/summation-item" xlink:from="loc_us-gaapLiabilitiesCurrent" xlink:to="loc_us-gaapDeferredRevenueCurrent" xlink:type="arc" weight="1" />
      <link:loc xlink:type="locator" xlink:href="http://xbrl.fasb.org/us-gaap/2017/elts/us-gaap-2017-01-31.xsd#us-gaap_WarrantsAndRightsOutstanding" xlink:label="loc_us-gaapWarrantsAndRightsOutstanding" />
      <link:calculationArc order="5" xlink:arcrole="http://www.xbrl.org/2003/arcrole/summation-item" xlink:from="loc_us-gaapLiabilitiesCurrent" xlink:to="loc_us-gaapWarrantsAndRightsOutstanding" xlink:type="arc" weight="1" />
      <link:loc xlink:type="locator" xlink:href="http://xbrl.fasb.org/us-gaap/2017/elts/us-gaap-2017-01-31.xsd#us-gaap_LiabilitiesNoncurrent" xlink:label="loc_us-gaapLiabilitiesNoncurrent" />
      <link:loc xlink:type="locator" xlink:href="http://xbrl.fasb.org/us-gaap/2017/elts/us-gaap-2017-01-31.xsd#us-gaap_LongTermNotesPayable" xlink:label="loc_us-gaapLongTermNotesPayable" />
      <link:calculationArc order="1" xlink:arcrole="http://www.xbrl.org/2003/arcrole/summation-item" xlink:from="loc_us-gaapLiabilitiesNoncurrent" xlink:to="loc_us-gaapLongTermNotesPayable" xlink:type="arc" weight="1" />
      <link:loc xlink:type="locator" xlink:href="http://xbrl.fasb.org/us-gaap/2017/elts/us-gaap-2017-01-31.xsd#us-gaap_BusinessCombinationContingentConsiderationLiabilityNoncurrent" xlink:label="loc_us-gaapBusinessCombinationContingentConsiderationLiabilityNoncurrent" />
      <link:calculationArc order="2" xlink:arcrole="http://www.xbrl.org/2003/arcrole/summation-item" xlink:from="loc_us-gaapLiabilitiesNoncurrent" xlink:to="loc_us-gaapBusinessCombinationContingentConsiderationLiabilityNoncurrent" xlink:type="arc" weight="1" />
      <link:loc xlink:type="locator" xlink:href="http://xbrl.fasb.org/us-gaap/2017/elts/us-gaap-2017-01-31.xsd#us-gaap_DeferredRevenueNoncurrent" xlink:label="loc_us-gaapDeferredRevenueNoncurrent" />
      <link:calculationArc order="3" xlink:arcrole="http://www.xbrl.org/2003/arcrole/summation-item" xlink:from="loc_us-gaapLiabilitiesNoncurrent" xlink:to="loc_us-gaapDeferredRevenueNoncurrent" xlink:type="arc" weight="1" />
      <link:loc xlink:type="locator" xlink:href="http://xbrl.fasb.org/us-gaap/2017/elts/us-gaap-2017-01-31.xsd#us-gaap_OtherLiabilitiesNoncurrent" xlink:label="loc_us-gaapOtherLiabilitiesNoncurrent" />
      <link:calculationArc order="4" xlink:arcrole="http://www.xbrl.org/2003/arcrole/summation-item" xlink:from="loc_us-gaapLiabilitiesNoncurrent" xlink:to="loc_us-gaapOtherLiabilitiesNoncurrent" xlink:type="arc" weight="1" />
      <link:loc xlink:type="locator" xlink:href="http://xbrl.fasb.org/us-gaap/2017/elts/us-gaap-2017-01-31.xsd#us-gaap_Liabilities" xlink:label="loc_us-gaapLiabilities" />
      <link:calculationArc order="1" xlink:arcrole="http://www.xbrl.org/2003/arcrole/summation-item" xlink:from="loc_us-gaapLiabilities" xlink:to="loc_us-gaapLiabilitiesCurrent" xlink:type="arc" weight="1" />
      <link:calculationArc order="2" xlink:arcrole="http://www.xbrl.org/2003/arcrole/summation-item" xlink:from="loc_us-gaapLiabilities" xlink:to="loc_us-gaapLiabilitiesNoncurrent" xlink:type="arc" weight="1" />
      <link:loc xlink:type="locator" xlink:href="http://xbrl.fasb.org/us-gaap/2017/elts/us-gaap-2017-01-31.xsd#us-gaap_StockholdersEquity" xlink:label="loc_us-gaapStockholdersEquity" />
      <link:loc xlink:type="locator" xlink:href="http://xbrl.fasb.org/us-gaap/2017/elts/us-gaap-2017-01-31.xsd#us-gaap_PreferredStockValue" xlink:label="loc_us-gaapPreferredStockValue" />
      <link:calculationArc order="1" xlink:arcrole="http://www.xbrl.org/2003/arcrole/summation-item" xlink:from="loc_us-gaapStockholdersEquity" xlink:to="loc_us-gaapPreferredStockValue" xlink:type="arc" weight="1" />
      <link:loc xlink:type="locator" xlink:href="http://xbrl.fasb.org/us-gaap/2017/elts/us-gaap-2017-01-31.xsd#us-gaap_CommonStockValue" xlink:label="loc_us-gaapCommonStockValue" />
      <link:calculationArc order="2" xlink:arcrole="http://www.xbrl.org/2003/arcrole/summation-item" xlink:from="loc_us-gaapStockholdersEquity" xlink:to="loc_us-gaapCommonStockValue" xlink:type="arc" weight="1" />
      <link:loc xlink:type="locator" xlink:href="http://xbrl.fasb.org/us-gaap/2017/elts/us-gaap-2017-01-31.xsd#us-gaap_AdditionalPaidInCapital" xlink:label="loc_us-gaapAdditionalPaidInCapital" />
      <link:calculationArc order="3" xlink:arcrole="http://www.xbrl.org/2003/arcrole/summation-item" xlink:from="loc_us-gaapStockholdersEquity" xlink:to="loc_us-gaapAdditionalPaidInCapital" xlink:type="arc" weight="1" />
      <link:loc xlink:type="locator" xlink:href="http://xbrl.fasb.org/us-gaap/2017/elts/us-gaap-2017-01-31.xsd#us-gaap_AccumulatedOtherComprehensiveIncomeLossNetOfTax" xlink:label="loc_us-gaapAccumulatedOtherComprehensiveIncomeLossNetOfTax" />
      <link:calculationArc order="4" xlink:arcrole="http://www.xbrl.org/2003/arcrole/summation-item" xlink:from="loc_us-gaapStockholdersEquity" xlink:to="loc_us-gaapAccumulatedOtherComprehensiveIncomeLossNetOfTax" xlink:type="arc" weight="1" />
      <link:loc xlink:type="locator" xlink:href="http://xbrl.fasb.org/us-gaap/2017/elts/us-gaap-2017-01-31.xsd#us-gaap_RetainedEarningsAccumulatedDeficit" xlink:label="loc_us-gaapRetainedEarningsAccumulatedDeficit" />
      <link:calculationArc order="5" xlink:arcrole="http://www.xbrl.org/2003/arcrole/summation-item" xlink:from="loc_us-gaapStockholdersEquity" xlink:to="loc_us-gaapRetainedEarningsAccumulatedDeficit" xlink:type="arc" weight="1" />
      <link:loc xlink:type="locator" xlink:href="http://xbrl.fasb.org/us-gaap/2017/elts/us-gaap-2017-01-31.xsd#us-gaap_StockholdersEquityIncludingPortionAttributableToNoncontrollingInterest" xlink:label="loc_us-gaapStockholdersEquityIncludingPortionAttributableToNoncontrollingInterest" />
      <link:calculationArc order="1" xlink:arcrole="http://www.xbrl.org/2003/arcrole/summation-item" xlink:from="loc_us-gaapStockholdersEquityIncludingPortionAttributableToNoncontrollingInterest" xlink:to="loc_us-gaapStockholdersEquity" xlink:type="arc" weight="1" />
      <link:loc xlink:type="locator" xlink:href="http://xbrl.fasb.org/us-gaap/2017/elts/us-gaap-2017-01-31.xsd#us-gaap_MinorityInterest" xlink:label="loc_us-gaapMinorityInterest" />
      <link:calculationArc order="2" xlink:arcrole="http://www.xbrl.org/2003/arcrole/summation-item" xlink:from="loc_us-gaapStockholdersEquityIncludingPortionAttributableToNoncontrollingInterest" xlink:to="loc_us-gaapMinorityInterest" xlink:type="arc" weight="1" />
      <link:loc xlink:type="locator" xlink:href="http://xbrl.fasb.org/us-gaap/2017/elts/us-gaap-2017-01-31.xsd#us-gaap_LiabilitiesAndStockholdersEquity" xlink:label="loc_us-gaapLiabilitiesAndStockholdersEquity" />
      <link:calculationArc order="1" xlink:arcrole="http://www.xbrl.org/2003/arcrole/summation-item" xlink:from="loc_us-gaapLiabilitiesAndStockholdersEquity" xlink:to="loc_us-gaapStockholdersEquityIncludingPortionAttributableToNoncontrollingInterest" xlink:type="arc" weight="1" />
      <link:calculationArc order="2" xlink:arcrole="http://www.xbrl.org/2003/arcrole/summation-item" xlink:from="loc_us-gaapLiabilitiesAndStockholdersEquity" xlink:to="loc_us-gaapLiabilities" xlink:type="arc" weight="1" />
    </link:calculationLink>
    <link:calculationLink xlink:type="extended" xlink:role="http://marathonpg.com/role/CondensedBalanceSheetsParenthetical" xlink:title="00000003 - Statement - Consolidated Condensed Balance Sheets (Unaudited) (Parenthetical)" />
    <link:calculationLink xlink:type="extended" xlink:role="http://marathonpg.com/role/CondensedStatementsOfOperationsAndComprehensiveIncome" xlink:title="00000004 - Statement - Consolidated Condensed Statements of Operations and Comprehensive Income (Unaudited)">
      <link:loc xlink:type="locator" xlink:href="http://xbrl.fasb.org/us-gaap/2017/elts/us-gaap-2017-01-31.xsd#us-gaap_OperatingExpenses" xlink:label="loc_us-gaapOperatingExpenses" />
      <link:loc xlink:type="locator" xlink:href="http://xbrl.fasb.org/us-gaap/2017/elts/us-gaap-2017-01-31.xsd#us-gaap_CostOfRevenue" xlink:label="loc_us-gaapCostOfRevenue" />
      <link:calculationArc order="1" xlink:arcrole="http://www.xbrl.org/2003/arcrole/summation-item" xlink:from="loc_us-gaapOperatingExpenses" xlink:to="loc_us-gaapCostOfRevenue" xlink:type="arc" weight="1" />
      <link:loc xlink:type="locator" xlink:href="http://xbrl.fasb.org/us-gaap/2017/elts/us-gaap-2017-01-31.xsd#us-gaap_AmortizationOfIntangibleAssets" xlink:label="loc_us-gaapAmortizationOfIntangibleAssets" />
      <link:calculationArc order="2" xlink:arcrole="http://www.xbrl.org/2003/arcrole/summation-item" xlink:from="loc_us-gaapOperatingExpenses" xlink:to="loc_us-gaapAmortizationOfIntangibleAssets" xlink:type="arc" weight="1" />
      <link:loc xlink:type="locator" xlink:href="http://xbrl.fasb.org/us-gaap/2017/elts/us-gaap-2017-01-31.xsd#us-gaap_LaborAndRelatedExpense" xlink:label="loc_us-gaapLaborAndRelatedExpense" />
      <link:calculationArc order="3" xlink:arcrole="http://www.xbrl.org/2003/arcrole/summation-item" xlink:from="loc_us-gaapOperatingExpenses" xlink:to="loc_us-gaapLaborAndRelatedExpense" xlink:type="arc" weight="1" />
      <link:loc xlink:type="locator" xlink:href="mara-20170930.xsd#MARA_ProfessionalAndContractServicesExpenseBenefit" xlink:label="loc_MARAProfessionalAndContractServicesExpenseBenefit" />
      <link:calculationArc order="4" xlink:arcrole="http://www.xbrl.org/2003/arcrole/summation-item" xlink:from="loc_us-gaapOperatingExpenses" xlink:to="loc_MARAProfessionalAndContractServicesExpenseBenefit" xlink:type="arc" weight="1" />
      <link:loc xlink:type="locator" xlink:href="http://xbrl.fasb.org/us-gaap/2017/elts/us-gaap-2017-01-31.xsd#us-gaap_ProfessionalFees" xlink:label="loc_us-gaapProfessionalFees" />
      <link:calculationArc order="5" xlink:arcrole="http://www.xbrl.org/2003/arcrole/summation-item" xlink:from="loc_us-gaapOperatingExpenses" xlink:to="loc_us-gaapProfessionalFees" xlink:type="arc" weight="1" />
      <link:loc xlink:type="locator" xlink:href="http://xbrl.fasb.org/us-gaap/2017/elts/us-gaap-2017-01-31.xsd#us-gaap_GeneralAndAdministrativeExpense" xlink:label="loc_us-gaapGeneralAndAdministrativeExpense" />
      <link:calculationArc order="6" xlink:arcrole="http://www.xbrl.org/2003/arcrole/summation-item" xlink:from="loc_us-gaapOperatingExpenses" xlink:to="loc_us-gaapGeneralAndAdministrativeExpense" xlink:type="arc" weight="1" />
      <link:loc xlink:type="locator" xlink:href="http://xbrl.fasb.org/us-gaap/2017/elts/us-gaap-2017-01-31.xsd#us-gaap_GoodwillImpairmentLoss" xlink:label="loc_us-gaapGoodwillImpairmentLoss" />
      <link:calculationArc order="7" xlink:arcrole="http://www.xbrl.org/2003/arcrole/summation-item" xlink:from="loc_us-gaapOperatingExpenses" xlink:to="loc_us-gaapGoodwillImpairmentLoss" xlink:type="arc" weight="1" />
      <link:loc xlink:type="locator" xlink:href="http://xbrl.fasb.org/us-gaap/2017/elts/us-gaap-2017-01-31.xsd#us-gaap_ImpairmentOfIntangibleAssetsFinitelived" xlink:label="loc_us-gaapImpairmentOfIntangibleAssetsFinitelived" />
      <link:calculationArc order="8" xlink:arcrole="http://www.xbrl.org/2003/arcrole/summation-item" xlink:from="loc_us-gaapOperatingExpenses" xlink:to="loc_us-gaapImpairmentOfIntangibleAssetsFinitelived" xlink:type="arc" weight="1" />
      <link:loc xlink:type="locator" xlink:href="http://xbrl.fasb.org/us-gaap/2017/elts/us-gaap-2017-01-31.xsd#us-gaap_OperatingIncomeLoss" xlink:label="loc_us-gaapOperatingIncomeLoss" />
      <link:loc xlink:type="locator" xlink:href="http://xbrl.fasb.org/us-gaap/2017/elts/us-gaap-2017-01-31.xsd#us-gaap_Revenues" xlink:label="loc_us-gaapRevenues" />
      <link:calculationArc order="1" xlink:arcrole="http://www.xbrl.org/2003/arcrole/summation-item" xlink:from="loc_us-gaapOperatingIncomeLoss" xlink:to="loc_us-gaapRevenues" xlink:type="arc" weight="1" />
      <link:calculationArc order="2" xlink:arcrole="http://www.xbrl.org/2003/arcrole/summation-item" xlink:from="loc_us-gaapOperatingIncomeLoss" xlink:to="loc_us-gaapOperatingExpenses" xlink:type="arc" weight="-1" />
      <link:loc xlink:type="locator" xlink:href="http://xbrl.fasb.org/us-gaap/2017/elts/us-gaap-2017-01-31.xsd#us-gaap_NonoperatingIncomeExpense" xlink:label="loc_us-gaapNonoperatingIncomeExpense" />
      <link:loc xlink:type="locator" xlink:href="http://xbrl.fasb.org/us-gaap/2017/elts/us-gaap-2017-01-31.xsd#us-gaap_OtherNonoperatingIncomeExpense" xlink:label="loc_us-gaapOtherNonoperatingIncomeExpense" />
      <link:calculationArc order="1" xlink:arcrole="http://www.xbrl.org/2003/arcrole/summation-item" xlink:from="loc_us-gaapNonoperatingIncomeExpense" xlink:to="loc_us-gaapOtherNonoperatingIncomeExpense" xlink:type="arc" weight="1" />
      <link:loc xlink:type="locator" xlink:href="http://xbrl.fasb.org/us-gaap/2017/elts/us-gaap-2017-01-31.xsd#us-gaap_EffectOfExchangeRateOnCash" xlink:label="loc_us-gaapEffectOfExchangeRateOnCash" />
      <link:calculationArc order="2" xlink:arcrole="http://www.xbrl.org/2003/arcrole/summation-item" xlink:from="loc_us-gaapNonoperatingIncomeExpense" xlink:to="loc_us-gaapEffectOfExchangeRateOnCash" xlink:type="arc" weight="-1" />
      <link:loc xlink:type="locator" xlink:href="mara-20170930.xsd#MARA_GainOnFairValueAdjustmentOfCloudingEarnout" xlink:label="loc_MARAGainOnFairValueAdjustmentOfCloudingEarnout" />
      <link:calculationArc order="3" xlink:arcrole="http://www.xbrl.org/2003/arcrole/summation-item" xlink:from="loc_us-gaapNonoperatingIncomeExpense" xlink:to="loc_MARAGainOnFairValueAdjustmentOfCloudingEarnout" xlink:type="arc" weight="1" />
      <link:loc xlink:type="locator" xlink:href="mara-20170930.xsd#MARA_ClassOfWarrantOrRightIncomeOrExpenseRecognized" xlink:label="loc_MARAClassOfWarrantOrRightIncomeOrExpenseRecognized" />
      <link:calculationArc order="4" xlink:arcrole="http://www.xbrl.org/2003/arcrole/summation-item" xlink:from="loc_us-gaapNonoperatingIncomeExpense" xlink:to="loc_MARAClassOfWarrantOrRightIncomeOrExpenseRecognized" xlink:type="arc" weight="1" />
      <link:loc xlink:type="locator" xlink:href="http://xbrl.fasb.org/us-gaap/2017/elts/us-gaap-2017-01-31.xsd#us-gaap_InvestmentIncomeInterest" xlink:label="loc_us-gaapInvestmentIncomeInterest" />
      <link:calculationArc order="5" xlink:arcrole="http://www.xbrl.org/2003/arcrole/summation-item" xlink:from="loc_us-gaapNonoperatingIncomeExpense" xlink:to="loc_us-gaapInvestmentIncomeInterest" xlink:type="arc" weight="1" />
      <link:loc xlink:type="locator" xlink:href="http://xbrl.fasb.org/us-gaap/2017/elts/us-gaap-2017-01-31.xsd#us-gaap_InterestExpense" xlink:label="loc_us-gaapInterestExpense" />
      <link:calculationArc order="6" xlink:arcrole="http://www.xbrl.org/2003/arcrole/summation-item" xlink:from="loc_us-gaapNonoperatingIncomeExpense" xlink:to="loc_us-gaapInterestExpense" xlink:type="arc" weight="-1" />
      <link:loc xlink:type="locator" xlink:href="http://xbrl.fasb.org/us-gaap/2017/elts/us-gaap-2017-01-31.xsd#us-gaap_GainsLossesOnExtinguishmentOfDebt" xlink:label="loc_us-gaapGainsLossesOnExtinguishmentOfDebt" />
      <link:calculationArc order="7" xlink:arcrole="http://www.xbrl.org/2003/arcrole/summation-item" xlink:from="loc_us-gaapNonoperatingIncomeExpense" xlink:to="loc_us-gaapGainsLossesOnExtinguishmentOfDebt" xlink:type="arc" weight="1" />
      <link:loc xlink:type="locator" xlink:href="http://xbrl.fasb.org/us-gaap/2017/elts/us-gaap-2017-01-31.xsd#us-gaap_GainLossOnSaleOfEquityInvestments" xlink:label="loc_us-gaapGainLossOnSaleOfEquityInvestments" />
      <link:calculationArc order="8" xlink:arcrole="http://www.xbrl.org/2003/arcrole/summation-item" xlink:from="loc_us-gaapNonoperatingIncomeExpense" xlink:to="loc_us-gaapGainLossOnSaleOfEquityInvestments" xlink:type="arc" weight="1" />
      <link:loc xlink:type="locator" xlink:href="http://xbrl.fasb.org/us-gaap/2017/elts/us-gaap-2017-01-31.xsd#us-gaap_IncomeLossFromContinuingOperationsBeforeIncomeTaxesExtraordinaryItemsNoncontrollingInterest" xlink:label="loc_us-gaapIncomeLossFromContinuingOperationsBeforeIncomeTaxesExtraordinaryItemsNoncontrollingInterest" />
      <link:calculationArc order="1" xlink:arcrole="http://www.xbrl.org/2003/arcrole/summation-item" xlink:from="loc_us-gaapIncomeLossFromContinuingOperationsBeforeIncomeTaxesExtraordinaryItemsNoncontrollingInterest" xlink:to="loc_us-gaapNonoperatingIncomeExpense" xlink:type="arc" weight="1" />
      <link:calculationArc order="2" xlink:arcrole="http://www.xbrl.org/2003/arcrole/summation-item" xlink:from="loc_us-gaapIncomeLossFromContinuingOperationsBeforeIncomeTaxesExtraordinaryItemsNoncontrollingInterest" xlink:to="loc_us-gaapOperatingIncomeLoss" xlink:type="arc" weight="1" />
      <link:loc xlink:type="locator" xlink:href="http://xbrl.fasb.org/us-gaap/2017/elts/us-gaap-2017-01-31.xsd#us-gaap_ProfitLoss" xlink:label="loc_us-gaapProfitLoss" />
      <link:loc xlink:type="locator" xlink:href="http://xbrl.fasb.org/us-gaap/2017/elts/us-gaap-2017-01-31.xsd#us-gaap_IncomeTaxExpenseBenefit" xlink:label="loc_us-gaapIncomeTaxExpenseBenefit" />
      <link:calculationArc order="1" xlink:arcrole="http://www.xbrl.org/2003/arcrole/summation-item" xlink:from="loc_us-gaapProfitLoss" xlink:to="loc_us-gaapIncomeTaxExpenseBenefit" xlink:type="arc" weight="-1" />
      <link:calculationArc order="2" xlink:arcrole="http://www.xbrl.org/2003/arcrole/summation-item" xlink:from="loc_us-gaapProfitLoss" xlink:to="loc_us-gaapIncomeLossFromContinuingOperationsBeforeIncomeTaxesExtraordinaryItemsNoncontrollingInterest" xlink:type="arc" weight="1" />
      <link:loc xlink:type="locator" xlink:href="http://xbrl.fasb.org/us-gaap/2017/elts/us-gaap-2017-01-31.xsd#us-gaap_NetIncomeLoss" xlink:label="loc_us-gaapNetIncomeLoss" />
      <link:loc xlink:type="locator" xlink:href="http://xbrl.fasb.org/us-gaap/2017/elts/us-gaap-2017-01-31.xsd#us-gaap_NetIncomeLossAttributableToNoncontrollingInterest" xlink:label="loc_us-gaapNetIncomeLossAttributableToNoncontrollingInterest" />
      <link:calculationArc order="1" xlink:arcrole="http://www.xbrl.org/2003/arcrole/summation-item" xlink:from="loc_us-gaapNetIncomeLoss" xlink:to="loc_us-gaapNetIncomeLossAttributableToNoncontrollingInterest" xlink:type="arc" weight="-1" />
      <link:calculationArc order="2" xlink:arcrole="http://www.xbrl.org/2003/arcrole/summation-item" xlink:from="loc_us-gaapNetIncomeLoss" xlink:to="loc_us-gaapProfitLoss" xlink:type="arc" weight="1" />
      <link:loc xlink:type="locator" xlink:href="http://xbrl.fasb.org/us-gaap/2017/elts/us-gaap-2017-01-31.xsd#us-gaap_ComprehensiveIncomeNetOfTaxIncludingPortionAttributableToNoncontrollingInterest" xlink:label="loc_us-gaapComprehensiveIncomeNetOfTaxIncludingPortionAttributableToNoncontrollingInterest" />
      <link:calculationArc order="1" xlink:arcrole="http://www.xbrl.org/2003/arcrole/summation-item" xlink:from="loc_us-gaapComprehensiveIncomeNetOfTaxIncludingPortionAttributableToNoncontrollingInterest" xlink:to="loc_us-gaapNetIncomeLoss" xlink:type="arc" weight="1" />
      <link:loc xlink:type="locator" xlink:href="http://xbrl.fasb.org/us-gaap/2017/elts/us-gaap-2017-01-31.xsd#us-gaap_OtherComprehensiveIncomeForeignCurrencyTransactionAndTranslationGainLossArisingDuringPeriodNetOfTax" xlink:label="loc_us-gaapOtherComprehensiveIncomeForeignCurrencyTransactionAndTranslationGainLossArisingDuringPeriodNetOfTax" />
      <link:calculationArc order="2" xlink:arcrole="http://www.xbrl.org/2003/arcrole/summation-item" xlink:from="loc_us-gaapComprehensiveIncomeNetOfTaxIncludingPortionAttributableToNoncontrollingInterest" xlink:to="loc_us-gaapOtherComprehensiveIncomeForeignCurrencyTransactionAndTranslationGainLossArisingDuringPeriodNetOfTax" xlink:type="arc" weight="1" />
      <link:loc xlink:type="locator" xlink:href="http://xbrl.fasb.org/us-gaap/2017/elts/us-gaap-2017-01-31.xsd#us-gaap_ComprehensiveIncomeNetOfTax" xlink:label="loc_us-gaapComprehensiveIncomeNetOfTax" />
      <link:calculationArc order="1" xlink:arcrole="http://www.xbrl.org/2003/arcrole/summation-item" xlink:from="loc_us-gaapComprehensiveIncomeNetOfTax" xlink:to="loc_us-gaapComprehensiveIncomeNetOfTaxIncludingPortionAttributableToNoncontrollingInterest" xlink:type="arc" weight="1" />
      <link:loc xlink:type="locator" xlink:href="http://xbrl.fasb.org/us-gaap/2017/elts/us-gaap-2017-01-31.xsd#us-gaap_ComprehensiveIncomeNetOfTaxAttributableToNoncontrollingInterest" xlink:label="loc_us-gaapComprehensiveIncomeNetOfTaxAttributableToNoncontrollingInterest" />
      <link:calculationArc order="2" xlink:arcrole="http://www.xbrl.org/2003/arcrole/summation-item" xlink:from="loc_us-gaapComprehensiveIncomeNetOfTax" xlink:to="loc_us-gaapComprehensiveIncomeNetOfTaxAttributableToNoncontrollingInterest" xlink:type="arc" weight="-1" />
    </link:calculationLink>
    <link:calculationLink xlink:type="extended" xlink:role="http://marathonpg.com/role/CondensedStatementsOfCashFlows" xlink:title="00000005 - Statement - Consolidated Condensed Statements of Cash Flows (Unaudited)">
      <link:loc xlink:type="locator" xlink:href="http://xbrl.fasb.org/us-gaap/2017/elts/us-gaap-2017-01-31.xsd#us-gaap_NetCashProvidedByUsedInOperatingActivities" xlink:label="loc_us-gaapNetCashProvidedByUsedInOperatingActivities" />
      <link:loc xlink:type="locator" xlink:href="http://xbrl.fasb.org/us-gaap/2017/elts/us-gaap-2017-01-31.xsd#us-gaap_NetIncomeLoss" xlink:label="loc_us-gaapNetIncomeLoss" />
      <link:calculationArc order="1" xlink:arcrole="http://www.xbrl.org/2003/arcrole/summation-item" xlink:from="loc_us-gaapNetCashProvidedByUsedInOperatingActivities" xlink:to="loc_us-gaapNetIncomeLoss" xlink:type="arc" weight="1" />
      <link:loc xlink:type="locator" xlink:href="http://xbrl.fasb.org/us-gaap/2017/elts/us-gaap-2017-01-31.xsd#us-gaap_Depreciation" xlink:label="loc_us-gaapDepreciation" />
      <link:calculationArc order="2" xlink:arcrole="http://www.xbrl.org/2003/arcrole/summation-item" xlink:from="loc_us-gaapNetCashProvidedByUsedInOperatingActivities" xlink:to="loc_us-gaapDepreciation" xlink:type="arc" weight="1" />
      <link:loc xlink:type="locator" xlink:href="http://xbrl.fasb.org/us-gaap/2017/elts/us-gaap-2017-01-31.xsd#us-gaap_AmortizationOfIntangibleAssets" xlink:label="loc_us-gaapAmortizationOfIntangibleAssets" />
      <link:calculationArc order="3" xlink:arcrole="http://www.xbrl.org/2003/arcrole/summation-item" xlink:from="loc_us-gaapNetCashProvidedByUsedInOperatingActivities" xlink:to="loc_us-gaapAmortizationOfIntangibleAssets" xlink:type="arc" weight="1" />
      <link:loc xlink:type="locator" xlink:href="mara-20170930.xsd#MARA_IncreaseDecreaseInDeferredTaxAssets" xlink:label="loc_MARAIncreaseDecreaseInDeferredTaxAssets" />
      <link:calculationArc order="4" xlink:arcrole="http://www.xbrl.org/2003/arcrole/summation-item" xlink:from="loc_us-gaapNetCashProvidedByUsedInOperatingActivities" xlink:to="loc_MARAIncreaseDecreaseInDeferredTaxAssets" xlink:type="arc" weight="-1" />
      <link:loc xlink:type="locator" xlink:href="mara-20170930.xsd#MARA_IncreaseDecreaseInDeferredTaxLiabilities" xlink:label="loc_MARAIncreaseDecreaseInDeferredTaxLiabilities" />
      <link:calculationArc order="5" xlink:arcrole="http://www.xbrl.org/2003/arcrole/summation-item" xlink:from="loc_us-gaapNetCashProvidedByUsedInOperatingActivities" xlink:to="loc_MARAIncreaseDecreaseInDeferredTaxLiabilities" xlink:type="arc" weight="1" />
      <link:loc xlink:type="locator" xlink:href="http://xbrl.fasb.org/us-gaap/2017/elts/us-gaap-2017-01-31.xsd#us-gaap_ImpairmentOfIntangibleAssetsExcludingGoodwill" xlink:label="loc_us-gaapImpairmentOfIntangibleAssetsExcludingGoodwill" />
      <link:calculationArc order="6" xlink:arcrole="http://www.xbrl.org/2003/arcrole/summation-item" xlink:from="loc_us-gaapNetCashProvidedByUsedInOperatingActivities" xlink:to="loc_us-gaapImpairmentOfIntangibleAssetsExcludingGoodwill" xlink:type="arc" weight="1" />
      <link:loc xlink:type="locator" xlink:href="http://xbrl.fasb.org/us-gaap/2017/elts/us-gaap-2017-01-31.xsd#us-gaap_GoodwillImpairmentLoss" xlink:label="loc_us-gaapGoodwillImpairmentLoss" />
      <link:calculationArc order="7" xlink:arcrole="http://www.xbrl.org/2003/arcrole/summation-item" xlink:from="loc_us-gaapNetCashProvidedByUsedInOperatingActivities" xlink:to="loc_us-gaapGoodwillImpairmentLoss" xlink:type="arc" weight="1" />
      <link:loc xlink:type="locator" xlink:href="http://xbrl.fasb.org/us-gaap/2017/elts/us-gaap-2017-01-31.xsd#us-gaap_ShareBasedCompensation" xlink:label="loc_us-gaapShareBasedCompensation" />
      <link:calculationArc order="8" xlink:arcrole="http://www.xbrl.org/2003/arcrole/summation-item" xlink:from="loc_us-gaapNetCashProvidedByUsedInOperatingActivities" xlink:to="loc_us-gaapShareBasedCompensation" xlink:type="arc" weight="1" />
      <link:loc xlink:type="locator" xlink:href="http://xbrl.fasb.org/us-gaap/2017/elts/us-gaap-2017-01-31.xsd#us-gaap_IssuanceOfStockAndWarrantsForServicesOrClaims" xlink:label="loc_us-gaapIssuanceOfStockAndWarrantsForServicesOrClaims" />
      <link:calculationArc order="9" xlink:arcrole="http://www.xbrl.org/2003/arcrole/summation-item" xlink:from="loc_us-gaapNetCashProvidedByUsedInOperatingActivities" xlink:to="loc_us-gaapIssuanceOfStockAndWarrantsForServicesOrClaims" xlink:type="arc" weight="1" />
      <link:loc xlink:type="locator" xlink:href="mara-20170930.xsd#MARA_NoncashClosingCostsAndCommissions" xlink:label="loc_MARANoncashClosingCostsAndCommissions" />
      <link:calculationArc order="10" xlink:arcrole="http://www.xbrl.org/2003/arcrole/summation-item" xlink:from="loc_us-gaapNetCashProvidedByUsedInOperatingActivities" xlink:to="loc_MARANoncashClosingCostsAndCommissions" xlink:type="arc" weight="1" />
      <link:loc xlink:type="locator" xlink:href="http://xbrl.fasb.org/us-gaap/2017/elts/us-gaap-2017-01-31.xsd#us-gaap_BusinessCombinationContingentConsiderationArrangementsChangeInAmountOfContingentConsiderationLiability1" xlink:label="loc_us-gaapBusinessCombinationContingentConsiderationArrangementsChangeInAmountOfContingentConsiderationLiability1" />
      <link:calculationArc order="11" xlink:arcrole="http://www.xbrl.org/2003/arcrole/summation-item" xlink:from="loc_us-gaapNetCashProvidedByUsedInOperatingActivities" xlink:to="loc_us-gaapBusinessCombinationContingentConsiderationArrangementsChangeInAmountOfContingentConsiderationLiability1" xlink:type="arc" weight="1" />
      <link:loc xlink:type="locator" xlink:href="http://xbrl.fasb.org/us-gaap/2017/elts/us-gaap-2017-01-31.xsd#us-gaap_ProvisionForDoubtfulAccounts" xlink:label="loc_us-gaapProvisionForDoubtfulAccounts" />
      <link:calculationArc order="12" xlink:arcrole="http://www.xbrl.org/2003/arcrole/summation-item" xlink:from="loc_us-gaapNetCashProvidedByUsedInOperatingActivities" xlink:to="loc_us-gaapProvisionForDoubtfulAccounts" xlink:type="arc" weight="1" />
      <link:loc xlink:type="locator" xlink:href="mara-20170930.xsd#MARA_AdjustmentsNonControllingInterestToReconcileNetIncomeLossToCashProvidedByUsedInOperatingActivities" xlink:label="loc_MARAAdjustmentsNonControllingInterestToReconcileNetIncomeLossToCashProvidedByUsedInOperatingActivities" />
      <link:calculationArc order="13" xlink:arcrole="http://www.xbrl.org/2003/arcrole/summation-item" xlink:from="loc_us-gaapNetCashProvidedByUsedInOperatingActivities" xlink:to="loc_MARAAdjustmentsNonControllingInterestToReconcileNetIncomeLossToCashProvidedByUsedInOperatingActivities" xlink:type="arc" weight="-1" />
      <link:loc xlink:type="locator" xlink:href="http://xbrl.fasb.org/us-gaap/2017/elts/us-gaap-2017-01-31.xsd#us-gaap_OtherNoncashIncomeExpense" xlink:label="loc_us-gaapOtherNoncashIncomeExpense" />
      <link:calculationArc order="14" xlink:arcrole="http://www.xbrl.org/2003/arcrole/summation-item" xlink:from="loc_us-gaapNetCashProvidedByUsedInOperatingActivities" xlink:to="loc_us-gaapOtherNoncashIncomeExpense" xlink:type="arc" weight="-1" />
      <link:loc xlink:type="locator" xlink:href="http://xbrl.fasb.org/us-gaap/2017/elts/us-gaap-2017-01-31.xsd#us-gaap_IncreaseDecreaseInAccountsReceivable" xlink:label="loc_us-gaapIncreaseDecreaseInAccountsReceivable" />
      <link:calculationArc order="15" xlink:arcrole="http://www.xbrl.org/2003/arcrole/summation-item" xlink:from="loc_us-gaapNetCashProvidedByUsedInOperatingActivities" xlink:to="loc_us-gaapIncreaseDecreaseInAccountsReceivable" xlink:type="arc" weight="-1" />
      <link:loc xlink:type="locator" xlink:href="mara-20170930.xsd#MARA_IncreaseDecreaseInBondsPostedWithCourts" xlink:label="loc_MARAIncreaseDecreaseInBondsPostedWithCourts" />
      <link:calculationArc order="16" xlink:arcrole="http://www.xbrl.org/2003/arcrole/summation-item" xlink:from="loc_us-gaapNetCashProvidedByUsedInOperatingActivities" xlink:to="loc_MARAIncreaseDecreaseInBondsPostedWithCourts" xlink:type="arc" weight="-1" />
      <link:loc xlink:type="locator" xlink:href="http://xbrl.fasb.org/us-gaap/2017/elts/us-gaap-2017-01-31.xsd#us-gaap_IncreaseDecreaseInPrepaidDeferredExpenseAndOtherAssets" xlink:label="loc_us-gaapIncreaseDecreaseInPrepaidDeferredExpenseAndOtherAssets" />
      <link:calculationArc order="17" xlink:arcrole="http://www.xbrl.org/2003/arcrole/summation-item" xlink:from="loc_us-gaapNetCashProvidedByUsedInOperatingActivities" xlink:to="loc_us-gaapIncreaseDecreaseInPrepaidDeferredExpenseAndOtherAssets" xlink:type="arc" weight="-1" />
      <link:loc xlink:type="locator" xlink:href="http://xbrl.fasb.org/us-gaap/2017/elts/us-gaap-2017-01-31.xsd#us-gaap_IncreaseDecreaseInOtherNoncurrentAssets" xlink:label="loc_us-gaapIncreaseDecreaseInOtherNoncurrentAssets" />
      <link:calculationArc order="18" xlink:arcrole="http://www.xbrl.org/2003/arcrole/summation-item" xlink:from="loc_us-gaapNetCashProvidedByUsedInOperatingActivities" xlink:to="loc_us-gaapIncreaseDecreaseInOtherNoncurrentAssets" xlink:type="arc" weight="-1" />
      <link:loc xlink:type="locator" xlink:href="http://xbrl.fasb.org/us-gaap/2017/elts/us-gaap-2017-01-31.xsd#us-gaap_IncreaseDecreaseInAccountsPayableAndAccruedLiabilities" xlink:label="loc_us-gaapIncreaseDecreaseInAccountsPayableAndAccruedLiabilities" />
      <link:calculationArc order="19" xlink:arcrole="http://www.xbrl.org/2003/arcrole/summation-item" xlink:from="loc_us-gaapNetCashProvidedByUsedInOperatingActivities" xlink:to="loc_us-gaapIncreaseDecreaseInAccountsPayableAndAccruedLiabilities" xlink:type="arc" weight="1" />
      <link:loc xlink:type="locator" xlink:href="http://xbrl.fasb.org/us-gaap/2017/elts/us-gaap-2017-01-31.xsd#us-gaap_DebtInstrumentConvertibleBeneficialConversionFeature" xlink:label="loc_us-gaapDebtInstrumentConvertibleBeneficialConversionFeature" />
      <link:calculationArc order="20" xlink:arcrole="http://www.xbrl.org/2003/arcrole/summation-item" xlink:from="loc_us-gaapNetCashProvidedByUsedInOperatingActivities" xlink:to="loc_us-gaapDebtInstrumentConvertibleBeneficialConversionFeature" xlink:type="arc" weight="-1" />
      <link:loc xlink:type="locator" xlink:href="http://xbrl.fasb.org/us-gaap/2017/elts/us-gaap-2017-01-31.xsd#us-gaap_GainLossOnSaleOfEquityInvestments" xlink:label="loc_us-gaapGainLossOnSaleOfEquityInvestments" />
      <link:calculationArc order="21" xlink:arcrole="http://www.xbrl.org/2003/arcrole/summation-item" xlink:from="loc_us-gaapNetCashProvidedByUsedInOperatingActivities" xlink:to="loc_us-gaapGainLossOnSaleOfEquityInvestments" xlink:type="arc" weight="-1" />
      <link:loc xlink:type="locator" xlink:href="mara-20170930.xsd#MARA_WarrantLiability" xlink:label="loc_MARAWarrantLiability" />
      <link:calculationArc order="22" xlink:arcrole="http://www.xbrl.org/2003/arcrole/summation-item" xlink:from="loc_us-gaapNetCashProvidedByUsedInOperatingActivities" xlink:to="loc_MARAWarrantLiability" xlink:type="arc" weight="-1" />
      <link:loc xlink:type="locator" xlink:href="http://xbrl.fasb.org/us-gaap/2017/elts/us-gaap-2017-01-31.xsd#us-gaap_NetCashProvidedByUsedInInvestingActivities" xlink:label="loc_us-gaapNetCashProvidedByUsedInInvestingActivities" />
      <link:loc xlink:type="locator" xlink:href="http://xbrl.fasb.org/us-gaap/2017/elts/us-gaap-2017-01-31.xsd#us-gaap_PaymentsToAcquireIntangibleAssets" xlink:label="loc_us-gaapPaymentsToAcquireIntangibleAssets" />
      <link:calculationArc order="1" xlink:arcrole="http://www.xbrl.org/2003/arcrole/summation-item" xlink:from="loc_us-gaapNetCashProvidedByUsedInInvestingActivities" xlink:to="loc_us-gaapPaymentsToAcquireIntangibleAssets" xlink:type="arc" weight="-1" />
      <link:loc xlink:type="locator" xlink:href="http://xbrl.fasb.org/us-gaap/2017/elts/us-gaap-2017-01-31.xsd#us-gaap_PaymentsToAcquirePropertyPlantAndEquipment" xlink:label="loc_us-gaapPaymentsToAcquirePropertyPlantAndEquipment" />
      <link:calculationArc order="2" xlink:arcrole="http://www.xbrl.org/2003/arcrole/summation-item" xlink:from="loc_us-gaapNetCashProvidedByUsedInInvestingActivities" xlink:to="loc_us-gaapPaymentsToAcquirePropertyPlantAndEquipment" xlink:type="arc" weight="-1" />
      <link:loc xlink:type="locator" xlink:href="mara-20170930.xsd#MARA_DisposalOfPatents" xlink:label="loc_MARADisposalOfPatents" />
      <link:calculationArc order="3" xlink:arcrole="http://www.xbrl.org/2003/arcrole/summation-item" xlink:from="loc_us-gaapNetCashProvidedByUsedInInvestingActivities" xlink:to="loc_MARADisposalOfPatents" xlink:type="arc" weight="-1" />
      <link:loc xlink:type="locator" xlink:href="http://xbrl.fasb.org/us-gaap/2017/elts/us-gaap-2017-01-31.xsd#us-gaap_NetCashProvidedByUsedInFinancingActivities" xlink:label="loc_us-gaapNetCashProvidedByUsedInFinancingActivities" />
      <link:loc xlink:type="locator" xlink:href="http://xbrl.fasb.org/us-gaap/2017/elts/us-gaap-2017-01-31.xsd#us-gaap_ProceedsFromIssuanceOfCommonStock" xlink:label="loc_us-gaapProceedsFromIssuanceOfCommonStock" />
      <link:calculationArc order="1" xlink:arcrole="http://www.xbrl.org/2003/arcrole/summation-item" xlink:from="loc_us-gaapNetCashProvidedByUsedInFinancingActivities" xlink:to="loc_us-gaapProceedsFromIssuanceOfCommonStock" xlink:type="arc" weight="1" />
      <link:loc xlink:type="locator" xlink:href="http://xbrl.fasb.org/us-gaap/2017/elts/us-gaap-2017-01-31.xsd#us-gaap_ProceedsFromIssuanceOfWarrants" xlink:label="loc_us-gaapProceedsFromIssuanceOfWarrants" />
      <link:calculationArc order="2" xlink:arcrole="http://www.xbrl.org/2003/arcrole/summation-item" xlink:from="loc_us-gaapNetCashProvidedByUsedInFinancingActivities" xlink:to="loc_us-gaapProceedsFromIssuanceOfWarrants" xlink:type="arc" weight="1" />
      <link:loc xlink:type="locator" xlink:href="http://xbrl.fasb.org/us-gaap/2017/elts/us-gaap-2017-01-31.xsd#us-gaap_RepaymentsOfNotesPayable" xlink:label="loc_us-gaapRepaymentsOfNotesPayable" />
      <link:calculationArc order="3" xlink:arcrole="http://www.xbrl.org/2003/arcrole/summation-item" xlink:from="loc_us-gaapNetCashProvidedByUsedInFinancingActivities" xlink:to="loc_us-gaapRepaymentsOfNotesPayable" xlink:type="arc" weight="-1" />
      <link:loc xlink:type="locator" xlink:href="mara-20170930.xsd#MARA_PaymentsOnNotesPayable" xlink:label="loc_MARAPaymentsOnNotesPayable" />
      <link:calculationArc order="4" xlink:arcrole="http://www.xbrl.org/2003/arcrole/summation-item" xlink:from="loc_us-gaapNetCashProvidedByUsedInFinancingActivities" xlink:to="loc_MARAPaymentsOnNotesPayable" xlink:type="arc" weight="-1" />
      <link:loc xlink:type="locator" xlink:href="http://xbrl.fasb.org/us-gaap/2017/elts/us-gaap-2017-01-31.xsd#us-gaap_ProceedsFromNotesPayable" xlink:label="loc_us-gaapProceedsFromNotesPayable" />
      <link:calculationArc order="5" xlink:arcrole="http://www.xbrl.org/2003/arcrole/summation-item" xlink:from="loc_us-gaapNetCashProvidedByUsedInFinancingActivities" xlink:to="loc_us-gaapProceedsFromNotesPayable" xlink:type="arc" weight="1" />
      <link:loc xlink:type="locator" xlink:href="http://xbrl.fasb.org/us-gaap/2017/elts/us-gaap-2017-01-31.xsd#us-gaap_ProceedsFromConvertibleDebt" xlink:label="loc_us-gaapProceedsFromConvertibleDebt" />
      <link:calculationArc order="6" xlink:arcrole="http://www.xbrl.org/2003/arcrole/summation-item" xlink:from="loc_us-gaapNetCashProvidedByUsedInFinancingActivities" xlink:to="loc_us-gaapProceedsFromConvertibleDebt" xlink:type="arc" weight="1" />
      <link:loc xlink:type="locator" xlink:href="http://xbrl.fasb.org/us-gaap/2017/elts/us-gaap-2017-01-31.xsd#us-gaap_CashAndCashEquivalentsPeriodIncreaseDecrease" xlink:label="loc_us-gaapCashAndCashEquivalentsPeriodIncreaseDecrease" />
      <link:loc xlink:type="locator" xlink:href="http://xbrl.fasb.org/us-gaap/2017/elts/us-gaap-2017-01-31.xsd#us-gaap_EffectOfExchangeRateOnCashAndCashEquivalents" xlink:label="loc_us-gaapEffectOfExchangeRateOnCashAndCashEquivalents" />
      <link:calculationArc order="1" xlink:arcrole="http://www.xbrl.org/2003/arcrole/summation-item" xlink:from="loc_us-gaapCashAndCashEquivalentsPeriodIncreaseDecrease" xlink:to="loc_us-gaapEffectOfExchangeRateOnCashAndCashEquivalents" xlink:type="arc" weight="1" />
      <link:calculationArc order="2" xlink:arcrole="http://www.xbrl.org/2003/arcrole/summation-item" xlink:from="loc_us-gaapCashAndCashEquivalentsPeriodIncreaseDecrease" xlink:to="loc_us-gaapNetCashProvidedByUsedInOperatingActivities" xlink:type="arc" weight="1" />
      <link:calculationArc order="3" xlink:arcrole="http://www.xbrl.org/2003/arcrole/summation-item" xlink:from="loc_us-gaapCashAndCashEquivalentsPeriodIncreaseDecrease" xlink:to="loc_us-gaapNetCashProvidedByUsedInInvestingActivities" xlink:type="arc" weight="1" />
      <link:calculationArc order="4" xlink:arcrole="http://www.xbrl.org/2003/arcrole/summation-item" xlink:from="loc_us-gaapCashAndCashEquivalentsPeriodIncreaseDecrease" xlink:to="loc_us-gaapNetCashProvidedByUsedInFinancingActivities" xlink:type="arc" weight="1" />
    </link:calculationLink>
    <link:calculationLink xlink:type="extended" xlink:role="http://marathonpg.com/role/OrganizationAndDescriptionOfBusiness" xlink:title="00000006 - Disclosure - Organization and Description of Business" />
    <link:calculationLink xlink:type="extended" xlink:role="http://marathonpg.com/role/SummaryOfSignificantAccountingPolicies" xlink:title="00000007 - Disclosure - Summary of Significant Accounting Policies" />
    <link:calculationLink xlink:type="extended" xlink:role="http://marathonpg.com/role/Acquisitions" xlink:title="00000008 - Disclosure - Acquisitions" />
    <link:calculationLink xlink:type="extended" xlink:role="http://marathonpg.com/role/IntangibleAssets" xlink:title="00000009 - Disclosure - Intangible Assets" />
    <link:calculationLink xlink:type="extended" xlink:role="http://marathonpg.com/role/StockholdersEquity" xlink:title="00000010 - Disclosure - Stockholders&#8217; Equity" />
    <link:calculationLink xlink:type="extended" xlink:role="http://marathonpg.com/role/DebtCommitmentsAndContingencies" xlink:title="00000011 - Disclosure - Debt, Commitments and Contingencies" />
    <link:calculationLink xlink:type="extended" xlink:role="http://marathonpg.com/role/SubsequentEvents" xlink:title="00000012 - Disclosure - Subsequent Events" />
    <link:calculationLink xlink:type="extended" xlink:role="http://marathonpg.com/role/SummaryOfSignificantAccountingPoliciesPolicies" xlink:title="00000013 - Disclosure - Summary of Significant Accounting Policies (Policies)" />
    <link:calculationLink xlink:type="extended" xlink:role="http://marathonpg.com/role/DisclosureSummaryOfSignificantAccountingPoliciesTables" xlink:title="00000014 - Disclosure - Summary of Significant Accounting Policies (Tables)" />
    <link:calculationLink xlink:type="extended" xlink:role="http://marathonpg.com/role/DisclosureIntangibleAssetsTables" xlink:title="00000015 - Disclosure - Intangible Assets (Tables)" />
    <link:calculationLink xlink:type="extended" xlink:role="http://marathonpg.com/role/StockholdersEquityTables" xlink:title="00000016 - Disclosure - Stockholders' Equity (Tables)" />
    <link:calculationLink xlink:type="extended" xlink:role="http://marathonpg.com/role/DebtCommitmentsAndContingenciesTables" xlink:title="00000017 - Disclosure - Debt, Commitments and Contingencies (Tables)" />
    <link:calculationLink xlink:type="extended" xlink:role="http://marathonpg.com/role/OrganizationAndDescriptionOfBusinessDetailsNarrative" xlink:title="00000018 - Disclosure - Organization and Description of Business (Details Narrative)" />
    <link:calculationLink xlink:type="extended" xlink:role="http://marathonpg.com/role/SummaryOfSignificantAccountingPoliciesDetailsNarrative" xlink:title="00000019 - Disclosure - Summary of Significant Accounting Policies (Details Narrative)" />
    <link:calculationLink xlink:type="extended" xlink:role="http://marathonpg.com/role/SummaryOfSignificantAccountingPolicies-ScheduleOfComputationOfBasicAndDilutedLossPerShareDetails" xlink:title="00000020 - Disclosure - Summary of Significant Accounting Policies - Schedule of Computation of Basic and Diluted Loss Per Share (Details)" />
    <link:calculationLink xlink:type="extended" xlink:role="http://marathonpg.com/role/AcquisitionsDetailsNarrative" xlink:title="00000021 - Disclosure - Acquisitions (Details Narrative)" />
    <link:calculationLink xlink:type="extended" xlink:role="http://marathonpg.com/role/IntangibleAssetsDetailsNarrative" xlink:title="00000022 - Disclosure - Intangible Assets (Details Narrative)" />
    <link:calculationLink xlink:type="extended" xlink:role="http://marathonpg.com/role/IntangibleAssets-ScheduleOfIntangibleAssetsDetails" xlink:title="00000023 - Disclosure - Intangible Assets - Schedule of Intangible Assets (Details)">
      <link:loc xlink:type="locator" xlink:href="http://xbrl.fasb.org/us-gaap/2017/elts/us-gaap-2017-01-31.xsd#us-gaap_FiniteLivedIntangibleAssetsNet" xlink:label="loc_us-gaapFiniteLivedIntangibleAssetsNet" />
      <link:loc xlink:type="locator" xlink:href="http://xbrl.fasb.org/us-gaap/2017/elts/us-gaap-2017-01-31.xsd#us-gaap_FiniteLivedIntangibleAssetsGross" xlink:label="loc_us-gaapFiniteLivedIntangibleAssetsGross" />
      <link:calculationArc order="1" xlink:arcrole="http://www.xbrl.org/2003/arcrole/summation-item" xlink:from="loc_us-gaapFiniteLivedIntangibleAssetsNet" xlink:to="loc_us-gaapFiniteLivedIntangibleAssetsGross" xlink:type="arc" weight="1" />
      <link:loc xlink:type="locator" xlink:href="mara-20170930.xsd#MARA_AccumulatedAmortizationAndImpairment" xlink:label="loc_MARAAccumulatedAmortizationAndImpairment" />
      <link:calculationArc order="2" xlink:arcrole="http://www.xbrl.org/2003/arcrole/summation-item" xlink:from="loc_us-gaapFiniteLivedIntangibleAssetsNet" xlink:to="loc_MARAAccumulatedAmortizationAndImpairment" xlink:type="arc" weight="-1" />
    </link:calculationLink>
    <link:calculationLink xlink:type="extended" xlink:role="http://marathonpg.com/role/IntangibleAssets-ScheduleOfFutureAmortizationOfIntangibleAssetsNetOfForeignCurrencyTranslationAdjustmentsDetails" xlink:title="00000024 - Disclosure - Intangible Assets - Schedule of Future Amortization of Intangible Assets, Net of Foreign Currency Translation Adjustments (Details)">
      <link:loc xlink:type="locator" xlink:href="http://xbrl.fasb.org/us-gaap/2017/elts/us-gaap-2017-01-31.xsd#us-gaap_IntangibleAssetsNetExcludingGoodwill" xlink:label="loc_us-gaapIntangibleAssetsNetExcludingGoodwill" />
      <link:loc xlink:type="locator" xlink:href="http://xbrl.fasb.org/us-gaap/2017/elts/us-gaap-2017-01-31.xsd#us-gaap_FiniteLivedIntangibleAssetsAmortizationExpenseRemainderOfFiscalYear" xlink:label="loc_us-gaapFiniteLivedIntangibleAssetsAmortizationExpenseRemainderOfFiscalYear" />
      <link:calculationArc order="1" xlink:arcrole="http://www.xbrl.org/2003/arcrole/summation-item" xlink:from="loc_us-gaapIntangibleAssetsNetExcludingGoodwill" xlink:to="loc_us-gaapFiniteLivedIntangibleAssetsAmortizationExpenseRemainderOfFiscalYear" xlink:type="arc" weight="1" />
      <link:loc xlink:type="locator" xlink:href="http://xbrl.fasb.org/us-gaap/2017/elts/us-gaap-2017-01-31.xsd#us-gaap_FiniteLivedIntangibleAssetsAmortizationExpenseYearTwo" xlink:label="loc_us-gaapFiniteLivedIntangibleAssetsAmortizationExpenseYearTwo" />
      <link:calculationArc order="2" xlink:arcrole="http://www.xbrl.org/2003/arcrole/summation-item" xlink:from="loc_us-gaapIntangibleAssetsNetExcludingGoodwill" xlink:to="loc_us-gaapFiniteLivedIntangibleAssetsAmortizationExpenseYearTwo" xlink:type="arc" weight="1" />
      <link:loc xlink:type="locator" xlink:href="http://xbrl.fasb.org/us-gaap/2017/elts/us-gaap-2017-01-31.xsd#us-gaap_FiniteLivedIntangibleAssetsAmortizationExpenseYearThree" xlink:label="loc_us-gaapFiniteLivedIntangibleAssetsAmortizationExpenseYearThree" />
      <link:calculationArc order="3" xlink:arcrole="http://www.xbrl.org/2003/arcrole/summation-item" xlink:from="loc_us-gaapIntangibleAssetsNetExcludingGoodwill" xlink:to="loc_us-gaapFiniteLivedIntangibleAssetsAmortizationExpenseYearThree" xlink:type="arc" weight="1" />
      <link:loc xlink:type="locator" xlink:href="http://xbrl.fasb.org/us-gaap/2017/elts/us-gaap-2017-01-31.xsd#us-gaap_FiniteLivedIntangibleAssetsAmortizationExpenseYearFour" xlink:label="loc_us-gaapFiniteLivedIntangibleAssetsAmortizationExpenseYearFour" />
      <link:calculationArc order="4" xlink:arcrole="http://www.xbrl.org/2003/arcrole/summation-item" xlink:from="loc_us-gaapIntangibleAssetsNetExcludingGoodwill" xlink:to="loc_us-gaapFiniteLivedIntangibleAssetsAmortizationExpenseYearFour" xlink:type="arc" weight="1" />
      <link:loc xlink:type="locator" xlink:href="http://xbrl.fasb.org/us-gaap/2017/elts/us-gaap-2017-01-31.xsd#us-gaap_FiniteLivedIntangibleAssetsAmortizationExpenseYearFive" xlink:label="loc_us-gaapFiniteLivedIntangibleAssetsAmortizationExpenseYearFive" />
      <link:calculationArc order="5" xlink:arcrole="http://www.xbrl.org/2003/arcrole/summation-item" xlink:from="loc_us-gaapIntangibleAssetsNetExcludingGoodwill" xlink:to="loc_us-gaapFiniteLivedIntangibleAssetsAmortizationExpenseYearFive" xlink:type="arc" weight="1" />
      <link:loc xlink:type="locator" xlink:href="http://xbrl.fasb.org/us-gaap/2017/elts/us-gaap-2017-01-31.xsd#us-gaap_FiniteLivedIntangibleAssetsAmortizationExpenseAfterYearFive" xlink:label="loc_us-gaapFiniteLivedIntangibleAssetsAmortizationExpenseAfterYearFive" />
      <link:calculationArc order="6" xlink:arcrole="http://www.xbrl.org/2003/arcrole/summation-item" xlink:from="loc_us-gaapIntangibleAssetsNetExcludingGoodwill" xlink:to="loc_us-gaapFiniteLivedIntangibleAssetsAmortizationExpenseAfterYearFive" xlink:type="arc" weight="1" />
    </link:calculationLink>
    <link:calculationLink xlink:type="extended" xlink:role="http://marathonpg.com/role/IntangibleAssets-SummaryOfCompanysPatentPortfoliosDetails" xlink:title="00000025 - Disclosure - Intangible Assets - Summary of the Company's Patent Portfolios (Details)" />
    <link:calculationLink xlink:type="extended" xlink:role="http://marathonpg.com/role/StockholdersEquityDetailsNarrative" xlink:title="00000026 - Disclosure - Stockholders&#8217; Equity (Details Narrative)" />
    <link:calculationLink xlink:type="extended" xlink:role="http://marathonpg.com/role/StockholdersEquity-SummaryOfCompanysOutstandingStockWarrantsAndChangesDuringPeriodDetails" xlink:title="00000027 - Disclosure - Stockholders&#8217; Equity - Summary of the Company's Outstanding Stock Warrants and Changes During the Period (Details)" />
    <link:calculationLink xlink:type="extended" xlink:role="http://marathonpg.com/role/StockholdersEquity-SummaryOfStockOptionsAndChangesDuringPeriodDetails" xlink:title="00000028 - Disclosure - Stockholders&#8217; Equity - Summary of Stock Options and Changes During the Period (Details)" />
    <link:calculationLink xlink:type="extended" xlink:role="http://marathonpg.com/role/DebtCommitmentsAndContingenciesDetailsNarrative" xlink:title="00000029 - Disclosure - Debt, Commitments and Contingencies (Details Narrative)" />
    <link:calculationLink xlink:type="extended" xlink:role="http://marathonpg.com/role/DebtCommitmentsAndContingencies-ScheduleOfDebtDetails" xlink:title="00000030 - Disclosure - Debt, Commitments and Contingencies - Schedule of Debt (Details)" />
    <link:calculationLink xlink:type="extended" xlink:role="http://marathonpg.com/role/DebtCommitmentsAndContingencies-ScheduleOfFutureMinimumPrincipalPaymentsDetails" xlink:title="00000031 - Disclosure - Debt, Commitments and Contingencies - Schedule of Future Minimum Principal Payments (Details)">
      <link:loc xlink:type="locator" xlink:href="http://xbrl.fasb.org/us-gaap/2017/elts/us-gaap-2017-01-31.xsd#us-gaap_LongTermDebt" xlink:label="loc_us-gaapLongTermDebt" />
      <link:loc xlink:type="locator" xlink:href="http://xbrl.fasb.org/us-gaap/2017/elts/us-gaap-2017-01-31.xsd#us-gaap_LongTermDebtMaturitiesRepaymentsOfPrincipalRemainderOfFiscalYear" xlink:label="loc_us-gaapLongTermDebtMaturitiesRepaymentsOfPrincipalRemainderOfFiscalYear" />
      <link:calculationArc order="1" xlink:arcrole="http://www.xbrl.org/2003/arcrole/summation-item" xlink:from="loc_us-gaapLongTermDebt" xlink:to="loc_us-gaapLongTermDebtMaturitiesRepaymentsOfPrincipalRemainderOfFiscalYear" xlink:type="arc" weight="1" />
      <link:loc xlink:type="locator" xlink:href="http://xbrl.fasb.org/us-gaap/2017/elts/us-gaap-2017-01-31.xsd#us-gaap_LongTermDebtMaturitiesRepaymentsOfPrincipalInYearTwo" xlink:label="loc_us-gaapLongTermDebtMaturitiesRepaymentsOfPrincipalInYearTwo" />
      <link:calculationArc order="2" xlink:arcrole="http://www.xbrl.org/2003/arcrole/summation-item" xlink:from="loc_us-gaapLongTermDebt" xlink:to="loc_us-gaapLongTermDebtMaturitiesRepaymentsOfPrincipalInYearTwo" xlink:type="arc" weight="1" />
    </link:calculationLink>
    <link:calculationLink xlink:type="extended" xlink:role="http://marathonpg.com/role/DebtCommitmentsAndContingencies-ScheduleOfFutureMinimumLeasePaymentsDetails" xlink:title="00000032 - Disclosure - Debt, Commitments and Contingencies - Schedule of Future Minimum Lease Payments (Details)">
      <link:loc xlink:type="locator" xlink:href="http://xbrl.fasb.org/us-gaap/2017/elts/us-gaap-2017-01-31.xsd#us-gaap_OperatingLeasesFutureMinimumPaymentsDue" xlink:label="loc_us-gaapOperatingLeasesFutureMinimumPaymentsDue" />
      <link:loc xlink:type="locator" xlink:href="http://xbrl.fasb.org/us-gaap/2017/elts/us-gaap-2017-01-31.xsd#us-gaap_OperatingLeasesFutureMinimumPaymentsRemainderOfFiscalYear" xlink:label="loc_us-gaapOperatingLeasesFutureMinimumPaymentsRemainderOfFiscalYear" />
      <link:calculationArc order="1" xlink:arcrole="http://www.xbrl.org/2003/arcrole/summation-item" xlink:from="loc_us-gaapOperatingLeasesFutureMinimumPaymentsDue" xlink:to="loc_us-gaapOperatingLeasesFutureMinimumPaymentsRemainderOfFiscalYear" xlink:type="arc" weight="1" />
      <link:loc xlink:type="locator" xlink:href="http://xbrl.fasb.org/us-gaap/2017/elts/us-gaap-2017-01-31.xsd#us-gaap_OperatingLeasesFutureMinimumPaymentsDueInTwoYears" xlink:label="loc_us-gaapOperatingLeasesFutureMinimumPaymentsDueInTwoYears" />
      <link:calculationArc order="2" xlink:arcrole="http://www.xbrl.org/2003/arcrole/summation-item" xlink:from="loc_us-gaapOperatingLeasesFutureMinimumPaymentsDue" xlink:to="loc_us-gaapOperatingLeasesFutureMinimumPaymentsDueInTwoYears" xlink:type="arc" weight="1" />
      <link:loc xlink:type="locator" xlink:href="http://xbrl.fasb.org/us-gaap/2017/elts/us-gaap-2017-01-31.xsd#us-gaap_OperatingLeasesFutureMinimumPaymentsDueInThreeYears" xlink:label="loc_us-gaapOperatingLeasesFutureMinimumPaymentsDueInThreeYears" />
      <link:calculationArc order="3" xlink:arcrole="http://www.xbrl.org/2003/arcrole/summation-item" xlink:from="loc_us-gaapOperatingLeasesFutureMinimumPaymentsDue" xlink:to="loc_us-gaapOperatingLeasesFutureMinimumPaymentsDueInThreeYears" xlink:type="arc" weight="1" />
      <link:loc xlink:type="locator" xlink:href="http://xbrl.fasb.org/us-gaap/2017/elts/us-gaap-2017-01-31.xsd#us-gaap_OperatingLeasesFutureMinimumPaymentsDueInFourYears" xlink:label="loc_us-gaapOperatingLeasesFutureMinimumPaymentsDueInFourYears" />
      <link:calculationArc order="4" xlink:arcrole="http://www.xbrl.org/2003/arcrole/summation-item" xlink:from="loc_us-gaapOperatingLeasesFutureMinimumPaymentsDue" xlink:to="loc_us-gaapOperatingLeasesFutureMinimumPaymentsDueInFourYears" xlink:type="arc" weight="1" />
      <link:loc xlink:type="locator" xlink:href="http://xbrl.fasb.org/us-gaap/2017/elts/us-gaap-2017-01-31.xsd#us-gaap_OperatingLeasesFutureMinimumPaymentsDueInFiveYears" xlink:label="loc_us-gaapOperatingLeasesFutureMinimumPaymentsDueInFiveYears" />
      <link:calculationArc order="5" xlink:arcrole="http://www.xbrl.org/2003/arcrole/summation-item" xlink:from="loc_us-gaapOperatingLeasesFutureMinimumPaymentsDue" xlink:to="loc_us-gaapOperatingLeasesFutureMinimumPaymentsDueInFiveYears" xlink:type="arc" weight="1" />
    </link:calculationLink>
    <link:calculationLink xlink:type="extended" xlink:role="http://marathonpg.com/role/SubsequentEventsDetailsNarrative" xlink:title="00000033 - Disclosure - Subsequent Events (Details Narrative)" />
</link:linkbase>
