<?xml version="1.0" encoding="us-ascii"?>
<!-- Created by Merrill Corporation -->
<!--XBRL document created with Merrill Bridge  6.4.50.0 -->
<!--Based on XBRL 2.1-->
<!--Created on: 4/4/2017 4:11:53 PM-->
<!--Modified on: 4/4/2017 4:11:53 PM-->
<link:linkbase xsi:schemaLocation="http://www.xbrl.org/2003/linkbase http://www.xbrl.org/2003/xbrl-linkbase-2003-12-31.xsd" xmlns:link="http://www.xbrl.org/2003/linkbase" xmlns:xsi="http://www.w3.org/2001/XMLSchema-instance" xmlns:xbrli="http://www.xbrl.org/2003/instance" xmlns:xlink="http://www.w3.org/1999/xlink">
  <roleRef xlink:type="simple" xlink:href="mara-20161231.xsd#StatementConsolidatedBalanceSheets" roleURI="http://marathonpg.com/role/StatementConsolidatedBalanceSheets" xmlns="http://www.xbrl.org/2003/linkbase" />
  <roleRef xlink:type="simple" xlink:href="mara-20161231.xsd#StatementConsolidatedStatementsOfOperations" roleURI="http://marathonpg.com/role/StatementConsolidatedStatementsOfOperations" xmlns="http://www.xbrl.org/2003/linkbase" />
  <roleRef xlink:type="simple" xlink:href="mara-20161231.xsd#StatementConsolidatedStatementsOfComprehensiveLoss" roleURI="http://marathonpg.com/role/StatementConsolidatedStatementsOfComprehensiveLoss" xmlns="http://www.xbrl.org/2003/linkbase" />
  <roleRef xlink:type="simple" xlink:href="mara-20161231.xsd#StatementConsolidatedStatementsOfCashFlows" roleURI="http://marathonpg.com/role/StatementConsolidatedStatementsOfCashFlows" xmlns="http://www.xbrl.org/2003/linkbase" />
  <roleRef xlink:type="simple" xlink:href="mara-20161231.xsd#DisclosureAcquisitionsCloudingCorpDetails" roleURI="http://marathonpg.com/role/DisclosureAcquisitionsCloudingCorpDetails" xmlns="http://www.xbrl.org/2003/linkbase" />
  <roleRef xlink:type="simple" xlink:href="mara-20161231.xsd#DisclosureIntangibleAssetsNetDetails" roleURI="http://marathonpg.com/role/DisclosureIntangibleAssetsNetDetails" xmlns="http://www.xbrl.org/2003/linkbase" />
  <roleRef xlink:type="simple" xlink:href="mara-20161231.xsd#DisclosureIntangibleAssetsNetFutureAmortizationOfCurrentIntangibleAssetsDetails" roleURI="http://marathonpg.com/role/DisclosureIntangibleAssetsNetFutureAmortizationOfCurrentIntangibleAssetsDetails" xmlns="http://www.xbrl.org/2003/linkbase" />
  <roleRef xlink:type="simple" xlink:href="mara-20161231.xsd#DisclosureCommitmentsAndContingenciesDebtAndObligationsDetails" roleURI="http://marathonpg.com/role/DisclosureCommitmentsAndContingenciesDebtAndObligationsDetails" xmlns="http://www.xbrl.org/2003/linkbase" />
  <roleRef xlink:type="simple" xlink:href="mara-20161231.xsd#DisclosureCommitmentsAndContingenciesScheduleOfNotesPayableDetails" roleURI="http://marathonpg.com/role/DisclosureCommitmentsAndContingenciesScheduleOfNotesPayableDetails" xmlns="http://www.xbrl.org/2003/linkbase" />
  <roleRef xlink:type="simple" xlink:href="mara-20161231.xsd#DisclosureCommitmentsAndContingenciesFutureMinimumPrincipalPaymentsDetails" roleURI="http://marathonpg.com/role/DisclosureCommitmentsAndContingenciesFutureMinimumPrincipalPaymentsDetails" xmlns="http://www.xbrl.org/2003/linkbase" />
  <roleRef xlink:type="simple" xlink:href="mara-20161231.xsd#DisclosureCommitmentsAndContingenciesOfficeLeaseAndLegalProceedingsDetails" roleURI="http://marathonpg.com/role/DisclosureCommitmentsAndContingenciesOfficeLeaseAndLegalProceedingsDetails" xmlns="http://www.xbrl.org/2003/linkbase" />
  <roleRef xlink:type="simple" xlink:href="mara-20161231.xsd#DisclosureIncomeTaxesCurrentAndDeferredProvisionBenefitDetails" roleURI="http://marathonpg.com/role/DisclosureIncomeTaxesCurrentAndDeferredProvisionBenefitDetails" xmlns="http://www.xbrl.org/2003/linkbase" />
  <roleRef xlink:type="simple" xlink:href="mara-20161231.xsd#DisclosureIncomeTaxesEffectiveTaxRateAndStatutoryFederalRateInDollarsDetails" roleURI="http://marathonpg.com/role/DisclosureIncomeTaxesEffectiveTaxRateAndStatutoryFederalRateInDollarsDetails" xmlns="http://www.xbrl.org/2003/linkbase" />
  <roleRef xlink:type="simple" xlink:href="mara-20161231.xsd#DisclosureIncomeTaxesEffectiveTaxRateAndStatutoryFederalRateInPercentDetails" roleURI="http://marathonpg.com/role/DisclosureIncomeTaxesEffectiveTaxRateAndStatutoryFederalRateInPercentDetails" xmlns="http://www.xbrl.org/2003/linkbase" />
  <roleRef xlink:type="simple" xlink:href="mara-20161231.xsd#DisclosureIncomeTaxesDeferredTaxAssetsDetails" roleURI="http://marathonpg.com/role/DisclosureIncomeTaxesDeferredTaxAssetsDetails" xmlns="http://www.xbrl.org/2003/linkbase" />
  <roleRef xlink:type="simple" xlink:href="mara-20161231.xsd#DisclosureIncomeTaxesDeferredTaxAssetsAndDeferredTaxLiabilitiesDetails" roleURI="http://marathonpg.com/role/DisclosureIncomeTaxesDeferredTaxAssetsAndDeferredTaxLiabilitiesDetails" xmlns="http://www.xbrl.org/2003/linkbase" />
  <calculationLink xlink:role="http://marathonpg.com/role/StatementConsolidatedBalanceSheets" xlink:type="extended" xlink:title="00100 - Statement - CONSOLIDATED BALANCE SHEETS" xmlns="http://www.xbrl.org/2003/linkbase">
    <loc xlink:type="locator" xlink:href="http://xbrl.fasb.org/us-gaap/2015/elts/us-gaap-2015-01-31.xsd#us-gaap_Assets" xlink:label="loc_us-gaapAssets" />
    <loc xlink:type="locator" xlink:href="http://xbrl.fasb.org/us-gaap/2015/elts/us-gaap-2015-01-31.xsd#us-gaap_AssetsCurrent" xlink:label="us-gaap_AssetsCurrent_636269191083440929" />
    <calculationArc xlink:type="arc" xlink:arcrole="http://www.xbrl.org/2003/arcrole/summation-item" xlink:from="loc_us-gaapAssets" xlink:to="us-gaap_AssetsCurrent_636269191083440929" order="1" use="optional" weight="1" />
    <loc xlink:type="locator" xlink:href="http://xbrl.fasb.org/us-gaap/2015/elts/us-gaap-2015-01-31.xsd#us-gaap_Cash" xlink:label="us-gaap_Cash_636269191083450930" />
    <calculationArc xlink:type="arc" xlink:arcrole="http://www.xbrl.org/2003/arcrole/summation-item" xlink:from="us-gaap_AssetsCurrent_636269191083440929" xlink:to="us-gaap_Cash_636269191083450930" order="1" use="optional" weight="1" />
    <loc xlink:type="locator" xlink:href="http://xbrl.fasb.org/us-gaap/2015/elts/us-gaap-2015-01-31.xsd#us-gaap_AccountsReceivableNetCurrent" xlink:label="us-gaap_AccountsReceivableNetCurrent_636269191083450930" />
    <calculationArc xlink:type="arc" xlink:arcrole="http://www.xbrl.org/2003/arcrole/summation-item" xlink:from="us-gaap_AssetsCurrent_636269191083440929" xlink:to="us-gaap_AccountsReceivableNetCurrent_636269191083450930" order="2" use="optional" weight="1" priority="2" />
    <loc xlink:type="locator" xlink:href="mara-20161231.xsd#mara_BondsPostedWithCourts" xlink:label="mara_BondsPostedWithCourts_636269191083450930" />
    <calculationArc xlink:type="arc" xlink:arcrole="http://www.xbrl.org/2003/arcrole/summation-item" xlink:from="us-gaap_AssetsCurrent_636269191083440929" xlink:to="mara_BondsPostedWithCourts_636269191083450930" order="3" use="optional" weight="1" />
    <loc xlink:type="locator" xlink:href="http://xbrl.fasb.org/us-gaap/2015/elts/us-gaap-2015-01-31.xsd#us-gaap_PrepaidExpenseAndOtherAssetsCurrent" xlink:label="us-gaap_PrepaidExpenseAndOtherAssetsCurrent_636269191083460931" />
    <calculationArc xlink:type="arc" xlink:arcrole="http://www.xbrl.org/2003/arcrole/summation-item" xlink:from="us-gaap_AssetsCurrent_636269191083440929" xlink:to="us-gaap_PrepaidExpenseAndOtherAssetsCurrent_636269191083460931" order="4" use="optional" weight="1" priority="2" />
    <loc xlink:type="locator" xlink:href="http://xbrl.fasb.org/us-gaap/2015/elts/us-gaap-2015-01-31.xsd#us-gaap_AssetsNoncurrent" xlink:label="us-gaap_AssetsNoncurrent_636269191083460931" />
    <calculationArc xlink:type="arc" xlink:arcrole="http://www.xbrl.org/2003/arcrole/summation-item" xlink:from="loc_us-gaapAssets" xlink:to="us-gaap_AssetsNoncurrent_636269191083460931" order="2" use="optional" weight="1" priority="2" />
    <loc xlink:type="locator" xlink:href="http://xbrl.fasb.org/us-gaap/2015/elts/us-gaap-2015-01-31.xsd#us-gaap_PropertyPlantAndEquipmentNet" xlink:label="us-gaap_PropertyPlantAndEquipmentNet_636269191083460931" />
    <calculationArc xlink:type="arc" xlink:arcrole="http://www.xbrl.org/2003/arcrole/summation-item" xlink:from="us-gaap_AssetsNoncurrent_636269191083460931" xlink:to="us-gaap_PropertyPlantAndEquipmentNet_636269191083460931" order="1" use="optional" weight="1" priority="1" />
    <loc xlink:type="locator" xlink:href="http://xbrl.fasb.org/us-gaap/2015/elts/us-gaap-2015-01-31.xsd#us-gaap_FiniteLivedIntangibleAssetsNet" xlink:label="us-gaap_FiniteLivedIntangibleAssetsNet_636269191083460931" />
    <calculationArc xlink:type="arc" xlink:arcrole="http://www.xbrl.org/2003/arcrole/summation-item" xlink:from="us-gaap_AssetsNoncurrent_636269191083460931" xlink:to="us-gaap_FiniteLivedIntangibleAssetsNet_636269191083460931" order="2" use="optional" weight="1" priority="2" />
    <loc xlink:type="locator" xlink:href="http://xbrl.fasb.org/us-gaap/2015/elts/us-gaap-2015-01-31.xsd#us-gaap_DeferredTaxAssetsLiabilitiesNetNoncurrent" xlink:label="us-gaap_DeferredTaxAssetsLiabilitiesNetNoncurrent_636269191083460931" />
    <calculationArc xlink:type="arc" xlink:arcrole="http://www.xbrl.org/2003/arcrole/summation-item" xlink:from="us-gaap_AssetsNoncurrent_636269191083460931" xlink:to="us-gaap_DeferredTaxAssetsLiabilitiesNetNoncurrent_636269191083460931" order="3" use="optional" weight="1" priority="3" />
    <loc xlink:type="locator" xlink:href="http://xbrl.fasb.org/us-gaap/2015/elts/us-gaap-2015-01-31.xsd#us-gaap_OtherAssetsNoncurrent" xlink:label="us-gaap_OtherAssetsNoncurrent_636269191083460931" />
    <calculationArc xlink:type="arc" xlink:arcrole="http://www.xbrl.org/2003/arcrole/summation-item" xlink:from="us-gaap_AssetsNoncurrent_636269191083460931" xlink:to="us-gaap_OtherAssetsNoncurrent_636269191083460931" order="4" use="optional" weight="1" priority="4" />
    <loc xlink:type="locator" xlink:href="http://xbrl.fasb.org/us-gaap/2015/elts/us-gaap-2015-01-31.xsd#us-gaap_Goodwill" xlink:label="us-gaap_Goodwill_636269191083460931" />
    <calculationArc xlink:type="arc" xlink:arcrole="http://www.xbrl.org/2003/arcrole/summation-item" xlink:from="us-gaap_AssetsNoncurrent_636269191083460931" xlink:to="us-gaap_Goodwill_636269191083460931" order="5" use="optional" weight="1" priority="1" />
    <loc xlink:type="locator" xlink:href="http://xbrl.fasb.org/us-gaap/2015/elts/us-gaap-2015-01-31.xsd#us-gaap_LiabilitiesAndStockholdersEquity" xlink:label="loc_us-gaapLiabilitiesAndStockholdersEquity" />
    <loc xlink:type="locator" xlink:href="http://xbrl.fasb.org/us-gaap/2015/elts/us-gaap-2015-01-31.xsd#us-gaap_StockholdersEquityIncludingPortionAttributableToNoncontrollingInterest" xlink:label="us-gaap_StockholdersEquityIncludingPortionAttributableToNoncontrollingInterest_636269191083550940" />
    <calculationArc xlink:type="arc" xlink:arcrole="http://www.xbrl.org/2003/arcrole/summation-item" xlink:from="loc_us-gaapLiabilitiesAndStockholdersEquity" xlink:to="us-gaap_StockholdersEquityIncludingPortionAttributableToNoncontrollingInterest_636269191083550940" order="1" use="optional" weight="1" priority="2" />
    <loc xlink:type="locator" xlink:href="http://xbrl.fasb.org/us-gaap/2015/elts/us-gaap-2015-01-31.xsd#us-gaap_StockholdersEquity" xlink:label="us-gaap_StockholdersEquity_636269191083550940" />
    <calculationArc xlink:type="arc" xlink:arcrole="http://www.xbrl.org/2003/arcrole/summation-item" xlink:from="us-gaap_StockholdersEquityIncludingPortionAttributableToNoncontrollingInterest_636269191083550940" xlink:to="us-gaap_StockholdersEquity_636269191083550940" order="1" use="optional" weight="1" priority="3" />
    <loc xlink:type="locator" xlink:href="http://xbrl.fasb.org/us-gaap/2015/elts/us-gaap-2015-01-31.xsd#us-gaap_PreferredStockValue" xlink:label="us-gaap_PreferredStockValue_636269191083550940" />
    <calculationArc xlink:type="arc" xlink:arcrole="http://www.xbrl.org/2003/arcrole/summation-item" xlink:from="us-gaap_StockholdersEquity_636269191083550940" xlink:to="us-gaap_PreferredStockValue_636269191083550940" order="1" use="optional" weight="1" priority="1" />
    <loc xlink:type="locator" xlink:href="http://xbrl.fasb.org/us-gaap/2015/elts/us-gaap-2015-01-31.xsd#us-gaap_CommonStockValue" xlink:label="us-gaap_CommonStockValue_636269191083550940" />
    <calculationArc xlink:type="arc" xlink:arcrole="http://www.xbrl.org/2003/arcrole/summation-item" xlink:from="us-gaap_StockholdersEquity_636269191083550940" xlink:to="us-gaap_CommonStockValue_636269191083550940" order="2" use="optional" weight="1" priority="1" />
    <loc xlink:type="locator" xlink:href="http://xbrl.fasb.org/us-gaap/2015/elts/us-gaap-2015-01-31.xsd#us-gaap_AdditionalPaidInCapital" xlink:label="us-gaap_AdditionalPaidInCapital_636269191083550940" />
    <calculationArc xlink:type="arc" xlink:arcrole="http://www.xbrl.org/2003/arcrole/summation-item" xlink:from="us-gaap_StockholdersEquity_636269191083550940" xlink:to="us-gaap_AdditionalPaidInCapital_636269191083550940" order="3" use="optional" weight="1" priority="1" />
    <loc xlink:type="locator" xlink:href="http://xbrl.fasb.org/us-gaap/2015/elts/us-gaap-2015-01-31.xsd#us-gaap_AccumulatedOtherComprehensiveIncomeLossNetOfTax" xlink:label="us-gaap_AccumulatedOtherComprehensiveIncomeLossNetOfTax_636269191083550940" />
    <calculationArc xlink:type="arc" xlink:arcrole="http://www.xbrl.org/2003/arcrole/summation-item" xlink:from="us-gaap_StockholdersEquity_636269191083550940" xlink:to="us-gaap_AccumulatedOtherComprehensiveIncomeLossNetOfTax_636269191083550940" order="4" use="optional" weight="1" priority="3" />
    <loc xlink:type="locator" xlink:href="http://xbrl.fasb.org/us-gaap/2015/elts/us-gaap-2015-01-31.xsd#us-gaap_RetainedEarningsAccumulatedDeficit" xlink:label="us-gaap_RetainedEarningsAccumulatedDeficit_636269191083550940" />
    <calculationArc xlink:type="arc" xlink:arcrole="http://www.xbrl.org/2003/arcrole/summation-item" xlink:from="us-gaap_StockholdersEquity_636269191083550940" xlink:to="us-gaap_RetainedEarningsAccumulatedDeficit_636269191083550940" order="5" use="optional" weight="1" />
    <loc xlink:type="locator" xlink:href="http://xbrl.fasb.org/us-gaap/2015/elts/us-gaap-2015-01-31.xsd#us-gaap_MinorityInterest" xlink:label="us-gaap_MinorityInterest_636269191083550940" />
    <calculationArc xlink:type="arc" xlink:arcrole="http://www.xbrl.org/2003/arcrole/summation-item" xlink:from="us-gaap_StockholdersEquityIncludingPortionAttributableToNoncontrollingInterest_636269191083550940" xlink:to="us-gaap_MinorityInterest_636269191083550940" order="2" use="optional" weight="1" priority="2" />
    <loc xlink:type="locator" xlink:href="http://xbrl.fasb.org/us-gaap/2015/elts/us-gaap-2015-01-31.xsd#us-gaap_Liabilities" xlink:label="us-gaap_Liabilities_636269191083550940" />
    <calculationArc xlink:type="arc" xlink:arcrole="http://www.xbrl.org/2003/arcrole/summation-item" xlink:from="loc_us-gaapLiabilitiesAndStockholdersEquity" xlink:to="us-gaap_Liabilities_636269191083550940" order="2" use="optional" weight="1" />
    <loc xlink:type="locator" xlink:href="http://xbrl.fasb.org/us-gaap/2015/elts/us-gaap-2015-01-31.xsd#us-gaap_LiabilitiesCurrent" xlink:label="us-gaap_LiabilitiesCurrent_636269191083560941" />
    <calculationArc xlink:type="arc" xlink:arcrole="http://www.xbrl.org/2003/arcrole/summation-item" xlink:from="us-gaap_Liabilities_636269191083550940" xlink:to="us-gaap_LiabilitiesCurrent_636269191083560941" order="1" use="optional" weight="1" />
    <loc xlink:type="locator" xlink:href="http://xbrl.fasb.org/us-gaap/2015/elts/us-gaap-2015-01-31.xsd#us-gaap_AccountsPayableAndAccruedLiabilitiesCurrent" xlink:label="us-gaap_AccountsPayableAndAccruedLiabilitiesCurrent_636269191083560941" />
    <calculationArc xlink:type="arc" xlink:arcrole="http://www.xbrl.org/2003/arcrole/summation-item" xlink:from="us-gaap_LiabilitiesCurrent_636269191083560941" xlink:to="us-gaap_AccountsPayableAndAccruedLiabilitiesCurrent_636269191083560941" order="1" use="optional" weight="1" />
    <loc xlink:type="locator" xlink:href="http://xbrl.fasb.org/us-gaap/2015/elts/us-gaap-2015-01-31.xsd#us-gaap_BusinessCombinationContingentConsiderationLiabilityCurrent" xlink:label="us-gaap_BusinessCombinationContingentConsiderationLiabilityCurrent_636269191083560941" />
    <calculationArc xlink:type="arc" xlink:arcrole="http://www.xbrl.org/2003/arcrole/summation-item" xlink:from="us-gaap_LiabilitiesCurrent_636269191083560941" xlink:to="us-gaap_BusinessCombinationContingentConsiderationLiabilityCurrent_636269191083560941" order="2" use="optional" weight="1" priority="2" />
    <loc xlink:type="locator" xlink:href="http://xbrl.fasb.org/us-gaap/2015/elts/us-gaap-2015-01-31.xsd#us-gaap_NotesPayableCurrent" xlink:label="us-gaap_NotesPayableCurrent_636269191083560941" />
    <calculationArc xlink:type="arc" xlink:arcrole="http://www.xbrl.org/2003/arcrole/summation-item" xlink:from="us-gaap_LiabilitiesCurrent_636269191083560941" xlink:to="us-gaap_NotesPayableCurrent_636269191083560941" order="3" use="optional" weight="1" priority="2" />
    <loc xlink:type="locator" xlink:href="http://xbrl.fasb.org/us-gaap/2015/elts/us-gaap-2015-01-31.xsd#us-gaap_LiabilitiesNoncurrent" xlink:label="us-gaap_LiabilitiesNoncurrent_636269191083560941" />
    <calculationArc xlink:type="arc" xlink:arcrole="http://www.xbrl.org/2003/arcrole/summation-item" xlink:from="us-gaap_Liabilities_636269191083550940" xlink:to="us-gaap_LiabilitiesNoncurrent_636269191083560941" order="2" use="optional" weight="1" />
    <loc xlink:type="locator" xlink:href="http://xbrl.fasb.org/us-gaap/2015/elts/us-gaap-2015-01-31.xsd#us-gaap_LongTermNotesPayable" xlink:label="us-gaap_LongTermNotesPayable_636269191083560941" />
    <calculationArc xlink:type="arc" xlink:arcrole="http://www.xbrl.org/2003/arcrole/summation-item" xlink:from="us-gaap_LiabilitiesNoncurrent_636269191083560941" xlink:to="us-gaap_LongTermNotesPayable_636269191083560941" order="1" use="optional" weight="1" priority="3" />
    <loc xlink:type="locator" xlink:href="http://xbrl.fasb.org/us-gaap/2015/elts/us-gaap-2015-01-31.xsd#us-gaap_BusinessCombinationContingentConsiderationLiabilityNoncurrent" xlink:label="us-gaap_BusinessCombinationContingentConsiderationLiabilityNoncurrent_636269191083560941" />
    <calculationArc xlink:type="arc" xlink:arcrole="http://www.xbrl.org/2003/arcrole/summation-item" xlink:from="us-gaap_LiabilitiesNoncurrent_636269191083560941" xlink:to="us-gaap_BusinessCombinationContingentConsiderationLiabilityNoncurrent_636269191083560941" order="2" use="optional" weight="1" priority="3" />
    <loc xlink:type="locator" xlink:href="http://xbrl.fasb.org/us-gaap/2015/elts/us-gaap-2015-01-31.xsd#us-gaap_DeferredTaxLiabilitiesNoncurrent" xlink:label="us-gaap_DeferredTaxLiabilitiesNoncurrent_636269191083570942" />
    <calculationArc xlink:type="arc" xlink:arcrole="http://www.xbrl.org/2003/arcrole/summation-item" xlink:from="us-gaap_LiabilitiesNoncurrent_636269191083560941" xlink:to="us-gaap_DeferredTaxLiabilitiesNoncurrent_636269191083570942" order="3" use="optional" weight="1" priority="2" />
    <loc xlink:type="locator" xlink:href="http://xbrl.fasb.org/us-gaap/2015/elts/us-gaap-2015-01-31.xsd#us-gaap_DeferredRevenueNoncurrent" xlink:label="us-gaap_DeferredRevenueNoncurrent_636269191083570942" />
    <calculationArc xlink:type="arc" xlink:arcrole="http://www.xbrl.org/2003/arcrole/summation-item" xlink:from="us-gaap_LiabilitiesNoncurrent_636269191083560941" xlink:to="us-gaap_DeferredRevenueNoncurrent_636269191083570942" order="4" use="optional" weight="1" priority="2" />
    <loc xlink:type="locator" xlink:href="http://xbrl.fasb.org/us-gaap/2015/elts/us-gaap-2015-01-31.xsd#us-gaap_OtherLiabilitiesNoncurrent" xlink:label="us-gaap_OtherLiabilitiesNoncurrent_636269191083570942" />
    <calculationArc xlink:type="arc" xlink:arcrole="http://www.xbrl.org/2003/arcrole/summation-item" xlink:from="us-gaap_LiabilitiesNoncurrent_636269191083560941" xlink:to="us-gaap_OtherLiabilitiesNoncurrent_636269191083570942" order="5" use="optional" weight="1" />
  </calculationLink>
  <calculationLink xlink:role="http://marathonpg.com/role/StatementConsolidatedStatementsOfOperations" xlink:type="extended" xlink:title="00200 - Statement - CONSOLIDATED STATEMENTS OF OPERATIONS" xmlns="http://www.xbrl.org/2003/linkbase">
    <loc xlink:type="locator" xlink:href="http://xbrl.fasb.org/us-gaap/2015/elts/us-gaap-2015-01-31.xsd#us-gaap_NetIncomeLoss" xlink:label="us-gaap_NetIncomeLoss" />
    <loc xlink:type="locator" xlink:href="http://xbrl.fasb.org/us-gaap/2015/elts/us-gaap-2015-01-31.xsd#us-gaap_NetIncomeLossAttributableToNoncontrollingInterest" xlink:label="us-gaap_NetIncomeLossAttributableToNoncontrollingInterest_636269191083570942" />
    <calculationArc xlink:type="arc" xlink:arcrole="http://www.xbrl.org/2003/arcrole/summation-item" xlink:from="us-gaap_NetIncomeLoss" xlink:to="us-gaap_NetIncomeLossAttributableToNoncontrollingInterest_636269191083570942" order="1" use="optional" weight="-1" priority="2" />
    <loc xlink:type="locator" xlink:href="http://xbrl.fasb.org/us-gaap/2015/elts/us-gaap-2015-01-31.xsd#us-gaap_ProfitLoss" xlink:label="us-gaap_ProfitLoss_636269191083570942" />
    <calculationArc xlink:type="arc" xlink:arcrole="http://www.xbrl.org/2003/arcrole/summation-item" xlink:from="us-gaap_NetIncomeLoss" xlink:to="us-gaap_ProfitLoss_636269191083570942" order="2" use="optional" weight="1" priority="2" />
    <loc xlink:type="locator" xlink:href="http://xbrl.fasb.org/us-gaap/2015/elts/us-gaap-2015-01-31.xsd#us-gaap_IncomeLossFromContinuingOperationsBeforeIncomeTaxesExtraordinaryItemsNoncontrollingInterest" xlink:label="us-gaap_IncomeLossFromContinuingOperationsBeforeIncomeTaxesExtraordinaryItemsNoncontrollingInterest_636269191083570942" />
    <calculationArc xlink:type="arc" xlink:arcrole="http://www.xbrl.org/2003/arcrole/summation-item" xlink:from="us-gaap_ProfitLoss_636269191083570942" xlink:to="us-gaap_IncomeLossFromContinuingOperationsBeforeIncomeTaxesExtraordinaryItemsNoncontrollingInterest_636269191083570942" order="1" use="optional" weight="1" priority="2" />
    <loc xlink:type="locator" xlink:href="http://xbrl.fasb.org/us-gaap/2015/elts/us-gaap-2015-01-31.xsd#us-gaap_OperatingIncomeLoss" xlink:label="us-gaap_OperatingIncomeLoss_636269191083580943" />
    <calculationArc xlink:type="arc" xlink:arcrole="http://www.xbrl.org/2003/arcrole/summation-item" xlink:from="us-gaap_IncomeLossFromContinuingOperationsBeforeIncomeTaxesExtraordinaryItemsNoncontrollingInterest_636269191083570942" xlink:to="us-gaap_OperatingIncomeLoss_636269191083580943" order="1" use="optional" weight="1" priority="1" />
    <loc xlink:type="locator" xlink:href="http://xbrl.fasb.org/us-gaap/2015/elts/us-gaap-2015-01-31.xsd#us-gaap_Revenues" xlink:label="us-gaap_Revenues_636269191083580943" />
    <calculationArc xlink:type="arc" xlink:arcrole="http://www.xbrl.org/2003/arcrole/summation-item" xlink:from="us-gaap_OperatingIncomeLoss_636269191083580943" xlink:to="us-gaap_Revenues_636269191083580943" order="1" use="optional" weight="1" priority="1" />
    <loc xlink:type="locator" xlink:href="http://xbrl.fasb.org/us-gaap/2015/elts/us-gaap-2015-01-31.xsd#us-gaap_OperatingExpenses" xlink:label="us-gaap_OperatingExpenses_636269191083580943" />
    <calculationArc xlink:type="arc" xlink:arcrole="http://www.xbrl.org/2003/arcrole/summation-item" xlink:from="us-gaap_OperatingIncomeLoss_636269191083580943" xlink:to="us-gaap_OperatingExpenses_636269191083580943" order="2" use="optional" weight="-1" priority="1" />
    <loc xlink:type="locator" xlink:href="http://xbrl.fasb.org/us-gaap/2015/elts/us-gaap-2015-01-31.xsd#us-gaap_CostOfRevenue" xlink:label="us-gaap_CostOfRevenue_636269191083580943" />
    <calculationArc xlink:type="arc" xlink:arcrole="http://www.xbrl.org/2003/arcrole/summation-item" xlink:from="us-gaap_OperatingExpenses_636269191083580943" xlink:to="us-gaap_CostOfRevenue_636269191083580943" order="1" use="optional" weight="1" priority="1" />
    <loc xlink:type="locator" xlink:href="http://xbrl.fasb.org/us-gaap/2015/elts/us-gaap-2015-01-31.xsd#us-gaap_AmortizationOfIntangibleAssets" xlink:label="us-gaap_AmortizationOfIntangibleAssets_636269191083580943" />
    <calculationArc xlink:type="arc" xlink:arcrole="http://www.xbrl.org/2003/arcrole/summation-item" xlink:from="us-gaap_OperatingExpenses_636269191083580943" xlink:to="us-gaap_AmortizationOfIntangibleAssets_636269191083580943" order="2" use="optional" weight="1" priority="2" />
    <loc xlink:type="locator" xlink:href="http://xbrl.fasb.org/us-gaap/2015/elts/us-gaap-2015-01-31.xsd#us-gaap_LaborAndRelatedExpense" xlink:label="us-gaap_LaborAndRelatedExpense_636269191083580943" />
    <calculationArc xlink:type="arc" xlink:arcrole="http://www.xbrl.org/2003/arcrole/summation-item" xlink:from="us-gaap_OperatingExpenses_636269191083580943" xlink:to="us-gaap_LaborAndRelatedExpense_636269191083580943" order="3" use="optional" weight="1" priority="1" />
    <loc xlink:type="locator" xlink:href="http://xbrl.fasb.org/us-gaap/2015/elts/us-gaap-2015-01-31.xsd#us-gaap_ProfessionalAndContractServicesExpense" xlink:label="us-gaap_ProfessionalAndContractServicesExpense_636269191083580943" />
    <calculationArc xlink:type="arc" xlink:arcrole="http://www.xbrl.org/2003/arcrole/summation-item" xlink:from="us-gaap_OperatingExpenses_636269191083580943" xlink:to="us-gaap_ProfessionalAndContractServicesExpense_636269191083580943" order="4" use="optional" weight="1" priority="1" />
    <loc xlink:type="locator" xlink:href="http://xbrl.fasb.org/us-gaap/2015/elts/us-gaap-2015-01-31.xsd#us-gaap_ProfessionalFees" xlink:label="us-gaap_ProfessionalFees_636269191083580943" />
    <calculationArc xlink:type="arc" xlink:arcrole="http://www.xbrl.org/2003/arcrole/summation-item" xlink:from="us-gaap_OperatingExpenses_636269191083580943" xlink:to="us-gaap_ProfessionalFees_636269191083580943" order="5" use="optional" weight="1" priority="1" />
    <loc xlink:type="locator" xlink:href="http://xbrl.fasb.org/us-gaap/2015/elts/us-gaap-2015-01-31.xsd#us-gaap_GeneralAndAdministrativeExpense" xlink:label="us-gaap_GeneralAndAdministrativeExpense_636269191083580943" />
    <calculationArc xlink:type="arc" xlink:arcrole="http://www.xbrl.org/2003/arcrole/summation-item" xlink:from="us-gaap_OperatingExpenses_636269191083580943" xlink:to="us-gaap_GeneralAndAdministrativeExpense_636269191083580943" order="6" use="optional" weight="1" priority="1" />
    <loc xlink:type="locator" xlink:href="http://xbrl.fasb.org/us-gaap/2015/elts/us-gaap-2015-01-31.xsd#us-gaap_GoodwillImpairmentLoss" xlink:label="us-gaap_GoodwillImpairmentLoss_636269191083580943" />
    <calculationArc xlink:type="arc" xlink:arcrole="http://www.xbrl.org/2003/arcrole/summation-item" xlink:from="us-gaap_OperatingExpenses_636269191083580943" xlink:to="us-gaap_GoodwillImpairmentLoss_636269191083580943" order="7" use="optional" weight="1" priority="1" />
    <loc xlink:type="locator" xlink:href="http://xbrl.fasb.org/us-gaap/2015/elts/us-gaap-2015-01-31.xsd#us-gaap_ImpairmentOfIntangibleAssetsFinitelived" xlink:label="us-gaap_ImpairmentOfIntangibleAssetsFinitelived_636269191083580943" />
    <calculationArc xlink:type="arc" xlink:arcrole="http://www.xbrl.org/2003/arcrole/summation-item" xlink:from="us-gaap_OperatingExpenses_636269191083580943" xlink:to="us-gaap_ImpairmentOfIntangibleAssetsFinitelived_636269191083580943" order="8" use="optional" weight="1" priority="2" />
    <loc xlink:type="locator" xlink:href="http://xbrl.fasb.org/us-gaap/2015/elts/us-gaap-2015-01-31.xsd#us-gaap_NonoperatingIncomeExpense" xlink:label="us-gaap_NonoperatingIncomeExpense_636269191083580943" />
    <calculationArc xlink:type="arc" xlink:arcrole="http://www.xbrl.org/2003/arcrole/summation-item" xlink:from="us-gaap_IncomeLossFromContinuingOperationsBeforeIncomeTaxesExtraordinaryItemsNoncontrollingInterest_636269191083570942" xlink:to="us-gaap_NonoperatingIncomeExpense_636269191083580943" order="2" use="optional" weight="1" priority="1" />
    <loc xlink:type="locator" xlink:href="http://xbrl.fasb.org/us-gaap/2015/elts/us-gaap-2015-01-31.xsd#us-gaap_OtherNonoperatingIncomeExpense" xlink:label="us-gaap_OtherNonoperatingIncomeExpense_636269191083590944" />
    <calculationArc xlink:type="arc" xlink:arcrole="http://www.xbrl.org/2003/arcrole/summation-item" xlink:from="us-gaap_NonoperatingIncomeExpense_636269191083580943" xlink:to="us-gaap_OtherNonoperatingIncomeExpense_636269191083590944" order="1" use="optional" weight="1" priority="2" />
    <loc xlink:type="locator" xlink:href="http://xbrl.fasb.org/us-gaap/2015/elts/us-gaap-2015-01-31.xsd#us-gaap_EffectOfExchangeRateOnCash" xlink:label="us-gaap_EffectOfExchangeRateOnCash_636269191083590944" />
    <calculationArc xlink:type="arc" xlink:arcrole="http://www.xbrl.org/2003/arcrole/summation-item" xlink:from="us-gaap_NonoperatingIncomeExpense_636269191083580943" xlink:to="us-gaap_EffectOfExchangeRateOnCash_636269191083590944" order="2" use="optional" weight="-1" priority="2" />
    <loc xlink:type="locator" xlink:href="mara-20161231.xsd#mara_GainOnFairValueAdjustmentOfCloudingEarnout" xlink:label="mara_GainOnFairValueAdjustmentOfCloudingEarnout_636269191083590944" />
    <calculationArc xlink:type="arc" xlink:arcrole="http://www.xbrl.org/2003/arcrole/summation-item" xlink:from="us-gaap_NonoperatingIncomeExpense_636269191083580943" xlink:to="mara_GainOnFairValueAdjustmentOfCloudingEarnout_636269191083590944" order="3" use="optional" weight="1" priority="2" />
    <loc xlink:type="locator" xlink:href="http://xbrl.fasb.org/us-gaap/2015/elts/us-gaap-2015-01-31.xsd#us-gaap_InvestmentIncomeInterest" xlink:label="us-gaap_InvestmentIncomeInterest_636269191083590944" />
    <calculationArc xlink:type="arc" xlink:arcrole="http://www.xbrl.org/2003/arcrole/summation-item" xlink:from="us-gaap_NonoperatingIncomeExpense_636269191083580943" xlink:to="us-gaap_InvestmentIncomeInterest_636269191083590944" order="4" use="optional" weight="1" priority="2" />
    <loc xlink:type="locator" xlink:href="http://xbrl.fasb.org/us-gaap/2015/elts/us-gaap-2015-01-31.xsd#us-gaap_InterestExpense" xlink:label="us-gaap_InterestExpense_636269191083590944" />
    <calculationArc xlink:type="arc" xlink:arcrole="http://www.xbrl.org/2003/arcrole/summation-item" xlink:from="us-gaap_NonoperatingIncomeExpense_636269191083580943" xlink:to="us-gaap_InterestExpense_636269191083590944" order="5" use="optional" weight="-1" priority="2" />
    <loc xlink:type="locator" xlink:href="http://xbrl.fasb.org/us-gaap/2015/elts/us-gaap-2015-01-31.xsd#us-gaap_GainsLossesOnExtinguishmentOfDebt" xlink:label="us-gaap_GainsLossesOnExtinguishmentOfDebt_636269191083590944" />
    <calculationArc xlink:type="arc" xlink:arcrole="http://www.xbrl.org/2003/arcrole/summation-item" xlink:from="us-gaap_NonoperatingIncomeExpense_636269191083580943" xlink:to="us-gaap_GainsLossesOnExtinguishmentOfDebt_636269191083590944" order="6" use="optional" weight="1" priority="2" />
    <loc xlink:type="locator" xlink:href="http://xbrl.fasb.org/us-gaap/2015/elts/us-gaap-2015-01-31.xsd#us-gaap_IncomeTaxExpenseBenefit" xlink:label="us-gaap_IncomeTaxExpenseBenefit_636269191083590944" />
    <calculationArc xlink:type="arc" xlink:arcrole="http://www.xbrl.org/2003/arcrole/summation-item" xlink:from="us-gaap_ProfitLoss_636269191083570942" xlink:to="us-gaap_IncomeTaxExpenseBenefit_636269191083590944" order="2" use="optional" weight="-1" priority="2" />
  </calculationLink>
  <calculationLink xlink:role="http://marathonpg.com/role/StatementConsolidatedStatementsOfComprehensiveLoss" xlink:type="extended" xlink:title="00300 - Statement - CONSOLIDATED STATEMENTS OF COMPREHENSIVE LOSS" xmlns="http://www.xbrl.org/2003/linkbase">
    <loc xlink:type="locator" xlink:href="http://xbrl.fasb.org/us-gaap/2015/elts/us-gaap-2015-01-31.xsd#us-gaap_ComprehensiveIncomeNetOfTax" xlink:label="us-gaap_ComprehensiveIncomeNetOfTax" />
    <loc xlink:type="locator" xlink:href="http://xbrl.fasb.org/us-gaap/2015/elts/us-gaap-2015-01-31.xsd#us-gaap_ComprehensiveIncomeNetOfTaxAttributableToNoncontrollingInterest" xlink:label="us-gaap_ComprehensiveIncomeNetOfTaxAttributableToNoncontrollingInterest_636269191083600945" />
    <calculationArc xlink:type="arc" xlink:arcrole="http://www.xbrl.org/2003/arcrole/summation-item" xlink:from="us-gaap_ComprehensiveIncomeNetOfTax" xlink:to="us-gaap_ComprehensiveIncomeNetOfTaxAttributableToNoncontrollingInterest_636269191083600945" order="1" use="optional" weight="-1" priority="2" />
    <loc xlink:type="locator" xlink:href="http://xbrl.fasb.org/us-gaap/2015/elts/us-gaap-2015-01-31.xsd#us-gaap_ComprehensiveIncomeNetOfTaxIncludingPortionAttributableToNoncontrollingInterest" xlink:label="us-gaap_ComprehensiveIncomeNetOfTaxIncludingPortionAttributableToNoncontrollingInterest_636269191083600945" />
    <calculationArc xlink:type="arc" xlink:arcrole="http://www.xbrl.org/2003/arcrole/summation-item" xlink:from="us-gaap_ComprehensiveIncomeNetOfTax" xlink:to="us-gaap_ComprehensiveIncomeNetOfTaxIncludingPortionAttributableToNoncontrollingInterest_636269191083600945" order="2" use="optional" weight="1" priority="2" />
    <loc xlink:type="locator" xlink:href="http://xbrl.fasb.org/us-gaap/2015/elts/us-gaap-2015-01-31.xsd#us-gaap_OtherComprehensiveIncomeForeignCurrencyTransactionAndTranslationAdjustmentNetOfTaxPortionAttributableToParent" xlink:label="us-gaap_OtherComprehensiveIncomeForeignCurrencyTransactionAndTranslationAdjustmentNetOfTaxPortionAttributableToParent_636269191083600945" />
    <calculationArc xlink:type="arc" xlink:arcrole="http://www.xbrl.org/2003/arcrole/summation-item" xlink:from="us-gaap_ComprehensiveIncomeNetOfTaxIncludingPortionAttributableToNoncontrollingInterest_636269191083600945" xlink:to="us-gaap_OtherComprehensiveIncomeForeignCurrencyTransactionAndTranslationAdjustmentNetOfTaxPortionAttributableToParent_636269191083600945" order="1" use="optional" weight="1" priority="3" />
    <loc xlink:type="locator" xlink:href="http://xbrl.fasb.org/us-gaap/2015/elts/us-gaap-2015-01-31.xsd#us-gaap_ProfitLoss" xlink:label="us-gaap_ProfitLoss_636269191083600945" />
    <calculationArc xlink:type="arc" xlink:arcrole="http://www.xbrl.org/2003/arcrole/summation-item" xlink:from="us-gaap_ComprehensiveIncomeNetOfTaxIncludingPortionAttributableToNoncontrollingInterest_636269191083600945" xlink:to="us-gaap_ProfitLoss_636269191083600945" order="2" use="optional" weight="1" priority="3" />
  </calculationLink>
  <calculationLink xlink:role="http://marathonpg.com/role/StatementConsolidatedStatementsOfCashFlows" xlink:type="extended" xlink:title="00500 - Statement - CONSOLIDATED STATEMENTS OF CASH FLOWS" xmlns="http://www.xbrl.org/2003/linkbase">
    <loc xlink:type="locator" xlink:href="http://xbrl.fasb.org/us-gaap/2015/elts/us-gaap-2015-01-31.xsd#us-gaap_CashPeriodIncreaseDecrease" xlink:label="us-gaap_CashPeriodIncreaseDecrease" />
    <loc xlink:type="locator" xlink:href="http://xbrl.fasb.org/us-gaap/2015/elts/us-gaap-2015-01-31.xsd#us-gaap_NetCashProvidedByUsedInOperatingActivitiesContinuingOperations" xlink:label="us-gaap_NetCashProvidedByUsedInOperatingActivitiesContinuingOperations_636269191083600945" />
    <calculationArc xlink:type="arc" xlink:arcrole="http://www.xbrl.org/2003/arcrole/summation-item" xlink:from="us-gaap_CashPeriodIncreaseDecrease" xlink:to="us-gaap_NetCashProvidedByUsedInOperatingActivitiesContinuingOperations_636269191083600945" order="1" use="optional" weight="1" priority="2" />
    <loc xlink:type="locator" xlink:href="http://xbrl.fasb.org/us-gaap/2015/elts/us-gaap-2015-01-31.xsd#us-gaap_ProfitLoss" xlink:label="us-gaap_ProfitLoss_636269191083600945" />
    <calculationArc xlink:type="arc" xlink:arcrole="http://www.xbrl.org/2003/arcrole/summation-item" xlink:from="us-gaap_NetCashProvidedByUsedInOperatingActivitiesContinuingOperations_636269191083600945" xlink:to="us-gaap_ProfitLoss_636269191083600945" order="1" use="optional" weight="1" priority="2" />
    <loc xlink:type="locator" xlink:href="http://xbrl.fasb.org/us-gaap/2015/elts/us-gaap-2015-01-31.xsd#us-gaap_Depreciation" xlink:label="us-gaap_Depreciation_636269191083600945" />
    <calculationArc xlink:type="arc" xlink:arcrole="http://www.xbrl.org/2003/arcrole/summation-item" xlink:from="us-gaap_NetCashProvidedByUsedInOperatingActivitiesContinuingOperations_636269191083600945" xlink:to="us-gaap_Depreciation_636269191083600945" order="2" use="optional" weight="1" priority="3" />
    <loc xlink:type="locator" xlink:href="http://xbrl.fasb.org/us-gaap/2015/elts/us-gaap-2015-01-31.xsd#us-gaap_AmortizationOfIntangibleAssets" xlink:label="us-gaap_AmortizationOfIntangibleAssets_636269191083600945" />
    <calculationArc xlink:type="arc" xlink:arcrole="http://www.xbrl.org/2003/arcrole/summation-item" xlink:from="us-gaap_NetCashProvidedByUsedInOperatingActivitiesContinuingOperations_636269191083600945" xlink:to="us-gaap_AmortizationOfIntangibleAssets_636269191083600945" order="3" use="optional" weight="1" priority="3" />
    <loc xlink:type="locator" xlink:href="http://xbrl.fasb.org/us-gaap/2015/elts/us-gaap-2015-01-31.xsd#us-gaap_ProvisionForDoubtfulAccounts" xlink:label="us-gaap_ProvisionForDoubtfulAccounts_636269191083600945" />
    <calculationArc xlink:type="arc" xlink:arcrole="http://www.xbrl.org/2003/arcrole/summation-item" xlink:from="us-gaap_NetCashProvidedByUsedInOperatingActivitiesContinuingOperations_636269191083600945" xlink:to="us-gaap_ProvisionForDoubtfulAccounts_636269191083600945" order="4" use="optional" weight="1" priority="4" />
    <loc xlink:type="locator" xlink:href="mara-20161231.xsd#mara_IncreaseDecreaseInDeferredTaxAssets" xlink:label="mara_IncreaseDecreaseInDeferredTaxAssets_636269191083600945" />
    <calculationArc xlink:type="arc" xlink:arcrole="http://www.xbrl.org/2003/arcrole/summation-item" xlink:from="us-gaap_NetCashProvidedByUsedInOperatingActivitiesContinuingOperations_636269191083600945" xlink:to="mara_IncreaseDecreaseInDeferredTaxAssets_636269191083600945" order="5" use="optional" weight="-1" priority="5" />
    <loc xlink:type="locator" xlink:href="mara-20161231.xsd#mara_IncreaseDecreaseInDeferredTaxLiabilities" xlink:label="mara_IncreaseDecreaseInDeferredTaxLiabilities_636269191083610946" />
    <calculationArc xlink:type="arc" xlink:arcrole="http://www.xbrl.org/2003/arcrole/summation-item" xlink:from="us-gaap_NetCashProvidedByUsedInOperatingActivitiesContinuingOperations_636269191083600945" xlink:to="mara_IncreaseDecreaseInDeferredTaxLiabilities_636269191083610946" order="6" use="optional" weight="1" priority="4" />
    <loc xlink:type="locator" xlink:href="http://xbrl.fasb.org/us-gaap/2015/elts/us-gaap-2015-01-31.xsd#us-gaap_ImpairmentOfIntangibleAssetsExcludingGoodwill" xlink:label="us-gaap_ImpairmentOfIntangibleAssetsExcludingGoodwill_636269191083610946" />
    <calculationArc xlink:type="arc" xlink:arcrole="http://www.xbrl.org/2003/arcrole/summation-item" xlink:from="us-gaap_NetCashProvidedByUsedInOperatingActivitiesContinuingOperations_636269191083600945" xlink:to="us-gaap_ImpairmentOfIntangibleAssetsExcludingGoodwill_636269191083610946" order="7" use="optional" weight="1" priority="3" />
    <loc xlink:type="locator" xlink:href="http://xbrl.fasb.org/us-gaap/2015/elts/us-gaap-2015-01-31.xsd#us-gaap_GoodwillImpairmentLoss" xlink:label="us-gaap_GoodwillImpairmentLoss_636269191083610946" />
    <calculationArc xlink:type="arc" xlink:arcrole="http://www.xbrl.org/2003/arcrole/summation-item" xlink:from="us-gaap_NetCashProvidedByUsedInOperatingActivitiesContinuingOperations_636269191083600945" xlink:to="us-gaap_GoodwillImpairmentLoss_636269191083610946" order="8" use="optional" weight="1" priority="4" />
    <loc xlink:type="locator" xlink:href="http://xbrl.fasb.org/us-gaap/2015/elts/us-gaap-2015-01-31.xsd#us-gaap_ShareBasedCompensation" xlink:label="us-gaap_ShareBasedCompensation_636269191083610946" />
    <calculationArc xlink:type="arc" xlink:arcrole="http://www.xbrl.org/2003/arcrole/summation-item" xlink:from="us-gaap_NetCashProvidedByUsedInOperatingActivitiesContinuingOperations_636269191083600945" xlink:to="us-gaap_ShareBasedCompensation_636269191083610946" order="9" use="optional" weight="1" priority="3" />
    <loc xlink:type="locator" xlink:href="http://xbrl.fasb.org/us-gaap/2015/elts/us-gaap-2015-01-31.xsd#us-gaap_IssuanceOfStockAndWarrantsForServicesOrClaims" xlink:label="us-gaap_IssuanceOfStockAndWarrantsForServicesOrClaims_636269191083610946" />
    <calculationArc xlink:type="arc" xlink:arcrole="http://www.xbrl.org/2003/arcrole/summation-item" xlink:from="us-gaap_NetCashProvidedByUsedInOperatingActivitiesContinuingOperations_636269191083600945" xlink:to="us-gaap_IssuanceOfStockAndWarrantsForServicesOrClaims_636269191083610946" order="10" use="optional" weight="1" priority="4" />
    <loc xlink:type="locator" xlink:href="http://xbrl.fasb.org/us-gaap/2015/elts/us-gaap-2015-01-31.xsd#us-gaap_GainsLossesOnExtinguishmentOfDebt" xlink:label="us-gaap_GainsLossesOnExtinguishmentOfDebt_636269191083610946" />
    <calculationArc xlink:type="arc" xlink:arcrole="http://www.xbrl.org/2003/arcrole/summation-item" xlink:from="us-gaap_NetCashProvidedByUsedInOperatingActivitiesContinuingOperations_636269191083600945" xlink:to="us-gaap_GainsLossesOnExtinguishmentOfDebt_636269191083610946" order="11" use="optional" weight="-1" priority="5" />
    <loc xlink:type="locator" xlink:href="http://xbrl.fasb.org/us-gaap/2015/elts/us-gaap-2015-01-31.xsd#us-gaap_NoncashCommissionAndClosingCosts" xlink:label="us-gaap_NoncashCommissionAndClosingCosts_636269191083610946" />
    <calculationArc xlink:type="arc" xlink:arcrole="http://www.xbrl.org/2003/arcrole/summation-item" xlink:from="us-gaap_NetCashProvidedByUsedInOperatingActivitiesContinuingOperations_636269191083600945" xlink:to="us-gaap_NoncashCommissionAndClosingCosts_636269191083610946" order="12" use="optional" weight="1" priority="2" />
    <loc xlink:type="locator" xlink:href="http://xbrl.fasb.org/us-gaap/2015/elts/us-gaap-2015-01-31.xsd#us-gaap_BusinessCombinationContingentConsiderationArrangementsChangeInAmountOfContingentConsiderationLiability1" xlink:label="us-gaap_BusinessCombinationContingentConsiderationArrangementsChangeInAmountOfContingentConsiderationLiability1_636269191083610946" />
    <calculationArc xlink:type="arc" xlink:arcrole="http://www.xbrl.org/2003/arcrole/summation-item" xlink:from="us-gaap_NetCashProvidedByUsedInOperatingActivitiesContinuingOperations_636269191083600945" xlink:to="us-gaap_BusinessCombinationContingentConsiderationArrangementsChangeInAmountOfContingentConsiderationLiability1_636269191083610946" order="13" use="optional" weight="1" priority="6" />
    <loc xlink:type="locator" xlink:href="http://xbrl.fasb.org/us-gaap/2015/elts/us-gaap-2015-01-31.xsd#us-gaap_OtherNoncashIncomeExpense" xlink:label="us-gaap_OtherNoncashIncomeExpense_636269191083610946" />
    <calculationArc xlink:type="arc" xlink:arcrole="http://www.xbrl.org/2003/arcrole/summation-item" xlink:from="us-gaap_NetCashProvidedByUsedInOperatingActivitiesContinuingOperations_636269191083600945" xlink:to="us-gaap_OtherNoncashIncomeExpense_636269191083610946" order="14" use="optional" weight="-1" priority="5" />
    <loc xlink:type="locator" xlink:href="http://xbrl.fasb.org/us-gaap/2015/elts/us-gaap-2015-01-31.xsd#us-gaap_IncreaseDecreaseInAccountsReceivable" xlink:label="us-gaap_IncreaseDecreaseInAccountsReceivable_636269191083610946" />
    <calculationArc xlink:type="arc" xlink:arcrole="http://www.xbrl.org/2003/arcrole/summation-item" xlink:from="us-gaap_NetCashProvidedByUsedInOperatingActivitiesContinuingOperations_636269191083600945" xlink:to="us-gaap_IncreaseDecreaseInAccountsReceivable_636269191083610946" order="15" use="optional" weight="-1" priority="4" />
    <loc xlink:type="locator" xlink:href="http://xbrl.fasb.org/us-gaap/2015/elts/us-gaap-2015-01-31.xsd#us-gaap_IncreaseDecreaseInPrepaidDeferredExpenseAndOtherAssets" xlink:label="us-gaap_IncreaseDecreaseInPrepaidDeferredExpenseAndOtherAssets_636269191083620947" />
    <calculationArc xlink:type="arc" xlink:arcrole="http://www.xbrl.org/2003/arcrole/summation-item" xlink:from="us-gaap_NetCashProvidedByUsedInOperatingActivitiesContinuingOperations_636269191083600945" xlink:to="us-gaap_IncreaseDecreaseInPrepaidDeferredExpenseAndOtherAssets_636269191083620947" order="16" use="optional" weight="-1" priority="5" />
    <loc xlink:type="locator" xlink:href="http://xbrl.fasb.org/us-gaap/2015/elts/us-gaap-2015-01-31.xsd#us-gaap_IncreaseDecreaseInOtherCurrentAssets" xlink:label="us-gaap_IncreaseDecreaseInOtherCurrentAssets_636269191083620947" />
    <calculationArc xlink:type="arc" xlink:arcrole="http://www.xbrl.org/2003/arcrole/summation-item" xlink:from="us-gaap_NetCashProvidedByUsedInOperatingActivitiesContinuingOperations_636269191083600945" xlink:to="us-gaap_IncreaseDecreaseInOtherCurrentAssets_636269191083620947" order="17" use="optional" weight="-1" priority="5" />
    <loc xlink:type="locator" xlink:href="http://xbrl.fasb.org/us-gaap/2015/elts/us-gaap-2015-01-31.xsd#us-gaap_IncreaseDecreaseInAccountsPayableAndAccruedLiabilities" xlink:label="us-gaap_IncreaseDecreaseInAccountsPayableAndAccruedLiabilities_636269191083620947" />
    <calculationArc xlink:type="arc" xlink:arcrole="http://www.xbrl.org/2003/arcrole/summation-item" xlink:from="us-gaap_NetCashProvidedByUsedInOperatingActivitiesContinuingOperations_636269191083600945" xlink:to="us-gaap_IncreaseDecreaseInAccountsPayableAndAccruedLiabilities_636269191083620947" order="18" use="optional" weight="1" priority="3" />
    <loc xlink:type="locator" xlink:href="http://xbrl.fasb.org/us-gaap/2015/elts/us-gaap-2015-01-31.xsd#us-gaap_NetCashProvidedByUsedInInvestingActivitiesContinuingOperations" xlink:label="us-gaap_NetCashProvidedByUsedInInvestingActivitiesContinuingOperations_636269191083620947" />
    <calculationArc xlink:type="arc" xlink:arcrole="http://www.xbrl.org/2003/arcrole/summation-item" xlink:from="us-gaap_CashPeriodIncreaseDecrease" xlink:to="us-gaap_NetCashProvidedByUsedInInvestingActivitiesContinuingOperations_636269191083620947" order="2" use="optional" weight="1" priority="2" />
    <loc xlink:type="locator" xlink:href="http://xbrl.fasb.org/us-gaap/2015/elts/us-gaap-2015-01-31.xsd#us-gaap_PaymentsToAcquirePropertyPlantAndEquipment" xlink:label="us-gaap_PaymentsToAcquirePropertyPlantAndEquipment_636269191083620947" />
    <calculationArc xlink:type="arc" xlink:arcrole="http://www.xbrl.org/2003/arcrole/summation-item" xlink:from="us-gaap_NetCashProvidedByUsedInInvestingActivitiesContinuingOperations_636269191083620947" xlink:to="us-gaap_PaymentsToAcquirePropertyPlantAndEquipment_636269191083620947" order="1" use="optional" weight="-1" priority="1" />
    <loc xlink:type="locator" xlink:href="http://xbrl.fasb.org/us-gaap/2015/elts/us-gaap-2015-01-31.xsd#us-gaap_PaymentsToAcquireIntangibleAssets" xlink:label="us-gaap_PaymentsToAcquireIntangibleAssets_636269191083620947" />
    <calculationArc xlink:type="arc" xlink:arcrole="http://www.xbrl.org/2003/arcrole/summation-item" xlink:from="us-gaap_NetCashProvidedByUsedInInvestingActivitiesContinuingOperations_636269191083620947" xlink:to="us-gaap_PaymentsToAcquireIntangibleAssets_636269191083620947" order="2" use="optional" weight="-1" priority="1" />
    <loc xlink:type="locator" xlink:href="http://xbrl.fasb.org/us-gaap/2015/elts/us-gaap-2015-01-31.xsd#us-gaap_NetCashProvidedByUsedInFinancingActivitiesContinuingOperations" xlink:label="us-gaap_NetCashProvidedByUsedInFinancingActivitiesContinuingOperations_636269191083620947" />
    <calculationArc xlink:type="arc" xlink:arcrole="http://www.xbrl.org/2003/arcrole/summation-item" xlink:from="us-gaap_CashPeriodIncreaseDecrease" xlink:to="us-gaap_NetCashProvidedByUsedInFinancingActivitiesContinuingOperations_636269191083620947" order="3" use="optional" weight="1" priority="2" />
    <loc xlink:type="locator" xlink:href="http://xbrl.fasb.org/us-gaap/2015/elts/us-gaap-2015-01-31.xsd#us-gaap_ProceedsFromWarrantExercises" xlink:label="us-gaap_ProceedsFromWarrantExercises_636269191083620947" />
    <calculationArc xlink:type="arc" xlink:arcrole="http://www.xbrl.org/2003/arcrole/summation-item" xlink:from="us-gaap_NetCashProvidedByUsedInFinancingActivitiesContinuingOperations_636269191083620947" xlink:to="us-gaap_ProceedsFromWarrantExercises_636269191083620947" order="1" use="optional" weight="1" priority="1" />
    <loc xlink:type="locator" xlink:href="http://xbrl.fasb.org/us-gaap/2015/elts/us-gaap-2015-01-31.xsd#us-gaap_RepaymentsOfNotesPayable" xlink:label="us-gaap_RepaymentsOfNotesPayable_636269191083630948" />
    <calculationArc xlink:type="arc" xlink:arcrole="http://www.xbrl.org/2003/arcrole/summation-item" xlink:from="us-gaap_NetCashProvidedByUsedInFinancingActivitiesContinuingOperations_636269191083620947" xlink:to="us-gaap_RepaymentsOfNotesPayable_636269191083630948" order="2" use="optional" weight="-1" priority="1" />
    <loc xlink:type="locator" xlink:href="http://xbrl.fasb.org/us-gaap/2015/elts/us-gaap-2015-01-31.xsd#us-gaap_RepaymentsOfConvertibleDebt" xlink:label="us-gaap_RepaymentsOfConvertibleDebt_636269191083630948" />
    <calculationArc xlink:type="arc" xlink:arcrole="http://www.xbrl.org/2003/arcrole/summation-item" xlink:from="us-gaap_NetCashProvidedByUsedInFinancingActivitiesContinuingOperations_636269191083620947" xlink:to="us-gaap_RepaymentsOfConvertibleDebt_636269191083630948" order="3" use="optional" weight="-1" priority="1" />
    <loc xlink:type="locator" xlink:href="mara-20161231.xsd#mara_PaymentsOnNotesPayable" xlink:label="mara_PaymentsOnNotesPayable_636269191083630948" />
    <calculationArc xlink:type="arc" xlink:arcrole="http://www.xbrl.org/2003/arcrole/summation-item" xlink:from="us-gaap_NetCashProvidedByUsedInFinancingActivitiesContinuingOperations_636269191083620947" xlink:to="mara_PaymentsOnNotesPayable_636269191083630948" order="4" use="optional" weight="-1" priority="1" />
    <loc xlink:type="locator" xlink:href="mara-20161231.xsd#mara_PaymentOnDueToMdrEscrowTli" xlink:label="mara_PaymentOnDueToMdrEscrowTli_636269191083630948" />
    <calculationArc xlink:type="arc" xlink:arcrole="http://www.xbrl.org/2003/arcrole/summation-item" xlink:from="us-gaap_NetCashProvidedByUsedInFinancingActivitiesContinuingOperations_636269191083620947" xlink:to="mara_PaymentOnDueToMdrEscrowTli_636269191083630948" order="5" use="optional" weight="-1" priority="1" />
    <loc xlink:type="locator" xlink:href="http://xbrl.fasb.org/us-gaap/2015/elts/us-gaap-2015-01-31.xsd#us-gaap_ProceedsFromNotesPayable" xlink:label="us-gaap_ProceedsFromNotesPayable_636269191083630948" />
    <calculationArc xlink:type="arc" xlink:arcrole="http://www.xbrl.org/2003/arcrole/summation-item" xlink:from="us-gaap_NetCashProvidedByUsedInFinancingActivitiesContinuingOperations_636269191083620947" xlink:to="us-gaap_ProceedsFromNotesPayable_636269191083630948" order="6" use="optional" weight="1" priority="2" />
    <loc xlink:type="locator" xlink:href="http://xbrl.fasb.org/us-gaap/2015/elts/us-gaap-2015-01-31.xsd#us-gaap_ProceedsFromIssuanceOfCommonStock" xlink:label="us-gaap_ProceedsFromIssuanceOfCommonStock_636269191083630948" />
    <calculationArc xlink:type="arc" xlink:arcrole="http://www.xbrl.org/2003/arcrole/summation-item" xlink:from="us-gaap_NetCashProvidedByUsedInFinancingActivitiesContinuingOperations_636269191083620947" xlink:to="us-gaap_ProceedsFromIssuanceOfCommonStock_636269191083630948" order="7" use="optional" weight="1" priority="2" />
    <loc xlink:type="locator" xlink:href="http://xbrl.fasb.org/us-gaap/2015/elts/us-gaap-2015-01-31.xsd#us-gaap_EffectOfExchangeRateOnCashAndCashEquivalents" xlink:label="us-gaap_EffectOfExchangeRateOnCashAndCashEquivalents_636269191083640949" />
    <calculationArc xlink:type="arc" xlink:arcrole="http://www.xbrl.org/2003/arcrole/summation-item" xlink:from="us-gaap_CashPeriodIncreaseDecrease" xlink:to="us-gaap_EffectOfExchangeRateOnCashAndCashEquivalents_636269191083640949" order="4" use="optional" weight="1" priority="2" />
  </calculationLink>
  <calculationLink xlink:role="http://marathonpg.com/role/DisclosureAcquisitionsCloudingCorpDetails" xlink:type="extended" xlink:title="40305 - Disclosure - ACQUISITIONS - Clouding Corp (Details)" xmlns="http://www.xbrl.org/2003/linkbase">
    <loc xlink:type="locator" xlink:href="http://xbrl.fasb.org/us-gaap/2015/elts/us-gaap-2015-01-31.xsd#us-gaap_BusinessCombinationConsiderationTransferred1" xlink:label="us-gaap_BusinessCombinationConsiderationTransferred1" />
    <loc xlink:type="locator" xlink:href="http://xbrl.fasb.org/us-gaap/2015/elts/us-gaap-2015-01-31.xsd#us-gaap_PaymentsToAcquireBusinessesGross" xlink:label="us-gaap_PaymentsToAcquireBusinessesGross_636269191083640949" />
    <calculationArc xlink:type="arc" xlink:arcrole="http://www.xbrl.org/2003/arcrole/summation-item" xlink:from="us-gaap_BusinessCombinationConsiderationTransferred1" xlink:to="us-gaap_PaymentsToAcquireBusinessesGross_636269191083640949" order="1" use="optional" weight="1" priority="3" />
    <loc xlink:type="locator" xlink:href="http://xbrl.fasb.org/us-gaap/2015/elts/us-gaap-2015-01-31.xsd#us-gaap_BusinessCombinationConsiderationTransferredLiabilitiesIncurred" xlink:label="us-gaap_BusinessCombinationConsiderationTransferredLiabilitiesIncurred_636269191083640949" />
    <calculationArc xlink:type="arc" xlink:arcrole="http://www.xbrl.org/2003/arcrole/summation-item" xlink:from="us-gaap_BusinessCombinationConsiderationTransferred1" xlink:to="us-gaap_BusinessCombinationConsiderationTransferredLiabilitiesIncurred_636269191083640949" order="2" use="optional" weight="1" priority="3" />
    <loc xlink:type="locator" xlink:href="http://xbrl.fasb.org/us-gaap/2015/elts/us-gaap-2015-01-31.xsd#us-gaap_BusinessCombinationConsiderationTransferredEquityInterestsIssuedAndIssuable" xlink:label="us-gaap_BusinessCombinationConsiderationTransferredEquityInterestsIssuedAndIssuable_636269191083640949" />
    <calculationArc xlink:type="arc" xlink:arcrole="http://www.xbrl.org/2003/arcrole/summation-item" xlink:from="us-gaap_BusinessCombinationConsiderationTransferred1" xlink:to="us-gaap_BusinessCombinationConsiderationTransferredEquityInterestsIssuedAndIssuable_636269191083640949" order="3" use="optional" weight="1" priority="3" />
    <loc xlink:type="locator" xlink:href="http://xbrl.fasb.org/us-gaap/2015/elts/us-gaap-2015-01-31.xsd#us-gaap_BusinessCombinationConsiderationTransferredOther1" xlink:label="us-gaap_BusinessCombinationConsiderationTransferredOther1_636269191083640949" />
    <calculationArc xlink:type="arc" xlink:arcrole="http://www.xbrl.org/2003/arcrole/summation-item" xlink:from="us-gaap_BusinessCombinationConsiderationTransferred1" xlink:to="us-gaap_BusinessCombinationConsiderationTransferredOther1_636269191083640949" order="4" use="optional" weight="1" priority="3" />
    <loc xlink:type="locator" xlink:href="http://xbrl.fasb.org/us-gaap/2015/elts/us-gaap-2015-01-31.xsd#us-gaap_BusinessCombinationRecognizedIdentifiableAssetsAcquiredGoodwillAndLiabilitiesAssumedLessNoncontrollingInterest" xlink:label="us-gaap_BusinessCombinationRecognizedIdentifiableAssetsAcquiredGoodwillAndLiabilitiesAssumedLessNoncontrollingInterest" />
    <loc xlink:type="locator" xlink:href="http://xbrl.fasb.org/us-gaap/2015/elts/us-gaap-2015-01-31.xsd#us-gaap_BusinessCombinationRecognizedIdentifiableAssetsAcquiredAndLiabilitiesAssumedIntangibleAssetsOtherThanGoodwill" xlink:label="us-gaap_BusinessCombinationRecognizedIdentifiableAssetsAcquiredAndLiabilitiesAssumedIntangibleAssetsOtherThanGoodwill_636269191083640949" />
    <calculationArc xlink:type="arc" xlink:arcrole="http://www.xbrl.org/2003/arcrole/summation-item" xlink:from="us-gaap_BusinessCombinationRecognizedIdentifiableAssetsAcquiredGoodwillAndLiabilitiesAssumedLessNoncontrollingInterest" xlink:to="us-gaap_BusinessCombinationRecognizedIdentifiableAssetsAcquiredAndLiabilitiesAssumedIntangibleAssetsOtherThanGoodwill_636269191083640949" order="1" use="optional" weight="1" priority="2" />
    <loc xlink:type="locator" xlink:href="http://xbrl.fasb.org/us-gaap/2015/elts/us-gaap-2015-01-31.xsd#us-gaap_Goodwill" xlink:label="us-gaap_Goodwill_636269191083640949" />
    <calculationArc xlink:type="arc" xlink:arcrole="http://www.xbrl.org/2003/arcrole/summation-item" xlink:from="us-gaap_BusinessCombinationRecognizedIdentifiableAssetsAcquiredGoodwillAndLiabilitiesAssumedLessNoncontrollingInterest" xlink:to="us-gaap_Goodwill_636269191083640949" order="2" use="optional" weight="1" priority="2" />
  </calculationLink>
  <calculationLink xlink:role="http://marathonpg.com/role/DisclosureIntangibleAssetsNetDetails" xlink:type="extended" xlink:title="40401 - Disclosure - INTANGIBLE ASSETS, NET (Details)" xmlns="http://www.xbrl.org/2003/linkbase">
    <loc xlink:type="locator" xlink:href="http://xbrl.fasb.org/us-gaap/2015/elts/us-gaap-2015-01-31.xsd#us-gaap_FiniteLivedIntangibleAssetsNet" xlink:label="us-gaap_FiniteLivedIntangibleAssetsNet" />
    <loc xlink:type="locator" xlink:href="http://xbrl.fasb.org/us-gaap/2015/elts/us-gaap-2015-01-31.xsd#us-gaap_FiniteLivedIntangibleAssetsGross" xlink:label="us-gaap_FiniteLivedIntangibleAssetsGross_636269191083640949" />
    <calculationArc xlink:type="arc" xlink:arcrole="http://www.xbrl.org/2003/arcrole/summation-item" xlink:from="us-gaap_FiniteLivedIntangibleAssetsNet" xlink:to="us-gaap_FiniteLivedIntangibleAssetsGross_636269191083640949" order="1" use="optional" weight="1" priority="3" />
    <loc xlink:type="locator" xlink:href="http://xbrl.fasb.org/us-gaap/2015/elts/us-gaap-2015-01-31.xsd#us-gaap_FiniteLivedIntangibleAssetsAccumulatedAmortization" xlink:label="us-gaap_FiniteLivedIntangibleAssetsAccumulatedAmortization_636269191083640949" />
    <calculationArc xlink:type="arc" xlink:arcrole="http://www.xbrl.org/2003/arcrole/summation-item" xlink:from="us-gaap_FiniteLivedIntangibleAssetsNet" xlink:to="us-gaap_FiniteLivedIntangibleAssetsAccumulatedAmortization_636269191083640949" order="2" use="optional" weight="-1" priority="2" />
  </calculationLink>
  <calculationLink xlink:role="http://marathonpg.com/role/DisclosureIntangibleAssetsNetFutureAmortizationOfCurrentIntangibleAssetsDetails" xlink:type="extended" xlink:title="40402 - Disclosure - INTANGIBLE ASSETS, NET - Future amortization of current intangible assets (Details)" xmlns="http://www.xbrl.org/2003/linkbase">
    <loc xlink:type="locator" xlink:href="http://xbrl.fasb.org/us-gaap/2015/elts/us-gaap-2015-01-31.xsd#us-gaap_IntangibleAssetsNetExcludingGoodwill" xlink:label="us-gaap_IntangibleAssetsNetExcludingGoodwill" />
    <loc xlink:type="locator" xlink:href="http://xbrl.fasb.org/us-gaap/2015/elts/us-gaap-2015-01-31.xsd#us-gaap_FiniteLivedIntangibleAssetsAmortizationExpenseNextTwelveMonths" xlink:label="us-gaap_FiniteLivedIntangibleAssetsAmortizationExpenseNextTwelveMonths_636269191083640949" />
    <calculationArc xlink:type="arc" xlink:arcrole="http://www.xbrl.org/2003/arcrole/summation-item" xlink:from="us-gaap_IntangibleAssetsNetExcludingGoodwill" xlink:to="us-gaap_FiniteLivedIntangibleAssetsAmortizationExpenseNextTwelveMonths_636269191083640949" order="1" use="optional" weight="1" priority="3" />
    <loc xlink:type="locator" xlink:href="http://xbrl.fasb.org/us-gaap/2015/elts/us-gaap-2015-01-31.xsd#us-gaap_FiniteLivedIntangibleAssetsAmortizationExpenseYearTwo" xlink:label="us-gaap_FiniteLivedIntangibleAssetsAmortizationExpenseYearTwo_636269191083640949" />
    <calculationArc xlink:type="arc" xlink:arcrole="http://www.xbrl.org/2003/arcrole/summation-item" xlink:from="us-gaap_IntangibleAssetsNetExcludingGoodwill" xlink:to="us-gaap_FiniteLivedIntangibleAssetsAmortizationExpenseYearTwo_636269191083640949" order="2" use="optional" weight="1" priority="3" />
    <loc xlink:type="locator" xlink:href="http://xbrl.fasb.org/us-gaap/2015/elts/us-gaap-2015-01-31.xsd#us-gaap_FiniteLivedIntangibleAssetsAmortizationExpenseYearThree" xlink:label="us-gaap_FiniteLivedIntangibleAssetsAmortizationExpenseYearThree_636269191083640949" />
    <calculationArc xlink:type="arc" xlink:arcrole="http://www.xbrl.org/2003/arcrole/summation-item" xlink:from="us-gaap_IntangibleAssetsNetExcludingGoodwill" xlink:to="us-gaap_FiniteLivedIntangibleAssetsAmortizationExpenseYearThree_636269191083640949" order="3" use="optional" weight="1" priority="3" />
    <loc xlink:type="locator" xlink:href="http://xbrl.fasb.org/us-gaap/2015/elts/us-gaap-2015-01-31.xsd#us-gaap_FiniteLivedIntangibleAssetsAmortizationExpenseYearFour" xlink:label="us-gaap_FiniteLivedIntangibleAssetsAmortizationExpenseYearFour_636269191083650950" />
    <calculationArc xlink:type="arc" xlink:arcrole="http://www.xbrl.org/2003/arcrole/summation-item" xlink:from="us-gaap_IntangibleAssetsNetExcludingGoodwill" xlink:to="us-gaap_FiniteLivedIntangibleAssetsAmortizationExpenseYearFour_636269191083650950" order="4" use="optional" weight="1" priority="3" />
    <loc xlink:type="locator" xlink:href="http://xbrl.fasb.org/us-gaap/2015/elts/us-gaap-2015-01-31.xsd#us-gaap_FiniteLivedIntangibleAssetsAmortizationExpenseYearFive" xlink:label="us-gaap_FiniteLivedIntangibleAssetsAmortizationExpenseYearFive_636269191083650950" />
    <calculationArc xlink:type="arc" xlink:arcrole="http://www.xbrl.org/2003/arcrole/summation-item" xlink:from="us-gaap_IntangibleAssetsNetExcludingGoodwill" xlink:to="us-gaap_FiniteLivedIntangibleAssetsAmortizationExpenseYearFive_636269191083650950" order="5" use="optional" weight="1" priority="3" />
    <loc xlink:type="locator" xlink:href="http://xbrl.fasb.org/us-gaap/2015/elts/us-gaap-2015-01-31.xsd#us-gaap_FiniteLivedIntangibleAssetsAmortizationExpenseAfterYearFive" xlink:label="us-gaap_FiniteLivedIntangibleAssetsAmortizationExpenseAfterYearFive_636269191083650950" />
    <calculationArc xlink:type="arc" xlink:arcrole="http://www.xbrl.org/2003/arcrole/summation-item" xlink:from="us-gaap_IntangibleAssetsNetExcludingGoodwill" xlink:to="us-gaap_FiniteLivedIntangibleAssetsAmortizationExpenseAfterYearFive_636269191083650950" order="6" use="optional" weight="1" priority="2" />
  </calculationLink>
  <calculationLink xlink:role="http://marathonpg.com/role/DisclosureCommitmentsAndContingenciesDebtAndObligationsDetails" xlink:type="extended" xlink:title="40601 - Disclosure - COMMITMENTS AND CONTINGENCIES - Debt and Obligations (Details)" xmlns="http://www.xbrl.org/2003/linkbase">
    <loc xlink:type="locator" xlink:href="http://xbrl.fasb.org/us-gaap/2015/elts/us-gaap-2015-01-31.xsd#us-gaap_LongTermDebt" xlink:label="us-gaap_LongTermDebt" />
    <loc xlink:type="locator" xlink:href="http://xbrl.fasb.org/us-gaap/2015/elts/us-gaap-2015-01-31.xsd#us-gaap_DebtInstrumentCarryingAmount" xlink:label="us-gaap_DebtInstrumentCarryingAmount_636269191083690954" />
    <calculationArc xlink:type="arc" xlink:arcrole="http://www.xbrl.org/2003/arcrole/summation-item" xlink:from="us-gaap_LongTermDebt" xlink:to="us-gaap_DebtInstrumentCarryingAmount_636269191083690954" order="1" use="optional" weight="1" priority="2" />
    <loc xlink:type="locator" xlink:href="http://xbrl.fasb.org/us-gaap/2015/elts/us-gaap-2015-01-31.xsd#us-gaap_DebtInstrumentUnamortizedDiscount" xlink:label="us-gaap_DebtInstrumentUnamortizedDiscount_636269191083690954" />
    <calculationArc xlink:type="arc" xlink:arcrole="http://www.xbrl.org/2003/arcrole/summation-item" xlink:from="us-gaap_LongTermDebt" xlink:to="us-gaap_DebtInstrumentUnamortizedDiscount_636269191083690954" order="2" use="optional" weight="-1" priority="2" />
  </calculationLink>
  <calculationLink xlink:role="http://marathonpg.com/role/DisclosureCommitmentsAndContingenciesScheduleOfNotesPayableDetails" xlink:type="extended" xlink:title="40602 - Disclosure - COMMITMENTS AND CONTINGENCIES - Schedule of Notes Payable (Details)" xmlns="http://www.xbrl.org/2003/linkbase">
    <loc xlink:type="locator" xlink:href="http://xbrl.fasb.org/us-gaap/2015/elts/us-gaap-2015-01-31.xsd#us-gaap_NotesPayable" xlink:label="us-gaap_NotesPayable" />
    <loc xlink:type="locator" xlink:href="http://xbrl.fasb.org/us-gaap/2015/elts/us-gaap-2015-01-31.xsd#us-gaap_NotesPayableCurrent" xlink:label="us-gaap_NotesPayableCurrent_636269191083690954" />
    <calculationArc xlink:type="arc" xlink:arcrole="http://www.xbrl.org/2003/arcrole/summation-item" xlink:from="us-gaap_NotesPayable" xlink:to="us-gaap_NotesPayableCurrent_636269191083690954" order="1" use="optional" weight="1" priority="2" />
    <loc xlink:type="locator" xlink:href="http://xbrl.fasb.org/us-gaap/2015/elts/us-gaap-2015-01-31.xsd#us-gaap_LongTermNotesPayable" xlink:label="us-gaap_LongTermNotesPayable_636269191083690954" />
    <calculationArc xlink:type="arc" xlink:arcrole="http://www.xbrl.org/2003/arcrole/summation-item" xlink:from="us-gaap_NotesPayable" xlink:to="us-gaap_LongTermNotesPayable_636269191083690954" order="2" use="optional" weight="1" priority="2" />
  </calculationLink>
  <calculationLink xlink:role="http://marathonpg.com/role/DisclosureCommitmentsAndContingenciesFutureMinimumPrincipalPaymentsDetails" xlink:type="extended" xlink:title="40609 - Disclosure - COMMITMENTS AND CONTINGENCIES - Future Minimum Principal Payments (Details)" xmlns="http://www.xbrl.org/2003/linkbase">
    <loc xlink:type="locator" xlink:href="http://xbrl.fasb.org/us-gaap/2015/elts/us-gaap-2015-01-31.xsd#us-gaap_LongTermDebt" xlink:label="us-gaap_LongTermDebt" />
    <loc xlink:type="locator" xlink:href="http://xbrl.fasb.org/us-gaap/2015/elts/us-gaap-2015-01-31.xsd#us-gaap_LongTermDebtMaturitiesRepaymentsOfPrincipalInNextTwelveMonths" xlink:label="us-gaap_LongTermDebtMaturitiesRepaymentsOfPrincipalInNextTwelveMonths_636269191083690954" />
    <calculationArc xlink:type="arc" xlink:arcrole="http://www.xbrl.org/2003/arcrole/summation-item" xlink:from="us-gaap_LongTermDebt" xlink:to="us-gaap_LongTermDebtMaturitiesRepaymentsOfPrincipalInNextTwelveMonths_636269191083690954" order="1" use="optional" weight="1" priority="2" />
    <loc xlink:type="locator" xlink:href="http://xbrl.fasb.org/us-gaap/2015/elts/us-gaap-2015-01-31.xsd#us-gaap_LongTermDebtMaturitiesRepaymentsOfPrincipalInYearTwo" xlink:label="us-gaap_LongTermDebtMaturitiesRepaymentsOfPrincipalInYearTwo_636269191083690954" />
    <calculationArc xlink:type="arc" xlink:arcrole="http://www.xbrl.org/2003/arcrole/summation-item" xlink:from="us-gaap_LongTermDebt" xlink:to="us-gaap_LongTermDebtMaturitiesRepaymentsOfPrincipalInYearTwo_636269191083690954" order="2" use="optional" weight="1" priority="2" />
  </calculationLink>
  <calculationLink xlink:role="http://marathonpg.com/role/DisclosureCommitmentsAndContingenciesOfficeLeaseAndLegalProceedingsDetails" xlink:type="extended" xlink:title="40610 - Disclosure - COMMITMENTS AND CONTINGENCIES - Office Lease and Legal Proceedings (Details)" xmlns="http://www.xbrl.org/2003/linkbase">
    <loc xlink:type="locator" xlink:href="http://xbrl.fasb.org/us-gaap/2015/elts/us-gaap-2015-01-31.xsd#us-gaap_CapitalLeasesFutureMinimumPaymentsDue" xlink:label="us-gaap_CapitalLeasesFutureMinimumPaymentsDue" />
    <loc xlink:type="locator" xlink:href="http://xbrl.fasb.org/us-gaap/2015/elts/us-gaap-2015-01-31.xsd#us-gaap_CapitalLeasesFutureMinimumPaymentsDueCurrent" xlink:label="us-gaap_CapitalLeasesFutureMinimumPaymentsDueCurrent_636269191083700955" />
    <calculationArc xlink:type="arc" xlink:arcrole="http://www.xbrl.org/2003/arcrole/summation-item" xlink:from="us-gaap_CapitalLeasesFutureMinimumPaymentsDue" xlink:to="us-gaap_CapitalLeasesFutureMinimumPaymentsDueCurrent_636269191083700955" order="1" use="optional" weight="1" priority="2" />
    <loc xlink:type="locator" xlink:href="http://xbrl.fasb.org/us-gaap/2015/elts/us-gaap-2015-01-31.xsd#us-gaap_CapitalLeasesFutureMinimumPaymentsDueInTwoYears" xlink:label="us-gaap_CapitalLeasesFutureMinimumPaymentsDueInTwoYears_636269191083700955" />
    <calculationArc xlink:type="arc" xlink:arcrole="http://www.xbrl.org/2003/arcrole/summation-item" xlink:from="us-gaap_CapitalLeasesFutureMinimumPaymentsDue" xlink:to="us-gaap_CapitalLeasesFutureMinimumPaymentsDueInTwoYears_636269191083700955" order="2" use="optional" weight="1" priority="2" />
    <loc xlink:type="locator" xlink:href="http://xbrl.fasb.org/us-gaap/2015/elts/us-gaap-2015-01-31.xsd#us-gaap_CapitalLeasesFutureMinimumPaymentsDueInThreeYears" xlink:label="us-gaap_CapitalLeasesFutureMinimumPaymentsDueInThreeYears_636269191083700955" />
    <calculationArc xlink:type="arc" xlink:arcrole="http://www.xbrl.org/2003/arcrole/summation-item" xlink:from="us-gaap_CapitalLeasesFutureMinimumPaymentsDue" xlink:to="us-gaap_CapitalLeasesFutureMinimumPaymentsDueInThreeYears_636269191083700955" order="3" use="optional" weight="1" priority="2" />
    <loc xlink:type="locator" xlink:href="http://xbrl.fasb.org/us-gaap/2015/elts/us-gaap-2015-01-31.xsd#us-gaap_CapitalLeasesFutureMinimumPaymentsDueInFourYears" xlink:label="us-gaap_CapitalLeasesFutureMinimumPaymentsDueInFourYears_636269191083700955" />
    <calculationArc xlink:type="arc" xlink:arcrole="http://www.xbrl.org/2003/arcrole/summation-item" xlink:from="us-gaap_CapitalLeasesFutureMinimumPaymentsDue" xlink:to="us-gaap_CapitalLeasesFutureMinimumPaymentsDueInFourYears_636269191083700955" order="4" use="optional" weight="1" priority="2" />
    <loc xlink:type="locator" xlink:href="http://xbrl.fasb.org/us-gaap/2015/elts/us-gaap-2015-01-31.xsd#us-gaap_CapitalLeasesFutureMinimumPaymentsDueInFiveYears" xlink:label="us-gaap_CapitalLeasesFutureMinimumPaymentsDueInFiveYears_636269191083700955" />
    <calculationArc xlink:type="arc" xlink:arcrole="http://www.xbrl.org/2003/arcrole/summation-item" xlink:from="us-gaap_CapitalLeasesFutureMinimumPaymentsDue" xlink:to="us-gaap_CapitalLeasesFutureMinimumPaymentsDueInFiveYears_636269191083700955" order="5" use="optional" weight="1" priority="2" />
  </calculationLink>
  <calculationLink xlink:role="http://marathonpg.com/role/DisclosureIncomeTaxesCurrentAndDeferredProvisionBenefitDetails" xlink:type="extended" xlink:title="40701 - Disclosure - INCOME TAXES - Current and deferred provision (benefit) (Details)" xmlns="http://www.xbrl.org/2003/linkbase">
    <loc xlink:type="locator" xlink:href="http://xbrl.fasb.org/us-gaap/2015/elts/us-gaap-2015-01-31.xsd#us-gaap_IncomeTaxExpenseBenefit" xlink:label="us-gaap_IncomeTaxExpenseBenefit" />
    <loc xlink:type="locator" xlink:href="http://xbrl.fasb.org/us-gaap/2015/elts/us-gaap-2015-01-31.xsd#us-gaap_CurrentIncomeTaxExpenseBenefit" xlink:label="us-gaap_CurrentIncomeTaxExpenseBenefit_636269191083700955" />
    <calculationArc xlink:type="arc" xlink:arcrole="http://www.xbrl.org/2003/arcrole/summation-item" xlink:from="us-gaap_IncomeTaxExpenseBenefit" xlink:to="us-gaap_CurrentIncomeTaxExpenseBenefit_636269191083700955" order="1" use="optional" weight="1" priority="2" />
    <loc xlink:type="locator" xlink:href="http://xbrl.fasb.org/us-gaap/2015/elts/us-gaap-2015-01-31.xsd#us-gaap_CurrentFederalTaxExpenseBenefit" xlink:label="us-gaap_CurrentFederalTaxExpenseBenefit_636269191083700955" />
    <calculationArc xlink:type="arc" xlink:arcrole="http://www.xbrl.org/2003/arcrole/summation-item" xlink:from="us-gaap_CurrentIncomeTaxExpenseBenefit_636269191083700955" xlink:to="us-gaap_CurrentFederalTaxExpenseBenefit_636269191083700955" order="1" use="optional" weight="1" priority="3" />
    <loc xlink:type="locator" xlink:href="http://xbrl.fasb.org/us-gaap/2015/elts/us-gaap-2015-01-31.xsd#us-gaap_CurrentStateAndLocalTaxExpenseBenefit" xlink:label="us-gaap_CurrentStateAndLocalTaxExpenseBenefit_636269191083700955" />
    <calculationArc xlink:type="arc" xlink:arcrole="http://www.xbrl.org/2003/arcrole/summation-item" xlink:from="us-gaap_CurrentIncomeTaxExpenseBenefit_636269191083700955" xlink:to="us-gaap_CurrentStateAndLocalTaxExpenseBenefit_636269191083700955" order="2" use="optional" weight="1" priority="2" />
    <loc xlink:type="locator" xlink:href="http://xbrl.fasb.org/us-gaap/2015/elts/us-gaap-2015-01-31.xsd#us-gaap_CurrentForeignTaxExpenseBenefit" xlink:label="us-gaap_CurrentForeignTaxExpenseBenefit_636269191083700955" />
    <calculationArc xlink:type="arc" xlink:arcrole="http://www.xbrl.org/2003/arcrole/summation-item" xlink:from="us-gaap_CurrentIncomeTaxExpenseBenefit_636269191083700955" xlink:to="us-gaap_CurrentForeignTaxExpenseBenefit_636269191083700955" order="3" use="optional" weight="1" priority="2" />
    <loc xlink:type="locator" xlink:href="http://xbrl.fasb.org/us-gaap/2015/elts/us-gaap-2015-01-31.xsd#us-gaap_DeferredIncomeTaxExpenseBenefit" xlink:label="us-gaap_DeferredIncomeTaxExpenseBenefit_636269191083700955" />
    <calculationArc xlink:type="arc" xlink:arcrole="http://www.xbrl.org/2003/arcrole/summation-item" xlink:from="us-gaap_IncomeTaxExpenseBenefit" xlink:to="us-gaap_DeferredIncomeTaxExpenseBenefit_636269191083700955" order="2" use="optional" weight="1" priority="2" />
    <loc xlink:type="locator" xlink:href="http://xbrl.fasb.org/us-gaap/2015/elts/us-gaap-2015-01-31.xsd#us-gaap_DeferredFederalIncomeTaxExpenseBenefit" xlink:label="us-gaap_DeferredFederalIncomeTaxExpenseBenefit_636269191083700955" />
    <calculationArc xlink:type="arc" xlink:arcrole="http://www.xbrl.org/2003/arcrole/summation-item" xlink:from="us-gaap_DeferredIncomeTaxExpenseBenefit_636269191083700955" xlink:to="us-gaap_DeferredFederalIncomeTaxExpenseBenefit_636269191083700955" order="1" use="optional" weight="1" priority="2" />
    <loc xlink:type="locator" xlink:href="http://xbrl.fasb.org/us-gaap/2015/elts/us-gaap-2015-01-31.xsd#us-gaap_DeferredStateAndLocalIncomeTaxExpenseBenefit" xlink:label="us-gaap_DeferredStateAndLocalIncomeTaxExpenseBenefit_636269191083700955" />
    <calculationArc xlink:type="arc" xlink:arcrole="http://www.xbrl.org/2003/arcrole/summation-item" xlink:from="us-gaap_DeferredIncomeTaxExpenseBenefit_636269191083700955" xlink:to="us-gaap_DeferredStateAndLocalIncomeTaxExpenseBenefit_636269191083700955" order="2" use="optional" weight="1" priority="2" />
    <loc xlink:type="locator" xlink:href="http://xbrl.fasb.org/us-gaap/2015/elts/us-gaap-2015-01-31.xsd#us-gaap_DeferredForeignIncomeTaxExpenseBenefit" xlink:label="us-gaap_DeferredForeignIncomeTaxExpenseBenefit_636269191083700955" />
    <calculationArc xlink:type="arc" xlink:arcrole="http://www.xbrl.org/2003/arcrole/summation-item" xlink:from="us-gaap_DeferredIncomeTaxExpenseBenefit_636269191083700955" xlink:to="us-gaap_DeferredForeignIncomeTaxExpenseBenefit_636269191083700955" order="3" use="optional" weight="1" priority="2" />
  </calculationLink>
  <calculationLink xlink:role="http://marathonpg.com/role/DisclosureIncomeTaxesEffectiveTaxRateAndStatutoryFederalRateInDollarsDetails" xlink:type="extended" xlink:title="40702 - Disclosure - INCOME TAXES - Effective tax rate and statutory federal rate (in dollars) (Details)" xmlns="http://www.xbrl.org/2003/linkbase">
    <loc xlink:type="locator" xlink:href="http://xbrl.fasb.org/us-gaap/2015/elts/us-gaap-2015-01-31.xsd#us-gaap_IncomeTaxExpenseBenefit" xlink:label="us-gaap_IncomeTaxExpenseBenefit" />
    <loc xlink:type="locator" xlink:href="http://xbrl.fasb.org/us-gaap/2015/elts/us-gaap-2015-01-31.xsd#us-gaap_IncomeTaxReconciliationTaxContingencies" xlink:label="us-gaap_IncomeTaxReconciliationTaxContingencies_636269191083700955" />
    <calculationArc xlink:type="arc" xlink:arcrole="http://www.xbrl.org/2003/arcrole/summation-item" xlink:from="us-gaap_IncomeTaxExpenseBenefit" xlink:to="us-gaap_IncomeTaxReconciliationTaxContingencies_636269191083700955" order="1" use="optional" weight="1" priority="2" />
    <loc xlink:type="locator" xlink:href="http://xbrl.fasb.org/us-gaap/2015/elts/us-gaap-2015-01-31.xsd#us-gaap_IncomeTaxReconciliationStateAndLocalIncomeTaxes" xlink:label="us-gaap_IncomeTaxReconciliationStateAndLocalIncomeTaxes_636269191083700955" />
    <calculationArc xlink:type="arc" xlink:arcrole="http://www.xbrl.org/2003/arcrole/summation-item" xlink:from="us-gaap_IncomeTaxExpenseBenefit" xlink:to="us-gaap_IncomeTaxReconciliationStateAndLocalIncomeTaxes_636269191083700955" order="2" use="optional" weight="1" priority="4" />
    <loc xlink:type="locator" xlink:href="http://xbrl.fasb.org/us-gaap/2015/elts/us-gaap-2015-01-31.xsd#us-gaap_IncomeTaxReconciliationNondeductibleExpenseShareBasedCompensationCost" xlink:label="us-gaap_IncomeTaxReconciliationNondeductibleExpenseShareBasedCompensationCost_636269191083700955" />
    <calculationArc xlink:type="arc" xlink:arcrole="http://www.xbrl.org/2003/arcrole/summation-item" xlink:from="us-gaap_IncomeTaxExpenseBenefit" xlink:to="us-gaap_IncomeTaxReconciliationNondeductibleExpenseShareBasedCompensationCost_636269191083700955" order="3" use="optional" weight="1" priority="4" />
    <loc xlink:type="locator" xlink:href="mara-20161231.xsd#mara_EffectiveIncomeTaxRateReconciliationNondeductibleExpensesTransactionCost" xlink:label="mara_EffectiveIncomeTaxRateReconciliationNondeductibleExpensesTransactionCost_636269191083700955" />
    <calculationArc xlink:type="arc" xlink:arcrole="http://www.xbrl.org/2003/arcrole/summation-item" xlink:from="us-gaap_IncomeTaxExpenseBenefit" xlink:to="mara_EffectiveIncomeTaxRateReconciliationNondeductibleExpensesTransactionCost_636269191083700955" order="4" use="optional" weight="1" priority="3" />
    <loc xlink:type="locator" xlink:href="http://xbrl.fasb.org/us-gaap/2015/elts/us-gaap-2015-01-31.xsd#us-gaap_IncomeTaxReconciliationNondeductibleExpenseOther" xlink:label="us-gaap_IncomeTaxReconciliationNondeductibleExpenseOther_636269191083700955" />
    <calculationArc xlink:type="arc" xlink:arcrole="http://www.xbrl.org/2003/arcrole/summation-item" xlink:from="us-gaap_IncomeTaxExpenseBenefit" xlink:to="us-gaap_IncomeTaxReconciliationNondeductibleExpenseOther_636269191083700955" order="5" use="optional" weight="1" priority="2" />
    <loc xlink:type="locator" xlink:href="http://xbrl.fasb.org/us-gaap/2015/elts/us-gaap-2015-01-31.xsd#us-gaap_IncomeTaxReconciliationForeignIncomeTaxRateDifferential" xlink:label="us-gaap_IncomeTaxReconciliationForeignIncomeTaxRateDifferential_636269191083700955" />
    <calculationArc xlink:type="arc" xlink:arcrole="http://www.xbrl.org/2003/arcrole/summation-item" xlink:from="us-gaap_IncomeTaxExpenseBenefit" xlink:to="us-gaap_IncomeTaxReconciliationForeignIncomeTaxRateDifferential_636269191083700955" order="6" use="optional" weight="1" priority="3" />
    <loc xlink:type="locator" xlink:href="http://xbrl.fasb.org/us-gaap/2015/elts/us-gaap-2015-01-31.xsd#us-gaap_ValuationAllowanceDeferredTaxAssetChangeInAmount" xlink:label="us-gaap_ValuationAllowanceDeferredTaxAssetChangeInAmount_636269191083710956" />
    <calculationArc xlink:type="arc" xlink:arcrole="http://www.xbrl.org/2003/arcrole/summation-item" xlink:from="us-gaap_IncomeTaxExpenseBenefit" xlink:to="us-gaap_ValuationAllowanceDeferredTaxAssetChangeInAmount_636269191083710956" order="7" use="optional" weight="-1" priority="4" />
  </calculationLink>
  <calculationLink xlink:role="http://marathonpg.com/role/DisclosureIncomeTaxesEffectiveTaxRateAndStatutoryFederalRateInPercentDetails" xlink:type="extended" xlink:title="40703 - Disclosure - INCOME TAXES - Effective tax rate and statutory federal rate (in percent) (Details)" xmlns="http://www.xbrl.org/2003/linkbase">
    <loc xlink:type="locator" xlink:href="http://xbrl.fasb.org/us-gaap/2015/elts/us-gaap-2015-01-31.xsd#us-gaap_EffectiveIncomeTaxRateContinuingOperations" xlink:label="us-gaap_EffectiveIncomeTaxRateContinuingOperations" />
    <loc xlink:type="locator" xlink:href="http://xbrl.fasb.org/us-gaap/2015/elts/us-gaap-2015-01-31.xsd#us-gaap_EffectiveIncomeTaxRateReconciliationAtFederalStatutoryIncomeTaxRate" xlink:label="us-gaap_EffectiveIncomeTaxRateReconciliationAtFederalStatutoryIncomeTaxRate_636269191083710956" />
    <calculationArc xlink:type="arc" xlink:arcrole="http://www.xbrl.org/2003/arcrole/summation-item" xlink:from="us-gaap_EffectiveIncomeTaxRateContinuingOperations" xlink:to="us-gaap_EffectiveIncomeTaxRateReconciliationAtFederalStatutoryIncomeTaxRate_636269191083710956" order="1" use="optional" weight="1" priority="3" />
    <loc xlink:type="locator" xlink:href="http://xbrl.fasb.org/us-gaap/2015/elts/us-gaap-2015-01-31.xsd#us-gaap_EffectiveIncomeTaxRateReconciliationStateAndLocalIncomeTaxes" xlink:label="us-gaap_EffectiveIncomeTaxRateReconciliationStateAndLocalIncomeTaxes_636269191083710956" />
    <calculationArc xlink:type="arc" xlink:arcrole="http://www.xbrl.org/2003/arcrole/summation-item" xlink:from="us-gaap_EffectiveIncomeTaxRateContinuingOperations" xlink:to="us-gaap_EffectiveIncomeTaxRateReconciliationStateAndLocalIncomeTaxes_636269191083710956" order="2" use="optional" weight="1" priority="2" />
    <loc xlink:type="locator" xlink:href="http://xbrl.fasb.org/us-gaap/2015/elts/us-gaap-2015-01-31.xsd#us-gaap_EffectiveIncomeTaxRateReconciliationNondeductibleExpense" xlink:label="us-gaap_EffectiveIncomeTaxRateReconciliationNondeductibleExpense_636269191083710956" />
    <calculationArc xlink:type="arc" xlink:arcrole="http://www.xbrl.org/2003/arcrole/summation-item" xlink:from="us-gaap_EffectiveIncomeTaxRateContinuingOperations" xlink:to="us-gaap_EffectiveIncomeTaxRateReconciliationNondeductibleExpense_636269191083710956" order="3" use="optional" weight="1" priority="3" />
    <loc xlink:type="locator" xlink:href="http://xbrl.fasb.org/us-gaap/2015/elts/us-gaap-2015-01-31.xsd#us-gaap_EffectiveIncomeTaxRateReconciliationChangeInDeferredTaxAssetsValuationAllowance" xlink:label="us-gaap_EffectiveIncomeTaxRateReconciliationChangeInDeferredTaxAssetsValuationAllowance_636269191083710956" />
    <calculationArc xlink:type="arc" xlink:arcrole="http://www.xbrl.org/2003/arcrole/summation-item" xlink:from="us-gaap_EffectiveIncomeTaxRateContinuingOperations" xlink:to="us-gaap_EffectiveIncomeTaxRateReconciliationChangeInDeferredTaxAssetsValuationAllowance_636269191083710956" order="4" use="optional" weight="1" priority="2" />
  </calculationLink>
  <calculationLink xlink:role="http://marathonpg.com/role/DisclosureIncomeTaxesDeferredTaxAssetsDetails" xlink:type="extended" xlink:title="40704 - Disclosure - INCOME TAXES - Deferred tax assets (Details)" xmlns="http://www.xbrl.org/2003/linkbase">
    <loc xlink:type="locator" xlink:href="http://xbrl.fasb.org/us-gaap/2015/elts/us-gaap-2015-01-31.xsd#us-gaap_DeferredTaxAssetsLiabilitiesNet" xlink:label="us-gaap_DeferredTaxAssetsLiabilitiesNet" />
    <loc xlink:type="locator" xlink:href="http://xbrl.fasb.org/us-gaap/2015/elts/us-gaap-2015-01-31.xsd#us-gaap_DeferredTaxAssetsGross" xlink:label="us-gaap_DeferredTaxAssetsGross_636269191083710956" />
    <calculationArc xlink:type="arc" xlink:arcrole="http://www.xbrl.org/2003/arcrole/summation-item" xlink:from="us-gaap_DeferredTaxAssetsLiabilitiesNet" xlink:to="us-gaap_DeferredTaxAssetsGross_636269191083710956" order="1" use="optional" weight="1" priority="2" />
    <loc xlink:type="locator" xlink:href="http://xbrl.fasb.org/us-gaap/2015/elts/us-gaap-2015-01-31.xsd#us-gaap_DeferredIncomeTaxLiabilities" xlink:label="us-gaap_DeferredIncomeTaxLiabilities_636269191083710956" />
    <calculationArc xlink:type="arc" xlink:arcrole="http://www.xbrl.org/2003/arcrole/summation-item" xlink:from="us-gaap_DeferredTaxAssetsLiabilitiesNet" xlink:to="us-gaap_DeferredIncomeTaxLiabilities_636269191083710956" order="2" use="optional" weight="-1" priority="2" />
    <loc xlink:type="locator" xlink:href="http://xbrl.fasb.org/us-gaap/2015/elts/us-gaap-2015-01-31.xsd#us-gaap_DeferredTaxAssetsValuationAllowance" xlink:label="us-gaap_DeferredTaxAssetsValuationAllowance_636269191083710956" />
    <calculationArc xlink:type="arc" xlink:arcrole="http://www.xbrl.org/2003/arcrole/summation-item" xlink:from="us-gaap_DeferredTaxAssetsLiabilitiesNet" xlink:to="us-gaap_DeferredTaxAssetsValuationAllowance_636269191083710956" order="3" use="optional" weight="-1" priority="2" />
  </calculationLink>
  <calculationLink xlink:role="http://marathonpg.com/role/DisclosureIncomeTaxesDeferredTaxAssetsAndDeferredTaxLiabilitiesDetails" xlink:type="extended" xlink:title="40705 - Disclosure - INCOME TAXES - Deferred tax assets and deferred tax liabilities (Details)" xmlns="http://www.xbrl.org/2003/linkbase">
    <loc xlink:type="locator" xlink:href="http://xbrl.fasb.org/us-gaap/2015/elts/us-gaap-2015-01-31.xsd#us-gaap_DeferredTaxAssetsLiabilitiesNet" xlink:label="us-gaap_DeferredTaxAssetsLiabilitiesNet" />
    <loc xlink:type="locator" xlink:href="http://xbrl.fasb.org/us-gaap/2015/elts/us-gaap-2015-01-31.xsd#us-gaap_DeferredTaxAssetsCharitableContributionCarryforwards" xlink:label="us-gaap_DeferredTaxAssetsCharitableContributionCarryforwards_636269191083710956" />
    <calculationArc xlink:type="arc" xlink:arcrole="http://www.xbrl.org/2003/arcrole/summation-item" xlink:from="us-gaap_DeferredTaxAssetsLiabilitiesNet" xlink:to="us-gaap_DeferredTaxAssetsCharitableContributionCarryforwards_636269191083710956" order="1" use="optional" weight="1" priority="2" />
    <loc xlink:type="locator" xlink:href="mara-20161231.xsd#mara_DeferredTaxAssetsIntangibleAssets" xlink:label="mara_DeferredTaxAssetsIntangibleAssets_636269191083710956" />
    <calculationArc xlink:type="arc" xlink:arcrole="http://www.xbrl.org/2003/arcrole/summation-item" xlink:from="us-gaap_DeferredTaxAssetsLiabilitiesNet" xlink:to="mara_DeferredTaxAssetsIntangibleAssets_636269191083710956" order="2" use="optional" weight="1" priority="2" />
    <loc xlink:type="locator" xlink:href="http://xbrl.fasb.org/us-gaap/2015/elts/us-gaap-2015-01-31.xsd#us-gaap_DeferredTaxAssetsOperatingLossCarryforwards" xlink:label="us-gaap_DeferredTaxAssetsOperatingLossCarryforwards_636269191083710956" />
    <calculationArc xlink:type="arc" xlink:arcrole="http://www.xbrl.org/2003/arcrole/summation-item" xlink:from="us-gaap_DeferredTaxAssetsLiabilitiesNet" xlink:to="us-gaap_DeferredTaxAssetsOperatingLossCarryforwards_636269191083710956" order="3" use="optional" weight="1" priority="2" />
    <loc xlink:type="locator" xlink:href="http://xbrl.fasb.org/us-gaap/2015/elts/us-gaap-2015-01-31.xsd#us-gaap_DeferredTaxAssetsOther" xlink:label="us-gaap_DeferredTaxAssetsOther_636269191083710956" />
    <calculationArc xlink:type="arc" xlink:arcrole="http://www.xbrl.org/2003/arcrole/summation-item" xlink:from="us-gaap_DeferredTaxAssetsLiabilitiesNet" xlink:to="us-gaap_DeferredTaxAssetsOther_636269191083710956" order="4" use="optional" weight="1" priority="2" />
    <loc xlink:type="locator" xlink:href="http://xbrl.fasb.org/us-gaap/2015/elts/us-gaap-2015-01-31.xsd#us-gaap_DeferredTaxAssetsStateTaxes" xlink:label="us-gaap_DeferredTaxAssetsStateTaxes_636269191083710956" />
    <calculationArc xlink:type="arc" xlink:arcrole="http://www.xbrl.org/2003/arcrole/summation-item" xlink:from="us-gaap_DeferredTaxAssetsLiabilitiesNet" xlink:to="us-gaap_DeferredTaxAssetsStateTaxes_636269191083710956" order="5" use="optional" weight="1" priority="2" />
    <loc xlink:type="locator" xlink:href="http://xbrl.fasb.org/us-gaap/2015/elts/us-gaap-2015-01-31.xsd#us-gaap_DeferredTaxAssetsTaxCreditCarryforwardsAlternativeMinimumTax" xlink:label="us-gaap_DeferredTaxAssetsTaxCreditCarryforwardsAlternativeMinimumTax_636269191083710956" />
    <calculationArc xlink:type="arc" xlink:arcrole="http://www.xbrl.org/2003/arcrole/summation-item" xlink:from="us-gaap_DeferredTaxAssetsLiabilitiesNet" xlink:to="us-gaap_DeferredTaxAssetsTaxCreditCarryforwardsAlternativeMinimumTax_636269191083710956" order="6" use="optional" weight="1" priority="2" />
    <loc xlink:type="locator" xlink:href="http://xbrl.fasb.org/us-gaap/2015/elts/us-gaap-2015-01-31.xsd#us-gaap_DeferredTaxAssetsTaxDeferredExpenseReservesAndAccrualsAccruedLiabilities" xlink:label="us-gaap_DeferredTaxAssetsTaxDeferredExpenseReservesAndAccrualsAccruedLiabilities_636269191083710956" />
    <calculationArc xlink:type="arc" xlink:arcrole="http://www.xbrl.org/2003/arcrole/summation-item" xlink:from="us-gaap_DeferredTaxAssetsLiabilitiesNet" xlink:to="us-gaap_DeferredTaxAssetsTaxDeferredExpenseReservesAndAccrualsAccruedLiabilities_636269191083710956" order="7" use="optional" weight="1" priority="2" />
    <loc xlink:type="locator" xlink:href="http://xbrl.fasb.org/us-gaap/2015/elts/us-gaap-2015-01-31.xsd#us-gaap_DeferredTaxAssetsValuationAllowance" xlink:label="us-gaap_DeferredTaxAssetsValuationAllowance_636269191083710956" />
    <calculationArc xlink:type="arc" xlink:arcrole="http://www.xbrl.org/2003/arcrole/summation-item" xlink:from="us-gaap_DeferredTaxAssetsLiabilitiesNet" xlink:to="us-gaap_DeferredTaxAssetsValuationAllowance_636269191083710956" order="8" use="optional" weight="-1" priority="2" />
    <loc xlink:type="locator" xlink:href="http://xbrl.fasb.org/us-gaap/2015/elts/us-gaap-2015-01-31.xsd#us-gaap_DeferredTaxLiabilitiesPropertyPlantAndEquipment" xlink:label="us-gaap_DeferredTaxLiabilitiesPropertyPlantAndEquipment_636269191083710956" />
    <calculationArc xlink:type="arc" xlink:arcrole="http://www.xbrl.org/2003/arcrole/summation-item" xlink:from="us-gaap_DeferredTaxAssetsLiabilitiesNet" xlink:to="us-gaap_DeferredTaxLiabilitiesPropertyPlantAndEquipment_636269191083710956" order="9" use="optional" weight="-1" priority="2" />
  </calculationLink>
</link:linkbase>