<?xml version="1.0" encoding="us-ascii"?>
<!-- Created by Merrill Corporation -->
<!--XBRL document created with Merrill Bridge  6.2.124.0 -->
<!--Based on XBRL 2.1-->
<!--Created on: 8/15/2016 7:07:49 AM-->
<!--Modified on: 8/15/2016 7:07:49 AM-->
<link:linkbase xsi:schemaLocation="http://www.xbrl.org/2003/linkbase http://www.xbrl.org/2003/xbrl-linkbase-2003-12-31.xsd" xmlns:link="http://www.xbrl.org/2003/linkbase" xmlns:xsi="http://www.w3.org/2001/XMLSchema-instance" xmlns:xbrli="http://www.xbrl.org/2003/instance" xmlns:xlink="http://www.w3.org/1999/xlink">
  <roleRef xlink:type="simple" xlink:href="mara-20160630.xsd#StatementConsolidatedBalanceSheets" roleURI="http://marathonpg.com/role/StatementConsolidatedBalanceSheets" xmlns="http://www.xbrl.org/2003/linkbase" />
  <roleRef xlink:type="simple" xlink:href="mara-20160630.xsd#StatementConsolidatedStatementsOfOperationsAndComprehensiveIncome" roleURI="http://marathonpg.com/role/StatementConsolidatedStatementsOfOperationsAndComprehensiveIncome" xmlns="http://www.xbrl.org/2003/linkbase" />
  <roleRef xlink:type="simple" xlink:href="mara-20160630.xsd#StatementConsolidatedStatementsOfCashFlows" roleURI="http://marathonpg.com/role/StatementConsolidatedStatementsOfCashFlows" xmlns="http://www.xbrl.org/2003/linkbase" />
  <roleRef xlink:type="simple" xlink:href="mara-20160630.xsd#DisclosureAcquisitionsDetails" roleURI="http://marathonpg.com/role/DisclosureAcquisitionsDetails" xmlns="http://www.xbrl.org/2003/linkbase" />
  <roleRef xlink:type="simple" xlink:href="mara-20160630.xsd#DisclosureCommitmentsAndContingenciesOfficeLeaseDetails" roleURI="http://marathonpg.com/role/DisclosureCommitmentsAndContingenciesOfficeLeaseDetails" xmlns="http://www.xbrl.org/2003/linkbase" />
  <calculationLink xlink:role="http://marathonpg.com/role/StatementConsolidatedBalanceSheets" xlink:type="extended" xlink:title="00100 - Statement - CONSOLIDATED BALANCE SHEETS" xmlns="http://www.xbrl.org/2003/linkbase">
    <loc xlink:type="locator" xlink:href="http://xbrl.fasb.org/us-gaap/2015/elts/us-gaap-2015-01-31.xsd#us-gaap_Assets" xlink:label="loc_us-gaapAssets" />
    <loc xlink:type="locator" xlink:href="http://xbrl.fasb.org/us-gaap/2015/elts/us-gaap-2015-01-31.xsd#us-gaap_AssetsCurrent" xlink:label="us-gaap_AssetsCurrent_636068416665483459" />
    <calculationArc xlink:type="arc" xlink:arcrole="http://www.xbrl.org/2003/arcrole/summation-item" xlink:from="loc_us-gaapAssets" xlink:to="us-gaap_AssetsCurrent_636068416665483459" order="1" use="optional" weight="1" />
    <loc xlink:type="locator" xlink:href="http://xbrl.fasb.org/us-gaap/2015/elts/us-gaap-2015-01-31.xsd#us-gaap_Cash" xlink:label="us-gaap_Cash_636068416665483459" />
    <calculationArc xlink:type="arc" xlink:arcrole="http://www.xbrl.org/2003/arcrole/summation-item" xlink:from="us-gaap_AssetsCurrent_636068416665483459" xlink:to="us-gaap_Cash_636068416665483459" order="1" use="optional" weight="1" />
    <loc xlink:type="locator" xlink:href="http://xbrl.fasb.org/us-gaap/2015/elts/us-gaap-2015-01-31.xsd#us-gaap_AccountsReceivableNetCurrent" xlink:label="us-gaap_AccountsReceivableNetCurrent_636068416665483459" />
    <calculationArc xlink:type="arc" xlink:arcrole="http://www.xbrl.org/2003/arcrole/summation-item" xlink:from="us-gaap_AssetsCurrent_636068416665483459" xlink:to="us-gaap_AccountsReceivableNetCurrent_636068416665483459" order="2" use="optional" weight="1" priority="2" />
    <loc xlink:type="locator" xlink:href="mara-20160630.xsd#mara_BondsPostedWithCourts" xlink:label="mara_BondsPostedWithCourts_636068416665483459" />
    <calculationArc xlink:type="arc" xlink:arcrole="http://www.xbrl.org/2003/arcrole/summation-item" xlink:from="us-gaap_AssetsCurrent_636068416665483459" xlink:to="mara_BondsPostedWithCourts_636068416665483459" order="3" use="optional" weight="1" />
    <loc xlink:type="locator" xlink:href="http://xbrl.fasb.org/us-gaap/2015/elts/us-gaap-2015-01-31.xsd#us-gaap_PrepaidExpenseAndOtherAssetsCurrent" xlink:label="us-gaap_PrepaidExpenseAndOtherAssetsCurrent_636068416665483459" />
    <calculationArc xlink:type="arc" xlink:arcrole="http://www.xbrl.org/2003/arcrole/summation-item" xlink:from="us-gaap_AssetsCurrent_636068416665483459" xlink:to="us-gaap_PrepaidExpenseAndOtherAssetsCurrent_636068416665483459" order="4" use="optional" weight="1" priority="2" />
    <loc xlink:type="locator" xlink:href="http://xbrl.fasb.org/us-gaap/2015/elts/us-gaap-2015-01-31.xsd#us-gaap_AssetsNoncurrent" xlink:label="us-gaap_AssetsNoncurrent_636068416665483459" />
    <calculationArc xlink:type="arc" xlink:arcrole="http://www.xbrl.org/2003/arcrole/summation-item" xlink:from="loc_us-gaapAssets" xlink:to="us-gaap_AssetsNoncurrent_636068416665483459" order="2" use="optional" weight="1" priority="2" />
    <loc xlink:type="locator" xlink:href="http://xbrl.fasb.org/us-gaap/2015/elts/us-gaap-2015-01-31.xsd#us-gaap_PropertyPlantAndEquipmentNet" xlink:label="us-gaap_PropertyPlantAndEquipmentNet_636068416665483459" />
    <calculationArc xlink:type="arc" xlink:arcrole="http://www.xbrl.org/2003/arcrole/summation-item" xlink:from="us-gaap_AssetsNoncurrent_636068416665483459" xlink:to="us-gaap_PropertyPlantAndEquipmentNet_636068416665483459" order="1" use="optional" weight="1" priority="1" />
    <loc xlink:type="locator" xlink:href="http://xbrl.fasb.org/us-gaap/2015/elts/us-gaap-2015-01-31.xsd#us-gaap_FiniteLivedIntangibleAssetsNet" xlink:label="us-gaap_FiniteLivedIntangibleAssetsNet_636068416665483459" />
    <calculationArc xlink:type="arc" xlink:arcrole="http://www.xbrl.org/2003/arcrole/summation-item" xlink:from="us-gaap_AssetsNoncurrent_636068416665483459" xlink:to="us-gaap_FiniteLivedIntangibleAssetsNet_636068416665483459" order="2" use="optional" weight="1" priority="2" />
    <loc xlink:type="locator" xlink:href="http://xbrl.fasb.org/us-gaap/2015/elts/us-gaap-2015-01-31.xsd#us-gaap_DeferredTaxAssetsLiabilitiesNetNoncurrent" xlink:label="us-gaap_DeferredTaxAssetsLiabilitiesNetNoncurrent_636068416665483459" />
    <calculationArc xlink:type="arc" xlink:arcrole="http://www.xbrl.org/2003/arcrole/summation-item" xlink:from="us-gaap_AssetsNoncurrent_636068416665483459" xlink:to="us-gaap_DeferredTaxAssetsLiabilitiesNetNoncurrent_636068416665483459" order="3" use="optional" weight="1" priority="3" />
    <loc xlink:type="locator" xlink:href="http://xbrl.fasb.org/us-gaap/2015/elts/us-gaap-2015-01-31.xsd#us-gaap_OtherAssetsNoncurrent" xlink:label="us-gaap_OtherAssetsNoncurrent_636068416665483459" />
    <calculationArc xlink:type="arc" xlink:arcrole="http://www.xbrl.org/2003/arcrole/summation-item" xlink:from="us-gaap_AssetsNoncurrent_636068416665483459" xlink:to="us-gaap_OtherAssetsNoncurrent_636068416665483459" order="4" use="optional" weight="1" priority="4" />
    <loc xlink:type="locator" xlink:href="http://xbrl.fasb.org/us-gaap/2015/elts/us-gaap-2015-01-31.xsd#us-gaap_Goodwill" xlink:label="us-gaap_Goodwill_636068416665483459" />
    <calculationArc xlink:type="arc" xlink:arcrole="http://www.xbrl.org/2003/arcrole/summation-item" xlink:from="us-gaap_AssetsNoncurrent_636068416665483459" xlink:to="us-gaap_Goodwill_636068416665483459" order="5" use="optional" weight="1" priority="1" />
    <loc xlink:type="locator" xlink:href="http://xbrl.fasb.org/us-gaap/2015/elts/us-gaap-2015-01-31.xsd#us-gaap_LiabilitiesAndStockholdersEquity" xlink:label="loc_us-gaapLiabilitiesAndStockholdersEquity" />
    <loc xlink:type="locator" xlink:href="http://xbrl.fasb.org/us-gaap/2015/elts/us-gaap-2015-01-31.xsd#us-gaap_StockholdersEquityIncludingPortionAttributableToNoncontrollingInterest" xlink:label="us-gaap_StockholdersEquityIncludingPortionAttributableToNoncontrollingInterest_636068416665483459" />
    <calculationArc xlink:type="arc" xlink:arcrole="http://www.xbrl.org/2003/arcrole/summation-item" xlink:from="loc_us-gaapLiabilitiesAndStockholdersEquity" xlink:to="us-gaap_StockholdersEquityIncludingPortionAttributableToNoncontrollingInterest_636068416665483459" order="1" use="optional" weight="1" priority="2" />
    <loc xlink:type="locator" xlink:href="http://xbrl.fasb.org/us-gaap/2015/elts/us-gaap-2015-01-31.xsd#us-gaap_StockholdersEquity" xlink:label="us-gaap_StockholdersEquity_636068416665483459" />
    <calculationArc xlink:type="arc" xlink:arcrole="http://www.xbrl.org/2003/arcrole/summation-item" xlink:from="us-gaap_StockholdersEquityIncludingPortionAttributableToNoncontrollingInterest_636068416665483459" xlink:to="us-gaap_StockholdersEquity_636068416665483459" order="1" use="optional" weight="1" priority="3" />
    <loc xlink:type="locator" xlink:href="http://xbrl.fasb.org/us-gaap/2015/elts/us-gaap-2015-01-31.xsd#us-gaap_RetainedEarningsAccumulatedDeficit" xlink:label="us-gaap_RetainedEarningsAccumulatedDeficit_636068416665483459" />
    <calculationArc xlink:type="arc" xlink:arcrole="http://www.xbrl.org/2003/arcrole/summation-item" xlink:from="us-gaap_StockholdersEquity_636068416665483459" xlink:to="us-gaap_RetainedEarningsAccumulatedDeficit_636068416665483459" order="1" use="optional" weight="1" />
    <loc xlink:type="locator" xlink:href="http://xbrl.fasb.org/us-gaap/2015/elts/us-gaap-2015-01-31.xsd#us-gaap_AccumulatedOtherComprehensiveIncomeLossNetOfTax" xlink:label="us-gaap_AccumulatedOtherComprehensiveIncomeLossNetOfTax_636068416665483459" />
    <calculationArc xlink:type="arc" xlink:arcrole="http://www.xbrl.org/2003/arcrole/summation-item" xlink:from="us-gaap_StockholdersEquity_636068416665483459" xlink:to="us-gaap_AccumulatedOtherComprehensiveIncomeLossNetOfTax_636068416665483459" order="2" use="optional" weight="1" priority="2" />
    <loc xlink:type="locator" xlink:href="http://xbrl.fasb.org/us-gaap/2015/elts/us-gaap-2015-01-31.xsd#us-gaap_AdditionalPaidInCapital" xlink:label="us-gaap_AdditionalPaidInCapital_636068416665483459" />
    <calculationArc xlink:type="arc" xlink:arcrole="http://www.xbrl.org/2003/arcrole/summation-item" xlink:from="us-gaap_StockholdersEquity_636068416665483459" xlink:to="us-gaap_AdditionalPaidInCapital_636068416665483459" order="3" use="optional" weight="1" />
    <loc xlink:type="locator" xlink:href="http://xbrl.fasb.org/us-gaap/2015/elts/us-gaap-2015-01-31.xsd#us-gaap_CommonStockValue" xlink:label="us-gaap_CommonStockValue_636068416665483459" />
    <calculationArc xlink:type="arc" xlink:arcrole="http://www.xbrl.org/2003/arcrole/summation-item" xlink:from="us-gaap_StockholdersEquity_636068416665483459" xlink:to="us-gaap_CommonStockValue_636068416665483459" order="4" use="optional" weight="1" />
    <loc xlink:type="locator" xlink:href="http://xbrl.fasb.org/us-gaap/2015/elts/us-gaap-2015-01-31.xsd#us-gaap_PreferredStockValue" xlink:label="us-gaap_PreferredStockValue_636068416665483459" />
    <calculationArc xlink:type="arc" xlink:arcrole="http://www.xbrl.org/2003/arcrole/summation-item" xlink:from="us-gaap_StockholdersEquity_636068416665483459" xlink:to="us-gaap_PreferredStockValue_636068416665483459" order="5" use="optional" weight="1" />
    <loc xlink:type="locator" xlink:href="http://xbrl.fasb.org/us-gaap/2015/elts/us-gaap-2015-01-31.xsd#us-gaap_MinorityInterest" xlink:label="us-gaap_MinorityInterest_636068416665483459" />
    <calculationArc xlink:type="arc" xlink:arcrole="http://www.xbrl.org/2003/arcrole/summation-item" xlink:from="us-gaap_StockholdersEquityIncludingPortionAttributableToNoncontrollingInterest_636068416665483459" xlink:to="us-gaap_MinorityInterest_636068416665483459" order="2" use="optional" weight="1" priority="2" />
    <loc xlink:type="locator" xlink:href="http://xbrl.fasb.org/us-gaap/2015/elts/us-gaap-2015-01-31.xsd#us-gaap_Liabilities" xlink:label="us-gaap_Liabilities_636068416665483459" />
    <calculationArc xlink:type="arc" xlink:arcrole="http://www.xbrl.org/2003/arcrole/summation-item" xlink:from="loc_us-gaapLiabilitiesAndStockholdersEquity" xlink:to="us-gaap_Liabilities_636068416665483459" order="2" use="optional" weight="1" />
    <loc xlink:type="locator" xlink:href="http://xbrl.fasb.org/us-gaap/2015/elts/us-gaap-2015-01-31.xsd#us-gaap_LiabilitiesCurrent" xlink:label="us-gaap_LiabilitiesCurrent_636068416665483459" />
    <calculationArc xlink:type="arc" xlink:arcrole="http://www.xbrl.org/2003/arcrole/summation-item" xlink:from="us-gaap_Liabilities_636068416665483459" xlink:to="us-gaap_LiabilitiesCurrent_636068416665483459" order="1" use="optional" weight="1" />
    <loc xlink:type="locator" xlink:href="http://xbrl.fasb.org/us-gaap/2015/elts/us-gaap-2015-01-31.xsd#us-gaap_AccountsPayableAndAccruedLiabilitiesCurrent" xlink:label="us-gaap_AccountsPayableAndAccruedLiabilitiesCurrent_636068416665483459" />
    <calculationArc xlink:type="arc" xlink:arcrole="http://www.xbrl.org/2003/arcrole/summation-item" xlink:from="us-gaap_LiabilitiesCurrent_636068416665483459" xlink:to="us-gaap_AccountsPayableAndAccruedLiabilitiesCurrent_636068416665483459" order="1" use="optional" weight="1" />
    <loc xlink:type="locator" xlink:href="http://xbrl.fasb.org/us-gaap/2015/elts/us-gaap-2015-01-31.xsd#us-gaap_BusinessCombinationContingentConsiderationLiabilityCurrent" xlink:label="us-gaap_BusinessCombinationContingentConsiderationLiabilityCurrent_636068416665483459" />
    <calculationArc xlink:type="arc" xlink:arcrole="http://www.xbrl.org/2003/arcrole/summation-item" xlink:from="us-gaap_LiabilitiesCurrent_636068416665483459" xlink:to="us-gaap_BusinessCombinationContingentConsiderationLiabilityCurrent_636068416665483459" order="2" use="optional" weight="1" priority="2" />
    <loc xlink:type="locator" xlink:href="http://xbrl.fasb.org/us-gaap/2015/elts/us-gaap-2015-01-31.xsd#us-gaap_NotesPayableCurrent" xlink:label="us-gaap_NotesPayableCurrent_636068416665483459" />
    <calculationArc xlink:type="arc" xlink:arcrole="http://www.xbrl.org/2003/arcrole/summation-item" xlink:from="us-gaap_LiabilitiesCurrent_636068416665483459" xlink:to="us-gaap_NotesPayableCurrent_636068416665483459" order="3" use="optional" weight="1" priority="2" />
    <loc xlink:type="locator" xlink:href="http://xbrl.fasb.org/us-gaap/2015/elts/us-gaap-2015-01-31.xsd#us-gaap_LiabilitiesNoncurrent" xlink:label="us-gaap_LiabilitiesNoncurrent_636068416665483459" />
    <calculationArc xlink:type="arc" xlink:arcrole="http://www.xbrl.org/2003/arcrole/summation-item" xlink:from="us-gaap_Liabilities_636068416665483459" xlink:to="us-gaap_LiabilitiesNoncurrent_636068416665483459" order="2" use="optional" weight="1" />
    <loc xlink:type="locator" xlink:href="http://xbrl.fasb.org/us-gaap/2015/elts/us-gaap-2015-01-31.xsd#us-gaap_BusinessCombinationContingentConsiderationLiabilityNoncurrent" xlink:label="us-gaap_BusinessCombinationContingentConsiderationLiabilityNoncurrent_636068416665483459" />
    <calculationArc xlink:type="arc" xlink:arcrole="http://www.xbrl.org/2003/arcrole/summation-item" xlink:from="us-gaap_LiabilitiesNoncurrent_636068416665483459" xlink:to="us-gaap_BusinessCombinationContingentConsiderationLiabilityNoncurrent_636068416665483459" order="1" use="optional" weight="1" priority="3" />
    <loc xlink:type="locator" xlink:href="http://xbrl.fasb.org/us-gaap/2015/elts/us-gaap-2015-01-31.xsd#us-gaap_DeferredTaxLiabilitiesNoncurrent" xlink:label="us-gaap_DeferredTaxLiabilitiesNoncurrent_636068416665483459" />
    <calculationArc xlink:type="arc" xlink:arcrole="http://www.xbrl.org/2003/arcrole/summation-item" xlink:from="us-gaap_LiabilitiesNoncurrent_636068416665483459" xlink:to="us-gaap_DeferredTaxLiabilitiesNoncurrent_636068416665483459" order="2" use="optional" weight="1" priority="2" />
    <loc xlink:type="locator" xlink:href="http://xbrl.fasb.org/us-gaap/2015/elts/us-gaap-2015-01-31.xsd#us-gaap_OtherLongTermDebtNoncurrent" xlink:label="us-gaap_OtherLongTermDebtNoncurrent_636068416665483459" />
    <calculationArc xlink:type="arc" xlink:arcrole="http://www.xbrl.org/2003/arcrole/summation-item" xlink:from="us-gaap_LiabilitiesNoncurrent_636068416665483459" xlink:to="us-gaap_OtherLongTermDebtNoncurrent_636068416665483459" order="3" use="optional" weight="1" priority="2" />
    <loc xlink:type="locator" xlink:href="http://xbrl.fasb.org/us-gaap/2015/elts/us-gaap-2015-01-31.xsd#us-gaap_LongTermNotesPayable" xlink:label="us-gaap_LongTermNotesPayable_636068416665483459" />
    <calculationArc xlink:type="arc" xlink:arcrole="http://www.xbrl.org/2003/arcrole/summation-item" xlink:from="us-gaap_LiabilitiesNoncurrent_636068416665483459" xlink:to="us-gaap_LongTermNotesPayable_636068416665483459" order="4" use="optional" weight="1" priority="2" />
    <loc xlink:type="locator" xlink:href="http://xbrl.fasb.org/us-gaap/2015/elts/us-gaap-2015-01-31.xsd#us-gaap_DeferredRevenueNoncurrent" xlink:label="us-gaap_DeferredRevenueNoncurrent_636068416665483459" />
    <calculationArc xlink:type="arc" xlink:arcrole="http://www.xbrl.org/2003/arcrole/summation-item" xlink:from="us-gaap_LiabilitiesNoncurrent_636068416665483459" xlink:to="us-gaap_DeferredRevenueNoncurrent_636068416665483459" order="5" use="optional" weight="1" priority="2" />
  </calculationLink>
  <calculationLink xlink:role="http://marathonpg.com/role/StatementConsolidatedStatementsOfOperationsAndComprehensiveIncome" xlink:type="extended" xlink:title="00200 - Statement - CONSOLIDATED STATEMENTS OF OPERATIONS AND COMPREHENSIVE INCOME" xmlns="http://www.xbrl.org/2003/linkbase">
    <loc xlink:type="locator" xlink:href="http://xbrl.fasb.org/us-gaap/2015/elts/us-gaap-2015-01-31.xsd#us-gaap_NetIncomeLoss" xlink:label="us-gaap_NetIncomeLoss" />
    <loc xlink:type="locator" xlink:href="http://xbrl.fasb.org/us-gaap/2015/elts/us-gaap-2015-01-31.xsd#us-gaap_ProfitLoss" xlink:label="us-gaap_ProfitLoss_636068416665483459" />
    <calculationArc xlink:type="arc" xlink:arcrole="http://www.xbrl.org/2003/arcrole/summation-item" xlink:from="us-gaap_NetIncomeLoss" xlink:to="us-gaap_ProfitLoss_636068416665483459" order="1" use="optional" weight="1" priority="2" />
    <loc xlink:type="locator" xlink:href="http://xbrl.fasb.org/us-gaap/2015/elts/us-gaap-2015-01-31.xsd#us-gaap_IncomeTaxExpenseBenefit" xlink:label="us-gaap_IncomeTaxExpenseBenefit_636068416665483459" />
    <calculationArc xlink:type="arc" xlink:arcrole="http://www.xbrl.org/2003/arcrole/summation-item" xlink:from="us-gaap_ProfitLoss_636068416665483459" xlink:to="us-gaap_IncomeTaxExpenseBenefit_636068416665483459" order="1" use="optional" weight="-1" priority="2" />
    <loc xlink:type="locator" xlink:href="http://xbrl.fasb.org/us-gaap/2015/elts/us-gaap-2015-01-31.xsd#us-gaap_IncomeLossFromContinuingOperationsBeforeIncomeTaxesMinorityInterestAndIncomeLossFromEquityMethodInvestments" xlink:label="us-gaap_IncomeLossFromContinuingOperationsBeforeIncomeTaxesMinorityInterestAndIncomeLossFromEquityMethodInvestments_636068416665483459" />
    <calculationArc xlink:type="arc" xlink:arcrole="http://www.xbrl.org/2003/arcrole/summation-item" xlink:from="us-gaap_ProfitLoss_636068416665483459" xlink:to="us-gaap_IncomeLossFromContinuingOperationsBeforeIncomeTaxesMinorityInterestAndIncomeLossFromEquityMethodInvestments_636068416665483459" order="2" use="optional" weight="1" priority="2" />
    <loc xlink:type="locator" xlink:href="http://xbrl.fasb.org/us-gaap/2015/elts/us-gaap-2015-01-31.xsd#us-gaap_OperatingIncomeLoss" xlink:label="us-gaap_OperatingIncomeLoss_636068416665483459" />
    <calculationArc xlink:type="arc" xlink:arcrole="http://www.xbrl.org/2003/arcrole/summation-item" xlink:from="us-gaap_IncomeLossFromContinuingOperationsBeforeIncomeTaxesMinorityInterestAndIncomeLossFromEquityMethodInvestments_636068416665483459" xlink:to="us-gaap_OperatingIncomeLoss_636068416665483459" order="1" use="optional" weight="1" priority="2" />
    <loc xlink:type="locator" xlink:href="http://xbrl.fasb.org/us-gaap/2015/elts/us-gaap-2015-01-31.xsd#us-gaap_CostsAndExpenses" xlink:label="us-gaap_CostsAndExpenses_636068416665483459" />
    <calculationArc xlink:type="arc" xlink:arcrole="http://www.xbrl.org/2003/arcrole/summation-item" xlink:from="us-gaap_OperatingIncomeLoss_636068416665483459" xlink:to="us-gaap_CostsAndExpenses_636068416665483459" order="1" use="optional" weight="-1" priority="2" />
    <loc xlink:type="locator" xlink:href="http://xbrl.fasb.org/us-gaap/2015/elts/us-gaap-2015-01-31.xsd#us-gaap_ProfessionalAndContractServicesExpense" xlink:label="us-gaap_ProfessionalAndContractServicesExpense_636068416665483459" />
    <calculationArc xlink:type="arc" xlink:arcrole="http://www.xbrl.org/2003/arcrole/summation-item" xlink:from="us-gaap_CostsAndExpenses_636068416665483459" xlink:to="us-gaap_ProfessionalAndContractServicesExpense_636068416665483459" order="1" use="optional" weight="1" priority="2" />
    <loc xlink:type="locator" xlink:href="http://xbrl.fasb.org/us-gaap/2015/elts/us-gaap-2015-01-31.xsd#us-gaap_DepreciationAndAmortization" xlink:label="us-gaap_DepreciationAndAmortization_636068416665483459" />
    <calculationArc xlink:type="arc" xlink:arcrole="http://www.xbrl.org/2003/arcrole/summation-item" xlink:from="us-gaap_CostsAndExpenses_636068416665483459" xlink:to="us-gaap_DepreciationAndAmortization_636068416665483459" order="2" use="optional" weight="1" priority="2" />
    <loc xlink:type="locator" xlink:href="http://xbrl.fasb.org/us-gaap/2015/elts/us-gaap-2015-01-31.xsd#us-gaap_LaborAndRelatedExpense" xlink:label="us-gaap_LaborAndRelatedExpense_636068416665483459" />
    <calculationArc xlink:type="arc" xlink:arcrole="http://www.xbrl.org/2003/arcrole/summation-item" xlink:from="us-gaap_CostsAndExpenses_636068416665483459" xlink:to="us-gaap_LaborAndRelatedExpense_636068416665483459" order="3" use="optional" weight="1" priority="2" />
    <loc xlink:type="locator" xlink:href="http://xbrl.fasb.org/us-gaap/2015/elts/us-gaap-2015-01-31.xsd#us-gaap_ProfessionalFees" xlink:label="us-gaap_ProfessionalFees_636068416665483459" />
    <calculationArc xlink:type="arc" xlink:arcrole="http://www.xbrl.org/2003/arcrole/summation-item" xlink:from="us-gaap_CostsAndExpenses_636068416665483459" xlink:to="us-gaap_ProfessionalFees_636068416665483459" order="4" use="optional" weight="1" priority="2" />
    <loc xlink:type="locator" xlink:href="http://xbrl.fasb.org/us-gaap/2015/elts/us-gaap-2015-01-31.xsd#us-gaap_GeneralAndAdministrativeExpense" xlink:label="us-gaap_GeneralAndAdministrativeExpense_636068416665483459" />
    <calculationArc xlink:type="arc" xlink:arcrole="http://www.xbrl.org/2003/arcrole/summation-item" xlink:from="us-gaap_CostsAndExpenses_636068416665483459" xlink:to="us-gaap_GeneralAndAdministrativeExpense_636068416665483459" order="5" use="optional" weight="1" priority="2" />
    <loc xlink:type="locator" xlink:href="http://xbrl.fasb.org/us-gaap/2015/elts/us-gaap-2015-01-31.xsd#us-gaap_GoodwillImpairmentLoss" xlink:label="us-gaap_GoodwillImpairmentLoss_636068416665483459" />
    <calculationArc xlink:type="arc" xlink:arcrole="http://www.xbrl.org/2003/arcrole/summation-item" xlink:from="us-gaap_CostsAndExpenses_636068416665483459" xlink:to="us-gaap_GoodwillImpairmentLoss_636068416665483459" order="6" use="optional" weight="1" priority="2" />
    <loc xlink:type="locator" xlink:href="http://xbrl.fasb.org/us-gaap/2015/elts/us-gaap-2015-01-31.xsd#us-gaap_AssetImpairmentCharges" xlink:label="us-gaap_AssetImpairmentCharges_636068416665483459" />
    <calculationArc xlink:type="arc" xlink:arcrole="http://www.xbrl.org/2003/arcrole/summation-item" xlink:from="us-gaap_CostsAndExpenses_636068416665483459" xlink:to="us-gaap_AssetImpairmentCharges_636068416665483459" order="7" use="optional" weight="1" priority="2" />
    <loc xlink:type="locator" xlink:href="http://xbrl.fasb.org/us-gaap/2015/elts/us-gaap-2015-01-31.xsd#us-gaap_CostOfRevenue" xlink:label="us-gaap_CostOfRevenue_636068416665483459" />
    <calculationArc xlink:type="arc" xlink:arcrole="http://www.xbrl.org/2003/arcrole/summation-item" xlink:from="us-gaap_CostsAndExpenses_636068416665483459" xlink:to="us-gaap_CostOfRevenue_636068416665483459" order="8" use="optional" weight="1" priority="2" />
    <loc xlink:type="locator" xlink:href="http://xbrl.fasb.org/us-gaap/2015/elts/us-gaap-2015-01-31.xsd#us-gaap_Revenues" xlink:label="us-gaap_Revenues_636068416665483459" />
    <calculationArc xlink:type="arc" xlink:arcrole="http://www.xbrl.org/2003/arcrole/summation-item" xlink:from="us-gaap_OperatingIncomeLoss_636068416665483459" xlink:to="us-gaap_Revenues_636068416665483459" order="2" use="optional" weight="1" priority="2" />
    <loc xlink:type="locator" xlink:href="http://xbrl.fasb.org/us-gaap/2015/elts/us-gaap-2015-01-31.xsd#us-gaap_NonoperatingIncomeExpense" xlink:label="us-gaap_NonoperatingIncomeExpense_636068416665483459" />
    <calculationArc xlink:type="arc" xlink:arcrole="http://www.xbrl.org/2003/arcrole/summation-item" xlink:from="us-gaap_IncomeLossFromContinuingOperationsBeforeIncomeTaxesMinorityInterestAndIncomeLossFromEquityMethodInvestments_636068416665483459" xlink:to="us-gaap_NonoperatingIncomeExpense_636068416665483459" order="2" use="optional" weight="1" priority="2" />
    <loc xlink:type="locator" xlink:href="mara-20160630.xsd#mara_GainOnFairValueAdjustmentOfCloudingEarnout" xlink:label="mara_GainOnFairValueAdjustmentOfCloudingEarnout_636068416665483459" />
    <calculationArc xlink:type="arc" xlink:arcrole="http://www.xbrl.org/2003/arcrole/summation-item" xlink:from="us-gaap_NonoperatingIncomeExpense_636068416665483459" xlink:to="mara_GainOnFairValueAdjustmentOfCloudingEarnout_636068416665483459" order="1" use="optional" weight="1" priority="2" />
    <loc xlink:type="locator" xlink:href="http://xbrl.fasb.org/us-gaap/2015/elts/us-gaap-2015-01-31.xsd#us-gaap_InvestmentIncomeInterest" xlink:label="us-gaap_InvestmentIncomeInterest_636068416665483459" />
    <calculationArc xlink:type="arc" xlink:arcrole="http://www.xbrl.org/2003/arcrole/summation-item" xlink:from="us-gaap_NonoperatingIncomeExpense_636068416665483459" xlink:to="us-gaap_InvestmentIncomeInterest_636068416665483459" order="2" use="optional" weight="1" priority="2" />
    <loc xlink:type="locator" xlink:href="http://xbrl.fasb.org/us-gaap/2015/elts/us-gaap-2015-01-31.xsd#us-gaap_EffectOfExchangeRateOnCash" xlink:label="us-gaap_EffectOfExchangeRateOnCash_636068416665483459" />
    <calculationArc xlink:type="arc" xlink:arcrole="http://www.xbrl.org/2003/arcrole/summation-item" xlink:from="us-gaap_NonoperatingIncomeExpense_636068416665483459" xlink:to="us-gaap_EffectOfExchangeRateOnCash_636068416665483459" order="3" use="optional" weight="-1" priority="2" />
    <loc xlink:type="locator" xlink:href="http://xbrl.fasb.org/us-gaap/2015/elts/us-gaap-2015-01-31.xsd#us-gaap_OtherNonoperatingIncomeExpense" xlink:label="us-gaap_OtherNonoperatingIncomeExpense_636068416665483459" />
    <calculationArc xlink:type="arc" xlink:arcrole="http://www.xbrl.org/2003/arcrole/summation-item" xlink:from="us-gaap_NonoperatingIncomeExpense_636068416665483459" xlink:to="us-gaap_OtherNonoperatingIncomeExpense_636068416665483459" order="4" use="optional" weight="1" priority="2" />
    <loc xlink:type="locator" xlink:href="http://xbrl.fasb.org/us-gaap/2015/elts/us-gaap-2015-01-31.xsd#us-gaap_InterestExpense" xlink:label="us-gaap_InterestExpense_636068416665483459" />
    <calculationArc xlink:type="arc" xlink:arcrole="http://www.xbrl.org/2003/arcrole/summation-item" xlink:from="us-gaap_NonoperatingIncomeExpense_636068416665483459" xlink:to="us-gaap_InterestExpense_636068416665483459" order="5" use="optional" weight="-1" priority="2" />
    <loc xlink:type="locator" xlink:href="http://xbrl.fasb.org/us-gaap/2015/elts/us-gaap-2015-01-31.xsd#us-gaap_NetIncomeLossAttributableToNoncontrollingInterest" xlink:label="us-gaap_NetIncomeLossAttributableToNoncontrollingInterest_636068416665483459" />
    <calculationArc xlink:type="arc" xlink:arcrole="http://www.xbrl.org/2003/arcrole/summation-item" xlink:from="us-gaap_NetIncomeLoss" xlink:to="us-gaap_NetIncomeLossAttributableToNoncontrollingInterest_636068416665483459" order="2" use="optional" weight="-1" priority="2" />
  </calculationLink>
  <calculationLink xlink:role="http://marathonpg.com/role/StatementConsolidatedStatementsOfCashFlows" xlink:type="extended" xlink:title="00300 - Statement - CONSOLIDATED STATEMENTS OF CASH FLOWS" xmlns="http://www.xbrl.org/2003/linkbase">
    <loc xlink:type="locator" xlink:href="http://xbrl.fasb.org/us-gaap/2015/elts/us-gaap-2015-01-31.xsd#us-gaap_NetCashProvidedByUsedInFinancingActivitiesContinuingOperations" xlink:label="us-gaap_NetCashProvidedByUsedInFinancingActivitiesContinuingOperations" />
    <loc xlink:type="locator" xlink:href="mara-20160630.xsd#mara_ConversionOfApToNotePayable" xlink:label="mara_ConversionOfApToNotePayable_636068416665483459" />
    <calculationArc xlink:type="arc" xlink:arcrole="http://www.xbrl.org/2003/arcrole/summation-item" xlink:from="us-gaap_NetCashProvidedByUsedInFinancingActivitiesContinuingOperations" xlink:to="mara_ConversionOfApToNotePayable_636068416665483459" order="1" use="optional" weight="1" priority="2" />
    <loc xlink:type="locator" xlink:href="http://xbrl.fasb.org/us-gaap/2015/elts/us-gaap-2015-01-31.xsd#us-gaap_ProceedsFromWarrantExercises" xlink:label="us-gaap_ProceedsFromWarrantExercises_636068416665483459" />
    <calculationArc xlink:type="arc" xlink:arcrole="http://www.xbrl.org/2003/arcrole/summation-item" xlink:from="us-gaap_NetCashProvidedByUsedInFinancingActivitiesContinuingOperations" xlink:to="us-gaap_ProceedsFromWarrantExercises_636068416665483459" order="2" use="optional" weight="1" priority="1" />
    <loc xlink:type="locator" xlink:href="http://xbrl.fasb.org/us-gaap/2015/elts/us-gaap-2015-01-31.xsd#us-gaap_RepaymentsOfNotesPayable" xlink:label="us-gaap_RepaymentsOfNotesPayable_636068416665483459" />
    <calculationArc xlink:type="arc" xlink:arcrole="http://www.xbrl.org/2003/arcrole/summation-item" xlink:from="us-gaap_NetCashProvidedByUsedInFinancingActivitiesContinuingOperations" xlink:to="us-gaap_RepaymentsOfNotesPayable_636068416665483459" order="3" use="optional" weight="-1" priority="1" />
    <loc xlink:type="locator" xlink:href="http://xbrl.fasb.org/us-gaap/2015/elts/us-gaap-2015-01-31.xsd#us-gaap_ProceedsFromConvertibleDebt" xlink:label="us-gaap_ProceedsFromConvertibleDebt_636068416665483459" />
    <calculationArc xlink:type="arc" xlink:arcrole="http://www.xbrl.org/2003/arcrole/summation-item" xlink:from="us-gaap_NetCashProvidedByUsedInFinancingActivitiesContinuingOperations" xlink:to="us-gaap_ProceedsFromConvertibleDebt_636068416665483459" order="4" use="optional" weight="1" priority="1" />
    <loc xlink:type="locator" xlink:href="http://xbrl.fasb.org/us-gaap/2015/elts/us-gaap-2015-01-31.xsd#us-gaap_RepaymentsOfConvertibleDebt" xlink:label="us-gaap_RepaymentsOfConvertibleDebt_636068416665483459" />
    <calculationArc xlink:type="arc" xlink:arcrole="http://www.xbrl.org/2003/arcrole/summation-item" xlink:from="us-gaap_NetCashProvidedByUsedInFinancingActivitiesContinuingOperations" xlink:to="us-gaap_RepaymentsOfConvertibleDebt_636068416665483459" order="5" use="optional" weight="-1" priority="1" />
    <loc xlink:type="locator" xlink:href="mara-20160630.xsd#mara_PaymentOnDueToMdrEscrowTli" xlink:label="mara_PaymentOnDueToMdrEscrowTli_636068416665483459" />
    <calculationArc xlink:type="arc" xlink:arcrole="http://www.xbrl.org/2003/arcrole/summation-item" xlink:from="us-gaap_NetCashProvidedByUsedInFinancingActivitiesContinuingOperations" xlink:to="mara_PaymentOnDueToMdrEscrowTli_636068416665483459" order="6" use="optional" weight="-1" priority="1" />
    <loc xlink:type="locator" xlink:href="http://xbrl.fasb.org/us-gaap/2015/elts/us-gaap-2015-01-31.xsd#us-gaap_NetCashProvidedByUsedInInvestingActivitiesContinuingOperations" xlink:label="us-gaap_NetCashProvidedByUsedInInvestingActivitiesContinuingOperations" />
    <loc xlink:type="locator" xlink:href="http://xbrl.fasb.org/us-gaap/2015/elts/us-gaap-2015-01-31.xsd#us-gaap_PaymentsToAcquirePropertyPlantAndEquipment" xlink:label="us-gaap_PaymentsToAcquirePropertyPlantAndEquipment_636068416665483459" />
    <calculationArc xlink:type="arc" xlink:arcrole="http://www.xbrl.org/2003/arcrole/summation-item" xlink:from="us-gaap_NetCashProvidedByUsedInInvestingActivitiesContinuingOperations" xlink:to="us-gaap_PaymentsToAcquirePropertyPlantAndEquipment_636068416665483459" order="1" use="optional" weight="-1" priority="1" />
    <loc xlink:type="locator" xlink:href="http://xbrl.fasb.org/us-gaap/2015/elts/us-gaap-2015-01-31.xsd#us-gaap_PaymentsToAcquireIntangibleAssets" xlink:label="us-gaap_PaymentsToAcquireIntangibleAssets_636068416665483459" />
    <calculationArc xlink:type="arc" xlink:arcrole="http://www.xbrl.org/2003/arcrole/summation-item" xlink:from="us-gaap_NetCashProvidedByUsedInInvestingActivitiesContinuingOperations" xlink:to="us-gaap_PaymentsToAcquireIntangibleAssets_636068416665483459" order="2" use="optional" weight="-1" priority="1" />
    <loc xlink:type="locator" xlink:href="http://xbrl.fasb.org/us-gaap/2015/elts/us-gaap-2015-01-31.xsd#us-gaap_NetCashProvidedByUsedInOperatingActivitiesContinuingOperations" xlink:label="us-gaap_NetCashProvidedByUsedInOperatingActivitiesContinuingOperations" />
    <loc xlink:type="locator" xlink:href="http://xbrl.fasb.org/us-gaap/2015/elts/us-gaap-2015-01-31.xsd#us-gaap_ProfitLoss" xlink:label="us-gaap_ProfitLoss_636068416665483459" />
    <calculationArc xlink:type="arc" xlink:arcrole="http://www.xbrl.org/2003/arcrole/summation-item" xlink:from="us-gaap_NetCashProvidedByUsedInOperatingActivitiesContinuingOperations" xlink:to="us-gaap_ProfitLoss_636068416665483459" order="1" use="optional" weight="1" priority="2" />
    <loc xlink:type="locator" xlink:href="http://xbrl.fasb.org/us-gaap/2015/elts/us-gaap-2015-01-31.xsd#us-gaap_ShareBasedCompensation" xlink:label="us-gaap_ShareBasedCompensation_636068416665483459" />
    <calculationArc xlink:type="arc" xlink:arcrole="http://www.xbrl.org/2003/arcrole/summation-item" xlink:from="us-gaap_NetCashProvidedByUsedInOperatingActivitiesContinuingOperations" xlink:to="us-gaap_ShareBasedCompensation_636068416665483459" order="2" use="optional" weight="1" priority="1" />
    <loc xlink:type="locator" xlink:href="http://xbrl.fasb.org/us-gaap/2015/elts/us-gaap-2015-01-31.xsd#us-gaap_Depreciation" xlink:label="us-gaap_Depreciation_636068416665483459" />
    <calculationArc xlink:type="arc" xlink:arcrole="http://www.xbrl.org/2003/arcrole/summation-item" xlink:from="us-gaap_NetCashProvidedByUsedInOperatingActivitiesContinuingOperations" xlink:to="us-gaap_Depreciation_636068416665483459" order="3" use="optional" weight="1" priority="1" />
    <loc xlink:type="locator" xlink:href="http://xbrl.fasb.org/us-gaap/2015/elts/us-gaap-2015-01-31.xsd#us-gaap_AmortizationOfIntangibleAssets" xlink:label="us-gaap_AmortizationOfIntangibleAssets_636068416665483459" />
    <calculationArc xlink:type="arc" xlink:arcrole="http://www.xbrl.org/2003/arcrole/summation-item" xlink:from="us-gaap_NetCashProvidedByUsedInOperatingActivitiesContinuingOperations" xlink:to="us-gaap_AmortizationOfIntangibleAssets_636068416665483459" order="4" use="optional" weight="1" priority="1" />
    <loc xlink:type="locator" xlink:href="http://xbrl.fasb.org/us-gaap/2015/elts/us-gaap-2015-01-31.xsd#us-gaap_ImpairmentOfIntangibleAssetsFinitelived" xlink:label="us-gaap_ImpairmentOfIntangibleAssetsFinitelived_636068416665483459" />
    <calculationArc xlink:type="arc" xlink:arcrole="http://www.xbrl.org/2003/arcrole/summation-item" xlink:from="us-gaap_NetCashProvidedByUsedInOperatingActivitiesContinuingOperations" xlink:to="us-gaap_ImpairmentOfIntangibleAssetsFinitelived_636068416665483459" order="5" use="optional" weight="1" priority="2" />
    <loc xlink:type="locator" xlink:href="http://xbrl.fasb.org/us-gaap/2015/elts/us-gaap-2015-01-31.xsd#us-gaap_GoodwillImpairmentLoss" xlink:label="us-gaap_GoodwillImpairmentLoss_636068416665483459" />
    <calculationArc xlink:type="arc" xlink:arcrole="http://www.xbrl.org/2003/arcrole/summation-item" xlink:from="us-gaap_NetCashProvidedByUsedInOperatingActivitiesContinuingOperations" xlink:to="us-gaap_GoodwillImpairmentLoss_636068416665483459" order="6" use="optional" weight="1" priority="2" />
    <loc xlink:type="locator" xlink:href="http://xbrl.fasb.org/us-gaap/2015/elts/us-gaap-2015-01-31.xsd#us-gaap_NoncashCommissionAndClosingCosts" xlink:label="us-gaap_NoncashCommissionAndClosingCosts_636068416665483459" />
    <calculationArc xlink:type="arc" xlink:arcrole="http://www.xbrl.org/2003/arcrole/summation-item" xlink:from="us-gaap_NetCashProvidedByUsedInOperatingActivitiesContinuingOperations" xlink:to="us-gaap_NoncashCommissionAndClosingCosts_636068416665483459" order="7" use="optional" weight="1" priority="2" />
    <loc xlink:type="locator" xlink:href="mara-20160630.xsd#mara_IncreaseDecreaseInDeferredTaxAssets" xlink:label="mara_IncreaseDecreaseInDeferredTaxAssets_636068416665483459" />
    <calculationArc xlink:type="arc" xlink:arcrole="http://www.xbrl.org/2003/arcrole/summation-item" xlink:from="us-gaap_NetCashProvidedByUsedInOperatingActivitiesContinuingOperations" xlink:to="mara_IncreaseDecreaseInDeferredTaxAssets_636068416665483459" order="8" use="optional" weight="-1" priority="3" />
    <loc xlink:type="locator" xlink:href="mara-20160630.xsd#mara_IncreaseDecreaseInDeferredTaxLiabilities" xlink:label="mara_IncreaseDecreaseInDeferredTaxLiabilities_636068416665483459" />
    <calculationArc xlink:type="arc" xlink:arcrole="http://www.xbrl.org/2003/arcrole/summation-item" xlink:from="us-gaap_NetCashProvidedByUsedInOperatingActivitiesContinuingOperations" xlink:to="mara_IncreaseDecreaseInDeferredTaxLiabilities_636068416665483459" order="9" use="optional" weight="1" priority="2" />
    <loc xlink:type="locator" xlink:href="http://xbrl.fasb.org/us-gaap/2015/elts/us-gaap-2015-01-31.xsd#us-gaap_IncreaseDecreaseInPrepaidDeferredExpenseAndOtherAssets" xlink:label="us-gaap_IncreaseDecreaseInPrepaidDeferredExpenseAndOtherAssets_636068416665483459" />
    <calculationArc xlink:type="arc" xlink:arcrole="http://www.xbrl.org/2003/arcrole/summation-item" xlink:from="us-gaap_NetCashProvidedByUsedInOperatingActivitiesContinuingOperations" xlink:to="us-gaap_IncreaseDecreaseInPrepaidDeferredExpenseAndOtherAssets_636068416665483459" order="10" use="optional" weight="-1" priority="3" />
    <loc xlink:type="locator" xlink:href="http://xbrl.fasb.org/us-gaap/2015/elts/us-gaap-2015-01-31.xsd#us-gaap_IncreaseDecreaseInAccountsPayableAndAccruedLiabilities" xlink:label="us-gaap_IncreaseDecreaseInAccountsPayableAndAccruedLiabilities_636068416665483459" />
    <calculationArc xlink:type="arc" xlink:arcrole="http://www.xbrl.org/2003/arcrole/summation-item" xlink:from="us-gaap_NetCashProvidedByUsedInOperatingActivitiesContinuingOperations" xlink:to="us-gaap_IncreaseDecreaseInAccountsPayableAndAccruedLiabilities_636068416665483459" order="11" use="optional" weight="1" priority="1" />
    <loc xlink:type="locator" xlink:href="http://xbrl.fasb.org/us-gaap/2015/elts/us-gaap-2015-01-31.xsd#us-gaap_IncreaseDecreaseInAccountsReceivable" xlink:label="us-gaap_IncreaseDecreaseInAccountsReceivable_636068416665483459" />
    <calculationArc xlink:type="arc" xlink:arcrole="http://www.xbrl.org/2003/arcrole/summation-item" xlink:from="us-gaap_NetCashProvidedByUsedInOperatingActivitiesContinuingOperations" xlink:to="us-gaap_IncreaseDecreaseInAccountsReceivable_636068416665483459" order="12" use="optional" weight="-1" priority="2" />
    <loc xlink:type="locator" xlink:href="http://xbrl.fasb.org/us-gaap/2015/elts/us-gaap-2015-01-31.xsd#us-gaap_IncreaseDecreaseInOtherCurrentAssets" xlink:label="us-gaap_IncreaseDecreaseInOtherCurrentAssets_636068416665483459" />
    <calculationArc xlink:type="arc" xlink:arcrole="http://www.xbrl.org/2003/arcrole/summation-item" xlink:from="us-gaap_NetCashProvidedByUsedInOperatingActivitiesContinuingOperations" xlink:to="us-gaap_IncreaseDecreaseInOtherCurrentAssets_636068416665483459" order="13" use="optional" weight="-1" priority="3" />
    <loc xlink:type="locator" xlink:href="http://xbrl.fasb.org/us-gaap/2015/elts/us-gaap-2015-01-31.xsd#us-gaap_OtherNoncashIncomeExpense" xlink:label="us-gaap_OtherNoncashIncomeExpense_636068416665483459" />
    <calculationArc xlink:type="arc" xlink:arcrole="http://www.xbrl.org/2003/arcrole/summation-item" xlink:from="us-gaap_NetCashProvidedByUsedInOperatingActivitiesContinuingOperations" xlink:to="us-gaap_OtherNoncashIncomeExpense_636068416665483459" order="14" use="optional" weight="-1" priority="3" />
    <loc xlink:type="locator" xlink:href="http://xbrl.fasb.org/us-gaap/2015/elts/us-gaap-2015-01-31.xsd#us-gaap_IssuanceOfStockAndWarrantsForServicesOrClaims" xlink:label="us-gaap_IssuanceOfStockAndWarrantsForServicesOrClaims_636068416665483459" />
    <calculationArc xlink:type="arc" xlink:arcrole="http://www.xbrl.org/2003/arcrole/summation-item" xlink:from="us-gaap_NetCashProvidedByUsedInOperatingActivitiesContinuingOperations" xlink:to="us-gaap_IssuanceOfStockAndWarrantsForServicesOrClaims_636068416665483459" order="15" use="optional" weight="1" priority="2" />
    <loc xlink:type="locator" xlink:href="http://xbrl.fasb.org/us-gaap/2015/elts/us-gaap-2015-01-31.xsd#us-gaap_BusinessCombinationContingentConsiderationArrangementsChangeInAmountOfContingentConsiderationLiability1" xlink:label="us-gaap_BusinessCombinationContingentConsiderationArrangementsChangeInAmountOfContingentConsiderationLiability1_636068416665483459" />
    <calculationArc xlink:type="arc" xlink:arcrole="http://www.xbrl.org/2003/arcrole/summation-item" xlink:from="us-gaap_NetCashProvidedByUsedInOperatingActivitiesContinuingOperations" xlink:to="us-gaap_BusinessCombinationContingentConsiderationArrangementsChangeInAmountOfContingentConsiderationLiability1_636068416665483459" order="16" use="optional" weight="1" priority="4" />
    <loc xlink:type="locator" xlink:href="http://xbrl.fasb.org/us-gaap/2015/elts/us-gaap-2015-01-31.xsd#us-gaap_ProvisionForDoubtfulAccounts" xlink:label="us-gaap_ProvisionForDoubtfulAccounts_636068416665483459" />
    <calculationArc xlink:type="arc" xlink:arcrole="http://www.xbrl.org/2003/arcrole/summation-item" xlink:from="us-gaap_NetCashProvidedByUsedInOperatingActivitiesContinuingOperations" xlink:to="us-gaap_ProvisionForDoubtfulAccounts_636068416665483459" order="17" use="optional" weight="1" priority="2" />
  </calculationLink>
  <calculationLink xlink:role="http://marathonpg.com/role/DisclosureAcquisitionsDetails" xlink:type="extended" xlink:title="40304 - Disclosure - ACQUISITIONS (Details)" xmlns="http://www.xbrl.org/2003/linkbase">
    <loc xlink:type="locator" xlink:href="http://xbrl.fasb.org/us-gaap/2015/elts/us-gaap-2015-01-31.xsd#us-gaap_BusinessCombinationConsiderationTransferred1" xlink:label="us-gaap_BusinessCombinationConsiderationTransferred1_636009901110100921" />
    <loc xlink:type="locator" xlink:href="http://xbrl.fasb.org/us-gaap/2015/elts/us-gaap-2015-01-31.xsd#us-gaap_BusinessCombinationConsiderationTransferredEquityInterestsIssuedAndIssuable" xlink:label="us-gaap_BusinessCombinationConsiderationTransferredEquityInterestsIssuedAndIssuable_636068416665483459" />
    <calculationArc xlink:type="arc" xlink:arcrole="http://www.xbrl.org/2003/arcrole/summation-item" xlink:from="us-gaap_BusinessCombinationConsiderationTransferred1_636009901110100921" xlink:to="us-gaap_BusinessCombinationConsiderationTransferredEquityInterestsIssuedAndIssuable_636068416665483459" order="1" use="optional" weight="1" priority="2" />
    <loc xlink:type="locator" xlink:href="http://xbrl.fasb.org/us-gaap/2015/elts/us-gaap-2015-01-31.xsd#us-gaap_BusinessCombinationConsiderationTransferredLiabilitiesIncurred" xlink:label="us-gaap_BusinessCombinationConsiderationTransferredLiabilitiesIncurred_636068416665483459" />
    <calculationArc xlink:type="arc" xlink:arcrole="http://www.xbrl.org/2003/arcrole/summation-item" xlink:from="us-gaap_BusinessCombinationConsiderationTransferred1_636009901110100921" xlink:to="us-gaap_BusinessCombinationConsiderationTransferredLiabilitiesIncurred_636068416665483459" order="2" use="optional" weight="1" priority="2" />
    <loc xlink:type="locator" xlink:href="http://xbrl.fasb.org/us-gaap/2015/elts/us-gaap-2015-01-31.xsd#us-gaap_BusinessCombinationConsiderationTransferredOther1" xlink:label="us-gaap_BusinessCombinationConsiderationTransferredOther1_636068416665483459" />
    <calculationArc xlink:type="arc" xlink:arcrole="http://www.xbrl.org/2003/arcrole/summation-item" xlink:from="us-gaap_BusinessCombinationConsiderationTransferred1_636009901110100921" xlink:to="us-gaap_BusinessCombinationConsiderationTransferredOther1_636068416665483459" order="3" use="optional" weight="1" priority="2" />
    <loc xlink:type="locator" xlink:href="http://xbrl.fasb.org/us-gaap/2015/elts/us-gaap-2015-01-31.xsd#us-gaap_PaymentsToAcquireBusinessesGross" xlink:label="us-gaap_PaymentsToAcquireBusinessesGross_636068416665483459" />
    <calculationArc xlink:type="arc" xlink:arcrole="http://www.xbrl.org/2003/arcrole/summation-item" xlink:from="us-gaap_BusinessCombinationConsiderationTransferred1_636009901110100921" xlink:to="us-gaap_PaymentsToAcquireBusinessesGross_636068416665483459" order="4" use="optional" weight="1" priority="2" />
    <loc xlink:type="locator" xlink:href="http://xbrl.fasb.org/us-gaap/2015/elts/us-gaap-2015-01-31.xsd#us-gaap_BusinessCombinationRecognizedIdentifiableAssetsAcquiredGoodwillAndLiabilitiesAssumedLessNoncontrollingInterest" xlink:label="us-gaap_BusinessCombinationRecognizedIdentifiableAssetsAcquiredGoodwillAndLiabilitiesAssumedLessNoncontrollingInterest_636009901880428921" />
    <loc xlink:type="locator" xlink:href="http://xbrl.fasb.org/us-gaap/2015/elts/us-gaap-2015-01-31.xsd#us-gaap_Goodwill" xlink:label="us-gaap_Goodwill_636068416665483459" />
    <calculationArc xlink:type="arc" xlink:arcrole="http://www.xbrl.org/2003/arcrole/summation-item" xlink:from="us-gaap_BusinessCombinationRecognizedIdentifiableAssetsAcquiredGoodwillAndLiabilitiesAssumedLessNoncontrollingInterest_636009901880428921" xlink:to="us-gaap_Goodwill_636068416665483459" order="1" use="optional" weight="1" priority="2" />
    <loc xlink:type="locator" xlink:href="http://xbrl.fasb.org/us-gaap/2015/elts/us-gaap-2015-01-31.xsd#us-gaap_IntangibleAssetsCurrent" xlink:label="us-gaap_IntangibleAssetsCurrent_636068416665483459" />
    <calculationArc xlink:type="arc" xlink:arcrole="http://www.xbrl.org/2003/arcrole/summation-item" xlink:from="us-gaap_BusinessCombinationRecognizedIdentifiableAssetsAcquiredGoodwillAndLiabilitiesAssumedLessNoncontrollingInterest_636009901880428921" xlink:to="us-gaap_IntangibleAssetsCurrent_636068416665483459" order="2" use="optional" weight="1" priority="2" />
    <loc xlink:type="locator" xlink:href="http://xbrl.fasb.org/us-gaap/2015/elts/us-gaap-2015-01-31.xsd#us-gaap_BusinessCombinationRecognizedIdentifiableAssetsAcquiredAndLiabilitiesAssumedCashAndEquivalents" xlink:label="us-gaap_BusinessCombinationRecognizedIdentifiableAssetsAcquiredAndLiabilitiesAssumedCashAndEquivalents_636068416665483459" />
    <calculationArc xlink:type="arc" xlink:arcrole="http://www.xbrl.org/2003/arcrole/summation-item" xlink:from="us-gaap_BusinessCombinationRecognizedIdentifiableAssetsAcquiredGoodwillAndLiabilitiesAssumedLessNoncontrollingInterest_636009901880428921" xlink:to="us-gaap_BusinessCombinationRecognizedIdentifiableAssetsAcquiredAndLiabilitiesAssumedCashAndEquivalents_636068416665483459" order="3" use="optional" weight="1" priority="2" />
  </calculationLink>
  <calculationLink xlink:role="http://marathonpg.com/role/DisclosureCommitmentsAndContingenciesOfficeLeaseDetails" xlink:type="extended" xlink:title="40602 - Disclosure - COMMITMENTS AND CONTINGENCIES - Office Lease (Details)" xmlns="http://www.xbrl.org/2003/linkbase">
    <loc xlink:type="locator" xlink:href="http://xbrl.fasb.org/us-gaap/2015/elts/us-gaap-2015-01-31.xsd#us-gaap_CapitalLeasesFutureMinimumPaymentsDue" xlink:label="us-gaap_CapitalLeasesFutureMinimumPaymentsDue" />
    <loc xlink:type="locator" xlink:href="http://xbrl.fasb.org/us-gaap/2015/elts/us-gaap-2015-01-31.xsd#us-gaap_CapitalLeasesFutureMinimumPaymentsDueCurrent" xlink:label="us-gaap_CapitalLeasesFutureMinimumPaymentsDueCurrent_636068416665483459" />
    <calculationArc xlink:type="arc" xlink:arcrole="http://www.xbrl.org/2003/arcrole/summation-item" xlink:from="us-gaap_CapitalLeasesFutureMinimumPaymentsDue" xlink:to="us-gaap_CapitalLeasesFutureMinimumPaymentsDueCurrent_636068416665483459" order="1" use="optional" weight="1" priority="2" />
    <loc xlink:type="locator" xlink:href="http://xbrl.fasb.org/us-gaap/2015/elts/us-gaap-2015-01-31.xsd#us-gaap_CapitalLeasesFutureMinimumPaymentsDueInTwoYears" xlink:label="us-gaap_CapitalLeasesFutureMinimumPaymentsDueInTwoYears_636068416665483459" />
    <calculationArc xlink:type="arc" xlink:arcrole="http://www.xbrl.org/2003/arcrole/summation-item" xlink:from="us-gaap_CapitalLeasesFutureMinimumPaymentsDue" xlink:to="us-gaap_CapitalLeasesFutureMinimumPaymentsDueInTwoYears_636068416665483459" order="2" use="optional" weight="1" priority="2" />
    <loc xlink:type="locator" xlink:href="http://xbrl.fasb.org/us-gaap/2015/elts/us-gaap-2015-01-31.xsd#us-gaap_CapitalLeasesFutureMinimumPaymentsDueInThreeYears" xlink:label="us-gaap_CapitalLeasesFutureMinimumPaymentsDueInThreeYears_636068416665483459" />
    <calculationArc xlink:type="arc" xlink:arcrole="http://www.xbrl.org/2003/arcrole/summation-item" xlink:from="us-gaap_CapitalLeasesFutureMinimumPaymentsDue" xlink:to="us-gaap_CapitalLeasesFutureMinimumPaymentsDueInThreeYears_636068416665483459" order="3" use="optional" weight="1" priority="2" />
    <loc xlink:type="locator" xlink:href="http://xbrl.fasb.org/us-gaap/2015/elts/us-gaap-2015-01-31.xsd#us-gaap_CapitalLeasesFutureMinimumPaymentsDueInFourYears" xlink:label="us-gaap_CapitalLeasesFutureMinimumPaymentsDueInFourYears_636068416665483459" />
    <calculationArc xlink:type="arc" xlink:arcrole="http://www.xbrl.org/2003/arcrole/summation-item" xlink:from="us-gaap_CapitalLeasesFutureMinimumPaymentsDue" xlink:to="us-gaap_CapitalLeasesFutureMinimumPaymentsDueInFourYears_636068416665483459" order="4" use="optional" weight="1" priority="2" />
    <loc xlink:type="locator" xlink:href="http://xbrl.fasb.org/us-gaap/2015/elts/us-gaap-2015-01-31.xsd#us-gaap_CapitalLeasesFutureMinimumPaymentsDueInFiveYears" xlink:label="us-gaap_CapitalLeasesFutureMinimumPaymentsDueInFiveYears_636068416665483459" />
    <calculationArc xlink:type="arc" xlink:arcrole="http://www.xbrl.org/2003/arcrole/summation-item" xlink:from="us-gaap_CapitalLeasesFutureMinimumPaymentsDue" xlink:to="us-gaap_CapitalLeasesFutureMinimumPaymentsDueInFiveYears_636068416665483459" order="5" use="optional" weight="1" priority="2" />
    <loc xlink:type="locator" xlink:href="http://xbrl.fasb.org/us-gaap/2015/elts/us-gaap-2015-01-31.xsd#us-gaap_CapitalLeasesFutureMinimumPaymentsDueThereafter" xlink:label="us-gaap_CapitalLeasesFutureMinimumPaymentsDueThereafter_636068416665483459" />
    <calculationArc xlink:type="arc" xlink:arcrole="http://www.xbrl.org/2003/arcrole/summation-item" xlink:from="us-gaap_CapitalLeasesFutureMinimumPaymentsDue" xlink:to="us-gaap_CapitalLeasesFutureMinimumPaymentsDueThereafter_636068416665483459" order="6" use="optional" weight="1" priority="2" />
  </calculationLink>
</link:linkbase>