<?xml version="1.0" encoding="US-ASCII" standalone="no"?>
    <!-- Field: Doc-Info; Name: Generator; Value: GoXBRL; Version: 4.0a -->
    <!-- Field: Doc-Info; Name: VendorURI; Value: http://www.novaworks.co -->
    <!-- Field: Doc-Info; Name: Source; Value: MARA_Q1_Mar312014.xfr; Date: 2014%2D05%2D14T22:47:57 -->
    <!-- Field: Doc-Info; Name: Status; Value: 0x80060000 -->
<link:linkbase xmlns:xsi="http://www.w3.org/2001/XMLSchema-instance" xmlns:xlink="http://www.w3.org/1999/xlink" xmlns:link="http://www.xbrl.org/2003/linkbase" xmlns:xbrldt="http://xbrl.org/2005/xbrldt" xmlns:xbrli="http://www.xbrl.org/2003/instance" xsi:schemaLocation="http://www.xbrl.org/2003/linkbase http://www.xbrl.org/2003/xbrl-linkbase-2003-12-31.xsd">
    <link:roleRef roleURI="http://marathonpg.com/role/DocumentAndEntityInformation" xlink:href="mara-20140331.xsd#DocumentAndEntityInformation" xlink:type="simple" />
    <link:roleRef roleURI="http://marathonpg.com/role/BalanceSheets" xlink:href="mara-20140331.xsd#BalanceSheets" xlink:type="simple" />
    <link:roleRef roleURI="http://marathonpg.com/role/BalanceSheetsParenthetical" xlink:href="mara-20140331.xsd#BalanceSheetsParenthetical" xlink:type="simple" />
    <link:roleRef roleURI="http://marathonpg.com/role/StatementsOfOperations" xlink:href="mara-20140331.xsd#StatementsOfOperations" xlink:type="simple" />
    <link:roleRef roleURI="http://marathonpg.com/role/StatementsOfCashFlows" xlink:href="mara-20140331.xsd#StatementsOfCashFlows" xlink:type="simple" />
    <link:roleRef roleURI="http://marathonpg.com/role/OrganizationAndDescriptionOfBusiness" xlink:href="mara-20140331.xsd#OrganizationAndDescriptionOfBusiness" xlink:type="simple" />
    <link:roleRef roleURI="http://marathonpg.com/role/SummaryOfSignificantAccountingPolicies" xlink:href="mara-20140331.xsd#SummaryOfSignificantAccountingPolicies" xlink:type="simple" />
    <link:roleRef roleURI="http://marathonpg.com/role/Acquisition" xlink:href="mara-20140331.xsd#Acquisition" xlink:type="simple" />
    <link:roleRef roleURI="http://marathonpg.com/role/DiscontinuedOperations" xlink:href="mara-20140331.xsd#DiscontinuedOperations" xlink:type="simple" />
    <link:roleRef roleURI="http://marathonpg.com/role/IntangibleAssets" xlink:href="mara-20140331.xsd#IntangibleAssets" xlink:type="simple" />
    <link:roleRef roleURI="http://marathonpg.com/role/StockholdersEquity" xlink:href="mara-20140331.xsd#StockholdersEquity" xlink:type="simple" />
    <link:roleRef roleURI="http://marathonpg.com/role/CommitmentsAndContingencies" xlink:href="mara-20140331.xsd#CommitmentsAndContingencies" xlink:type="simple" />
    <link:roleRef roleURI="http://marathonpg.com/role/SubsequentEvents" xlink:href="mara-20140331.xsd#SubsequentEvents" xlink:type="simple" />
    <link:roleRef roleURI="http://marathonpg.com/role/SummaryOfSignificantAccountingPoliciesPolicies" xlink:href="mara-20140331.xsd#SummaryOfSignificantAccountingPoliciesPolicies" xlink:type="simple" />
    <link:roleRef roleURI="http://marathonpg.com/role/SummaryOfSignificantAccountingPoliciesTables" xlink:href="mara-20140331.xsd#SummaryOfSignificantAccountingPoliciesTables" xlink:type="simple" />
    <link:roleRef roleURI="http://marathonpg.com/role/AcquisitionTables" xlink:href="mara-20140331.xsd#AcquisitionTables" xlink:type="simple" />
    <link:roleRef roleURI="http://marathonpg.com/role/DiscontinuedOperationsTables" xlink:href="mara-20140331.xsd#DiscontinuedOperationsTables" xlink:type="simple" />
    <link:roleRef roleURI="http://marathonpg.com/role/IntangibleAssetsTables" xlink:href="mara-20140331.xsd#IntangibleAssetsTables" xlink:type="simple" />
    <link:roleRef roleURI="http://marathonpg.com/role/StockholdersEquityTables" xlink:href="mara-20140331.xsd#StockholdersEquityTables" xlink:type="simple" />
    <link:roleRef roleURI="http://marathonpg.com/role/CommitmentsAndContingenciesTables" xlink:href="mara-20140331.xsd#CommitmentsAndContingenciesTables" xlink:type="simple" />
    <link:roleRef roleURI="http://marathonpg.com/role/SummaryOfSignificantAccountingPolicies-ScheduleOfFairValueAssetsDetails" xlink:href="mara-20140331.xsd#SummaryOfSignificantAccountingPolicies-ScheduleOfFairValueAssetsDetails" xlink:type="simple" />
    <link:roleRef roleURI="http://marathonpg.com/role/SummaryOfSignificantAccountingPolicies-ScheduleOfBasicAndDilutedLossPerShareDetails" xlink:href="mara-20140331.xsd#SummaryOfSignificantAccountingPolicies-ScheduleOfBasicAndDilutedLossPerShareDetails" xlink:type="simple" />
    <link:roleRef roleURI="http://marathonpg.com/role/Acquisition-ScheduleOfBusinessAcquisitionProFormaInformationDetails" xlink:href="mara-20140331.xsd#Acquisition-ScheduleOfBusinessAcquisitionProFormaInformationDetails" xlink:type="simple" />
    <link:roleRef roleURI="http://marathonpg.com/role/DiscontinuedOperations-ScheduleOfAssetsAndLiabilitiesDetails" xlink:href="mara-20140331.xsd#DiscontinuedOperations-ScheduleOfAssetsAndLiabilitiesDetails" xlink:type="simple" />
    <link:roleRef roleURI="http://marathonpg.com/role/DiscontinuedOperations-ScheduleDiscontinuedOperationsDetails" xlink:href="mara-20140331.xsd#DiscontinuedOperations-ScheduleDiscontinuedOperationsDetails" xlink:type="simple" />
    <link:roleRef roleURI="http://marathonpg.com/role/IntangibleAssets-ScheduleOfIntangibleAssetsDetails" xlink:href="mara-20140331.xsd#IntangibleAssets-ScheduleOfIntangibleAssetsDetails" xlink:type="simple" />
    <link:roleRef roleURI="http://marathonpg.com/role/IntangibleAssets-ScheduleOfAmortizationExpenseDetails" xlink:href="mara-20140331.xsd#IntangibleAssets-ScheduleOfAmortizationExpenseDetails" xlink:type="simple" />
    <link:roleRef roleURI="http://marathonpg.com/role/StockholdersEquity-ScheduleOfOutstandingWarrantsDetails" xlink:href="mara-20140331.xsd#StockholdersEquity-ScheduleOfOutstandingWarrantsDetails" xlink:type="simple" />
    <link:roleRef roleURI="http://marathonpg.com/role/StockholdersEquity-ScheduleOfOutstandingOptionsDetails" xlink:href="mara-20140331.xsd#StockholdersEquity-ScheduleOfOutstandingOptionsDetails" xlink:type="simple" />
    <link:roleRef roleURI="http://marathonpg.com/role/CommitmentsAndContingencies-CommitmentsAndContingenciesDetails" xlink:href="mara-20140331.xsd#CommitmentsAndContingencies-CommitmentsAndContingenciesDetails" xlink:type="simple" />
    <link:roleRef roleURI="http://marathonpg.com/role/OrganizationAndDescriptionOfBusinessDetailsNarrative" xlink:href="mara-20140331.xsd#OrganizationAndDescriptionOfBusinessDetailsNarrative" xlink:type="simple" />
    <link:roleRef roleURI="http://marathonpg.com/role/SummaryOfSignificantAccountingPoliciesDetailsNarrative" xlink:href="mara-20140331.xsd#SummaryOfSignificantAccountingPoliciesDetailsNarrative" xlink:type="simple" />
    <link:roleRef roleURI="http://marathonpg.com/role/AcquisitionDetailsNarrative" xlink:href="mara-20140331.xsd#AcquisitionDetailsNarrative" xlink:type="simple" />
    <link:roleRef roleURI="http://marathonpg.com/role/IntangibleAssetsDetailsNarrative" xlink:href="mara-20140331.xsd#IntangibleAssetsDetailsNarrative" xlink:type="simple" />
    <link:roleRef roleURI="http://marathonpg.com/role/StockholdersEquityDetailsNarrative" xlink:href="mara-20140331.xsd#StockholdersEquityDetailsNarrative" xlink:type="simple" />
    <link:roleRef roleURI="http://marathonpg.com/role/CommitmentsAndContingenciesDetailsNarrative" xlink:href="mara-20140331.xsd#CommitmentsAndContingenciesDetailsNarrative" xlink:type="simple" />
    <link:arcroleRef xlink:type="simple" xlink:href="http://www.xbrl.org/2005/xbrldt-2005.xsd#hypercube-dimension" arcroleURI="http://xbrl.org/int/dim/arcrole/hypercube-dimension" />
    <link:arcroleRef xlink:type="simple" xlink:href="http://www.xbrl.org/2005/xbrldt-2005.xsd#dimension-domain" arcroleURI="http://xbrl.org/int/dim/arcrole/dimension-domain" />
    <link:arcroleRef xlink:type="simple" xlink:href="http://www.xbrl.org/2005/xbrldt-2005.xsd#domain-member" arcroleURI="http://xbrl.org/int/dim/arcrole/domain-member" />
    <link:arcroleRef xlink:type="simple" xlink:href="http://www.xbrl.org/2005/xbrldt-2005.xsd#all" arcroleURI="http://xbrl.org/int/dim/arcrole/all" />
    <link:arcroleRef xlink:type="simple" xlink:href="http://www.xbrl.org/2005/xbrldt-2005.xsd#notAll" arcroleURI="http://xbrl.org/int/dim/arcrole/notAll" />
    <link:arcroleRef xlink:type="simple" xlink:href="http://www.xbrl.org/2005/xbrldt-2005.xsd#dimension-default" arcroleURI="http://xbrl.org/int/dim/arcrole/dimension-default" />
    <link:definitionLink xlink:type="extended" xlink:role="http://marathonpg.com/role/DocumentAndEntityInformation" xlink:title="00000001 - Document - Document and Entity Information" />
    <link:definitionLink xlink:type="extended" xlink:role="http://marathonpg.com/role/BalanceSheets" xlink:title="00000002 - Statement - Consolidated Balance Sheets" />
    <link:definitionLink xlink:type="extended" xlink:role="http://marathonpg.com/role/BalanceSheetsParenthetical" xlink:title="00000003 - Statement - Consolidated Balance Sheets (Parenthetical)" />
    <link:definitionLink xlink:type="extended" xlink:role="http://marathonpg.com/role/StatementsOfOperations" xlink:title="00000004 - Statement - Consolidated Statements of Operations" />
    <link:definitionLink xlink:type="extended" xlink:role="http://marathonpg.com/role/StatementsOfCashFlows" xlink:title="00000005 - Statement - Consolidated Statements of Cash Flows" />
    <link:definitionLink xlink:type="extended" xlink:role="http://marathonpg.com/role/OrganizationAndDescriptionOfBusiness" xlink:title="00000006 - Disclosure - ORGANIZATION AND DESCRIPTION OF BUSINESS" />
    <link:definitionLink xlink:type="extended" xlink:role="http://marathonpg.com/role/SummaryOfSignificantAccountingPolicies" xlink:title="00000007 - Disclosure - SUMMARY OF SIGNIFICANT ACCOUNTING POLICIES" />
    <link:definitionLink xlink:type="extended" xlink:role="http://marathonpg.com/role/Acquisition" xlink:title="00000008 - Disclosure - ACQUISITION" />
    <link:definitionLink xlink:type="extended" xlink:role="http://marathonpg.com/role/DiscontinuedOperations" xlink:title="00000009 - Disclosure - DISCONTINUED OPERATIONS" />
    <link:definitionLink xlink:type="extended" xlink:role="http://marathonpg.com/role/IntangibleAssets" xlink:title="00000010 - Disclosure - INTANGIBLE ASSETS" />
    <link:definitionLink xlink:type="extended" xlink:role="http://marathonpg.com/role/StockholdersEquity" xlink:title="00000011 - Disclosure - STOCKHOLDERS' EQUITY" />
    <link:definitionLink xlink:type="extended" xlink:role="http://marathonpg.com/role/CommitmentsAndContingencies" xlink:title="00000012 - Disclosure - COMMITMENTS AND CONTINGENCIES" />
    <link:definitionLink xlink:type="extended" xlink:role="http://marathonpg.com/role/SubsequentEvents" xlink:title="00000013 - Disclosure - SUBSEQUENT EVENTS" />
    <link:definitionLink xlink:type="extended" xlink:role="http://marathonpg.com/role/SummaryOfSignificantAccountingPoliciesPolicies" xlink:title="00000014 - Disclosure - SUMMARY OF SIGNIFICANT ACCOUNTING POLICIES (Policies)" />
    <link:definitionLink xlink:type="extended" xlink:role="http://marathonpg.com/role/SummaryOfSignificantAccountingPoliciesTables" xlink:title="00000015 - Disclosure - SUMMARY OF SIGNIFICANT ACCOUNTING POLICIES (Tables)" />
    <link:definitionLink xlink:type="extended" xlink:role="http://marathonpg.com/role/AcquisitionTables" xlink:title="00000016 - Disclosure - ACQUISITION (Tables)" />
    <link:definitionLink xlink:type="extended" xlink:role="http://marathonpg.com/role/DiscontinuedOperationsTables" xlink:title="00000017 - Disclosure - DISCONTINUED OPERATIONS (Tables)" />
    <link:definitionLink xlink:type="extended" xlink:role="http://marathonpg.com/role/IntangibleAssetsTables" xlink:title="00000018 - Disclosure - INTANGIBLE ASSETS (Tables)" />
    <link:definitionLink xlink:type="extended" xlink:role="http://marathonpg.com/role/StockholdersEquityTables" xlink:title="00000019 - Disclosure - STOCKHOLDERS' EQUITY (Tables)" />
    <link:definitionLink xlink:type="extended" xlink:role="http://marathonpg.com/role/CommitmentsAndContingenciesTables" xlink:title="00000020 - Disclosure - COMMITMENTS AND CONTINGENCIES (Tables)" />
    <link:definitionLink xlink:type="extended" xlink:role="http://marathonpg.com/role/SummaryOfSignificantAccountingPolicies-ScheduleOfFairValueAssetsDetails" xlink:title="00000021 - Disclosure - SUMMARY OF SIGNIFICANT ACCOUNTING POLICIES - Schedule of Fair Value Assets (Details)">
      <link:loc xlink:type="locator" xlink:href="http://xbrl.fasb.org/us-gaap/2013/elts/us-gaap-2013-01-31.xsd#us-gaap_StatementLineItems" xlink:label="loc_us-gaapStatementLineItems" />
      <link:loc xlink:type="locator" xlink:href="http://xbrl.fasb.org/us-gaap/2013/elts/us-gaap-2013-01-31.xsd#us-gaap_StatementTable" xlink:label="loc_us-gaapStatementTable" />
      <link:definitionArc xlink:arcrole="http://xbrl.org/int/dim/arcrole/all" xbrldt:contextElement="segment" xlink:from="loc_us-gaapStatementLineItems" xlink:to="loc_us-gaapStatementTable" xlink:type="arc" order="10" xbrldt:closed="true" />
      <link:loc xlink:type="locator" xlink:href="http://xbrl.fasb.org/us-gaap/2013/elts/us-gaap-2013-01-31.xsd#us-gaap_SecuritiesFinancingTransactionAxis" xlink:label="loc_us-gaapSecuritiesFinancingTransactionAxis" />
      <link:definitionArc xlink:arcrole="http://xbrl.org/int/dim/arcrole/hypercube-dimension" xlink:from="loc_us-gaapStatementTable" xlink:to="loc_us-gaapSecuritiesFinancingTransactionAxis" xlink:type="arc" order="1" />
      <link:loc xlink:type="locator" xlink:href="http://xbrl.fasb.org/us-gaap/2013/elts/us-gaap-2013-01-31.xsd#us-gaap_SecuritiesFinancingTransactionTypeDomain" xlink:label="loc_us-gaapSecuritiesFinancingTransactionTypeDomain" />
      <link:definitionArc xlink:arcrole="http://xbrl.org/int/dim/arcrole/dimension-domain" xlink:from="loc_us-gaapSecuritiesFinancingTransactionAxis" xlink:to="loc_us-gaapSecuritiesFinancingTransactionTypeDomain" xlink:type="arc" order="20" />
      <link:loc xlink:type="locator" xlink:href="http://xbrl.fasb.org/us-gaap/2013/elts/us-gaap-2013-01-31.xsd#us-gaap_SecuritiesFinancingTransactionTypeDomain" xlink:label="loc_us-gaapSecuritiesFinancingTransactionTypeDomain_10" />
      <link:definitionArc xlink:arcrole="http://xbrl.org/int/dim/arcrole/dimension-default" xbrldt:contextElement="segment" xlink:from="loc_us-gaapSecuritiesFinancingTransactionAxis" xlink:to="loc_us-gaapSecuritiesFinancingTransactionTypeDomain_10" xlink:type="arc" order="30" />
      <link:loc xlink:type="locator" xlink:href="http://xbrl.fasb.org/us-gaap/2013/elts/us-gaap-2013-01-31.xsd#us-gaap_FairValueInputsLevel1Member" xlink:label="loc_us-gaapFairValueInputsLevel1Member_0" />
      <link:definitionArc xlink:arcrole="http://xbrl.org/int/dim/arcrole/domain-member" xlink:from="loc_us-gaapSecuritiesFinancingTransactionTypeDomain" xlink:to="loc_us-gaapFairValueInputsLevel1Member_0" xlink:type="arc" order="1" />
      <link:loc xlink:type="locator" xlink:href="http://xbrl.fasb.org/us-gaap/2013/elts/us-gaap-2013-01-31.xsd#us-gaap_FairValueInputsLevel2Member" xlink:label="loc_us-gaapFairValueInputsLevel2Member_10" />
      <link:definitionArc xlink:arcrole="http://xbrl.org/int/dim/arcrole/domain-member" xlink:from="loc_us-gaapSecuritiesFinancingTransactionTypeDomain" xlink:to="loc_us-gaapFairValueInputsLevel2Member_10" xlink:type="arc" order="11" />
      <link:loc xlink:type="locator" xlink:href="http://xbrl.fasb.org/us-gaap/2013/elts/us-gaap-2013-01-31.xsd#us-gaap_FairValueInputsLevel3Member" xlink:label="loc_us-gaapFairValueInputsLevel3Member_20" />
      <link:definitionArc xlink:arcrole="http://xbrl.org/int/dim/arcrole/domain-member" xlink:from="loc_us-gaapSecuritiesFinancingTransactionTypeDomain" xlink:to="loc_us-gaapFairValueInputsLevel3Member_20" xlink:type="arc" order="21" />
      <link:loc xlink:type="locator" xlink:href="http://xbrl.fasb.org/us-gaap/2013/elts/us-gaap-2013-01-31.xsd#us-gaap_AvailableForSaleSecurities" xlink:label="loc_us-gaapAvailableForSaleSecurities_40" />
      <link:definitionArc xlink:arcrole="http://xbrl.org/int/dim/arcrole/domain-member" xlink:from="loc_us-gaapStatementLineItems" xlink:to="loc_us-gaapAvailableForSaleSecurities_40" xlink:type="arc" order="2" />
    </link:definitionLink>
    <link:definitionLink xlink:type="extended" xlink:role="http://marathonpg.com/role/SummaryOfSignificantAccountingPolicies-ScheduleOfBasicAndDilutedLossPerShareDetails" xlink:title="00000022 - Disclosure - SUMMARY OF SIGNIFICANT ACCOUNTING POLICIES - - Schedule of Basic and Diluted Loss Per Share (Details)" />
    <link:definitionLink xlink:type="extended" xlink:role="http://marathonpg.com/role/Acquisition-ScheduleOfBusinessAcquisitionProFormaInformationDetails" xlink:title="00000023 - Disclosure - ACQUISITION - Schedule of Business Acquisition Pro Forma Information (Details)">
      <link:loc xlink:type="locator" xlink:href="http://xbrl.fasb.org/us-gaap/2013/elts/us-gaap-2013-01-31.xsd#us-gaap_StatementLineItems" xlink:label="loc_us-gaapStatementLineItems" />
      <link:loc xlink:type="locator" xlink:href="http://xbrl.fasb.org/us-gaap/2013/elts/us-gaap-2013-01-31.xsd#us-gaap_StatementTable" xlink:label="loc_us-gaapStatementTable" />
      <link:definitionArc xlink:arcrole="http://xbrl.org/int/dim/arcrole/all" xbrldt:contextElement="segment" xlink:from="loc_us-gaapStatementLineItems" xlink:to="loc_us-gaapStatementTable" xlink:type="arc" order="10" xbrldt:closed="true" />
      <link:loc xlink:type="locator" xlink:href="http://xbrl.fasb.org/us-gaap/2013/elts/us-gaap-2013-01-31.xsd#us-gaap_BusinessAcquisitionAxis" xlink:label="loc_us-gaapBusinessAcquisitionAxis" />
      <link:definitionArc xlink:arcrole="http://xbrl.org/int/dim/arcrole/hypercube-dimension" xlink:from="loc_us-gaapStatementTable" xlink:to="loc_us-gaapBusinessAcquisitionAxis" xlink:type="arc" order="1" />
      <link:loc xlink:type="locator" xlink:href="http://xbrl.fasb.org/us-gaap/2013/elts/us-gaap-2013-01-31.xsd#us-gaap_BusinessAcquisitionAcquireeDomain" xlink:label="loc_us-gaapBusinessAcquisitionAcquireeDomain" />
      <link:definitionArc xlink:arcrole="http://xbrl.org/int/dim/arcrole/dimension-domain" xlink:from="loc_us-gaapBusinessAcquisitionAxis" xlink:to="loc_us-gaapBusinessAcquisitionAcquireeDomain" xlink:type="arc" order="20" />
      <link:loc xlink:type="locator" xlink:href="http://xbrl.fasb.org/us-gaap/2013/elts/us-gaap-2013-01-31.xsd#us-gaap_BusinessAcquisitionAcquireeDomain" xlink:label="loc_us-gaapBusinessAcquisitionAcquireeDomain_10" />
      <link:definitionArc xlink:arcrole="http://xbrl.org/int/dim/arcrole/dimension-default" xbrldt:contextElement="segment" xlink:from="loc_us-gaapBusinessAcquisitionAxis" xlink:to="loc_us-gaapBusinessAcquisitionAcquireeDomain_10" xlink:type="arc" order="30" />
      <link:loc xlink:type="locator" xlink:href="http://xbrl.fasb.org/us-gaap/2013/elts/us-gaap-2013-01-31.xsd#us-gaap_SubsidiariesMember" xlink:label="loc_us-gaapSubsidiariesMember_0" />
      <link:definitionArc xlink:arcrole="http://xbrl.org/int/dim/arcrole/domain-member" xlink:from="loc_us-gaapBusinessAcquisitionAcquireeDomain" xlink:to="loc_us-gaapSubsidiariesMember_0" xlink:type="arc" order="1" />
      <link:loc xlink:type="locator" xlink:href="http://xbrl.fasb.org/us-gaap/2013/elts/us-gaap-2013-01-31.xsd#us-gaap_IntangibleAssetsGrossExcludingGoodwill" xlink:label="loc_us-gaapIntangibleAssetsGrossExcludingGoodwill_20" />
      <link:definitionArc xlink:arcrole="http://xbrl.org/int/dim/arcrole/domain-member" xlink:from="loc_us-gaapStatementLineItems" xlink:to="loc_us-gaapIntangibleAssetsGrossExcludingGoodwill_20" xlink:type="arc" order="1" />
      <link:loc xlink:type="locator" xlink:href="http://xbrl.fasb.org/us-gaap/2013/elts/us-gaap-2013-01-31.xsd#us-gaap_Goodwill" xlink:label="loc_us-gaapGoodwill_20" />
      <link:definitionArc xlink:arcrole="http://xbrl.org/int/dim/arcrole/domain-member" xlink:from="loc_us-gaapStatementLineItems" xlink:to="loc_us-gaapGoodwill_20" xlink:type="arc" order="2" />
      <link:loc xlink:type="locator" xlink:href="http://xbrl.fasb.org/us-gaap/2013/elts/us-gaap-2013-01-31.xsd#us-gaap_BusinessCombinationConsiderationTransferred1" xlink:label="loc_us-gaapBusinessCombinationConsiderationTransferred1_20" />
      <link:definitionArc xlink:arcrole="http://xbrl.org/int/dim/arcrole/domain-member" xlink:from="loc_us-gaapStatementLineItems" xlink:to="loc_us-gaapBusinessCombinationConsiderationTransferred1_20" xlink:type="arc" order="3" />
    </link:definitionLink>
    <link:definitionLink xlink:type="extended" xlink:role="http://marathonpg.com/role/DiscontinuedOperations-ScheduleOfAssetsAndLiabilitiesDetails" xlink:title="00000024 - Disclosure - DISCONTINUED OPERATIONS - Schedule of Assets and Liabilities (Details)" />
    <link:definitionLink xlink:type="extended" xlink:role="http://marathonpg.com/role/DiscontinuedOperations-ScheduleDiscontinuedOperationsDetails" xlink:title="00000025 - Disclosure - DISCONTINUED OPERATIONS - Schedule Discontinued Operations (Details)" />
    <link:definitionLink xlink:type="extended" xlink:role="http://marathonpg.com/role/IntangibleAssets-ScheduleOfIntangibleAssetsDetails" xlink:title="00000026 - Disclosure - INTANGIBLE ASSETS - Schedule of Intangible Assets (Details)" />
    <link:definitionLink xlink:type="extended" xlink:role="http://marathonpg.com/role/IntangibleAssets-ScheduleOfAmortizationExpenseDetails" xlink:title="00000027 - Disclosure - INTANGIBLE ASSETS - Schedule of Amortization Expense (Details)" />
    <link:definitionLink xlink:type="extended" xlink:role="http://marathonpg.com/role/StockholdersEquity-ScheduleOfOutstandingWarrantsDetails" xlink:title="00000028 - Disclosure - STOCKHOLDERS' EQUITY - Schedule of Outstanding Warrants (Details)">
      <link:loc xlink:type="locator" xlink:href="http://xbrl.fasb.org/us-gaap/2013/elts/us-gaap-2013-01-31.xsd#us-gaap_StatementLineItems" xlink:label="loc_us-gaapStatementLineItems" />
      <link:loc xlink:type="locator" xlink:href="http://xbrl.fasb.org/us-gaap/2013/elts/us-gaap-2013-01-31.xsd#us-gaap_StatementTable" xlink:label="loc_us-gaapStatementTable" />
      <link:definitionArc xlink:arcrole="http://xbrl.org/int/dim/arcrole/all" xbrldt:contextElement="segment" xlink:from="loc_us-gaapStatementLineItems" xlink:to="loc_us-gaapStatementTable" xlink:type="arc" order="10" xbrldt:closed="true" />
      <link:loc xlink:type="locator" xlink:href="http://xbrl.fasb.org/us-gaap/2013/elts/us-gaap-2013-01-31.xsd#us-gaap_ClassOfWarrantOrRightAxis" xlink:label="loc_us-gaapClassOfWarrantOrRightAxis" />
      <link:definitionArc xlink:arcrole="http://xbrl.org/int/dim/arcrole/hypercube-dimension" xlink:from="loc_us-gaapStatementTable" xlink:to="loc_us-gaapClassOfWarrantOrRightAxis" xlink:type="arc" order="1" />
      <link:loc xlink:type="locator" xlink:href="http://xbrl.fasb.org/us-gaap/2013/elts/us-gaap-2013-01-31.xsd#us-gaap_ClassOfWarrantOrRightDomain" xlink:label="loc_us-gaapClassOfWarrantOrRightDomain" />
      <link:definitionArc xlink:arcrole="http://xbrl.org/int/dim/arcrole/dimension-domain" xlink:from="loc_us-gaapClassOfWarrantOrRightAxis" xlink:to="loc_us-gaapClassOfWarrantOrRightDomain" xlink:type="arc" order="20" />
      <link:loc xlink:type="locator" xlink:href="http://xbrl.fasb.org/us-gaap/2013/elts/us-gaap-2013-01-31.xsd#us-gaap_ClassOfWarrantOrRightDomain" xlink:label="loc_us-gaapClassOfWarrantOrRightDomain_10" />
      <link:definitionArc xlink:arcrole="http://xbrl.org/int/dim/arcrole/dimension-default" xbrldt:contextElement="segment" xlink:from="loc_us-gaapClassOfWarrantOrRightAxis" xlink:to="loc_us-gaapClassOfWarrantOrRightDomain_10" xlink:type="arc" order="30" />
      <link:loc xlink:type="locator" xlink:href="http://xbrl.fasb.org/us-gaap/2013/elts/us-gaap-2013-01-31.xsd#us-gaap_WarrantMember" xlink:label="loc_us-gaapWarrantMember_0" />
      <link:definitionArc xlink:arcrole="http://xbrl.org/int/dim/arcrole/domain-member" xlink:from="loc_us-gaapClassOfWarrantOrRightDomain" xlink:to="loc_us-gaapWarrantMember_0" xlink:type="arc" order="1" />
      <link:loc xlink:type="locator" xlink:href="mara-20140331.xsd#MARA_StockWarrantActivityAbstract" xlink:label="loc_MARAStockWarrantActivityAbstract_20" />
      <link:definitionArc xlink:arcrole="http://xbrl.org/int/dim/arcrole/domain-member" xlink:from="loc_us-gaapStatementLineItems" xlink:to="loc_MARAStockWarrantActivityAbstract_20" xlink:type="arc" order="0" />
      <link:loc xlink:type="locator" xlink:href="mara-20140331.xsd#MARA_NumberWarrantsAbstract" xlink:label="loc_MARANumberWarrantsAbstract_20" />
      <link:definitionArc xlink:arcrole="http://xbrl.org/int/dim/arcrole/domain-member" xlink:from="loc_MARAStockWarrantActivityAbstract_20" xlink:to="loc_MARANumberWarrantsAbstract_20" xlink:type="arc" order="1" />
      <link:loc xlink:type="locator" xlink:href="http://xbrl.fasb.org/us-gaap/2013/elts/us-gaap-2013-01-31.xsd#us-gaap_ClassOfWarrantOrRightOutstanding" xlink:label="loc_us-gaapClassOfWarrantOrRightOutstanding_20" />
      <link:definitionArc xlink:arcrole="http://xbrl.org/int/dim/arcrole/domain-member" xlink:from="loc_MARANumberWarrantsAbstract_20" xlink:to="loc_us-gaapClassOfWarrantOrRightOutstanding_20" xlink:type="arc" order="2" />
      <link:loc xlink:type="locator" xlink:href="http://xbrl.fasb.org/us-gaap/2013/elts/us-gaap-2013-01-31.xsd#us-gaap_ShareBasedCompensationArrangementByShareBasedPaymentAwardNonOptionEquityInstrumentsGranted" xlink:label="loc_us-gaapShareBasedCompensationArrangementByShareBasedPaymentAwardNonOptionEquityInstrumentsGranted_20" />
      <link:definitionArc xlink:arcrole="http://xbrl.org/int/dim/arcrole/domain-member" xlink:from="loc_MARANumberWarrantsAbstract_20" xlink:to="loc_us-gaapShareBasedCompensationArrangementByShareBasedPaymentAwardNonOptionEquityInstrumentsGranted_20" xlink:type="arc" order="3" />
      <link:loc xlink:type="locator" xlink:href="http://xbrl.fasb.org/us-gaap/2013/elts/us-gaap-2013-01-31.xsd#us-gaap_ShareBasedCompensationArrangementByShareBasedPaymentAwardNonOptionEquityInstrumentsExpirations" xlink:label="loc_us-gaapShareBasedCompensationArrangementByShareBasedPaymentAwardNonOptionEquityInstrumentsExpirations_20" />
      <link:definitionArc xlink:arcrole="http://xbrl.org/int/dim/arcrole/domain-member" xlink:from="loc_MARANumberWarrantsAbstract_20" xlink:to="loc_us-gaapShareBasedCompensationArrangementByShareBasedPaymentAwardNonOptionEquityInstrumentsExpirations_20" xlink:type="arc" order="4" />
      <link:loc xlink:type="locator" xlink:href="http://xbrl.fasb.org/us-gaap/2013/elts/us-gaap-2013-01-31.xsd#us-gaap_ShareBasedCompensationArrangementByShareBasedPaymentAwardNonOptionEquityInstrumentsForfeitures" xlink:label="loc_us-gaapShareBasedCompensationArrangementByShareBasedPaymentAwardNonOptionEquityInstrumentsForfeitures_20" />
      <link:definitionArc xlink:arcrole="http://xbrl.org/int/dim/arcrole/domain-member" xlink:from="loc_MARANumberWarrantsAbstract_20" xlink:to="loc_us-gaapShareBasedCompensationArrangementByShareBasedPaymentAwardNonOptionEquityInstrumentsForfeitures_20" xlink:type="arc" order="5" />
      <link:loc xlink:type="locator" xlink:href="http://xbrl.fasb.org/us-gaap/2013/elts/us-gaap-2013-01-31.xsd#us-gaap_ShareBasedCompensationArrangementByShareBasedPaymentAwardNonOptionEquityInstrumentsExercised" xlink:label="loc_us-gaapShareBasedCompensationArrangementByShareBasedPaymentAwardNonOptionEquityInstrumentsExercised_20" />
      <link:definitionArc xlink:arcrole="http://xbrl.org/int/dim/arcrole/domain-member" xlink:from="loc_MARANumberWarrantsAbstract_20" xlink:to="loc_us-gaapShareBasedCompensationArrangementByShareBasedPaymentAwardNonOptionEquityInstrumentsExercised_20" xlink:type="arc" order="6" />
      <link:loc xlink:type="locator" xlink:href="http://xbrl.fasb.org/us-gaap/2013/elts/us-gaap-2013-01-31.xsd#us-gaap_ShareBasedCompensationArrangementByShareBasedPaymentAwardOptionsExercisableNumber" xlink:label="loc_us-gaapShareBasedCompensationArrangementByShareBasedPaymentAwardOptionsExercisableNumber_20" />
      <link:definitionArc xlink:arcrole="http://xbrl.org/int/dim/arcrole/domain-member" xlink:from="loc_MARANumberWarrantsAbstract_20" xlink:to="loc_us-gaapShareBasedCompensationArrangementByShareBasedPaymentAwardOptionsExercisableNumber_20" xlink:type="arc" order="8" />
      <link:loc xlink:type="locator" xlink:href="mara-20140331.xsd#MARA_WeightedAverageExercisePriceAbstract" xlink:label="loc_MARAWeightedAverageExercisePriceAbstract_20" />
      <link:definitionArc xlink:arcrole="http://xbrl.org/int/dim/arcrole/domain-member" xlink:from="loc_MARAStockWarrantActivityAbstract_20" xlink:to="loc_MARAWeightedAverageExercisePriceAbstract_20" xlink:type="arc" order="10" />
      <link:loc xlink:type="locator" xlink:href="http://xbrl.fasb.org/us-gaap/2013/elts/us-gaap-2013-01-31.xsd#us-gaap_ClassOfWarrantOrRightExercisePriceOfWarrantsOrRights" xlink:label="loc_us-gaapClassOfWarrantOrRightExercisePriceOfWarrantsOrRights_20" />
      <link:definitionArc xlink:arcrole="http://xbrl.org/int/dim/arcrole/domain-member" xlink:from="loc_MARAWeightedAverageExercisePriceAbstract_20" xlink:to="loc_us-gaapClassOfWarrantOrRightExercisePriceOfWarrantsOrRights_20" xlink:type="arc" order="11" />
      <link:loc xlink:type="locator" xlink:href="mara-20140331.xsd#MARA_ShareBasedCompensationArrangementsByShareBasedPaymentAwardNonOptionGrantsInPeriodWeightedAverageExercisePrice" xlink:label="loc_MARAShareBasedCompensationArrangementsByShareBasedPaymentAwardNonOptionGrantsInPeriodWeightedAverageExercisePrice_20" />
      <link:definitionArc xlink:arcrole="http://xbrl.org/int/dim/arcrole/domain-member" xlink:from="loc_MARAWeightedAverageExercisePriceAbstract_20" xlink:to="loc_MARAShareBasedCompensationArrangementsByShareBasedPaymentAwardNonOptionGrantsInPeriodWeightedAverageExercisePrice_20" xlink:type="arc" order="12" />
      <link:loc xlink:type="locator" xlink:href="mara-20140331.xsd#MARA_ShareBasedCompensationArrangementByShareBasedPaymentAwardNonOptionsForfeituresAndExpirationsInPeriodWeightedAverageExercisePrice" xlink:label="loc_MARAShareBasedCompensationArrangementByShareBasedPaymentAwardNonOptionsForfeituresAndExpirationsInPeriodWeightedAverageExercisePrice_20" />
      <link:definitionArc xlink:arcrole="http://xbrl.org/int/dim/arcrole/domain-member" xlink:from="loc_MARAWeightedAverageExercisePriceAbstract_20" xlink:to="loc_MARAShareBasedCompensationArrangementByShareBasedPaymentAwardNonOptionsForfeituresAndExpirationsInPeriodWeightedAverageExercisePrice_20" xlink:type="arc" order="13" />
      <link:loc xlink:type="locator" xlink:href="mara-20140331.xsd#MARA_ShareBasedCompensationArrangementsByShareBasedPaymentAwardNonOptionsForfeituresInPeriodWeightedAverageExercisePrice" xlink:label="loc_MARAShareBasedCompensationArrangementsByShareBasedPaymentAwardNonOptionsForfeituresInPeriodWeightedAverageExercisePrice_20" />
      <link:definitionArc xlink:arcrole="http://xbrl.org/int/dim/arcrole/domain-member" xlink:from="loc_MARAWeightedAverageExercisePriceAbstract_20" xlink:to="loc_MARAShareBasedCompensationArrangementsByShareBasedPaymentAwardNonOptionsForfeituresInPeriodWeightedAverageExercisePrice_20" xlink:type="arc" order="14" />
      <link:loc xlink:type="locator" xlink:href="mara-20140331.xsd#MARA_ShareBasedCompensationArrangementsByShareBasedPaymentAwardNonOptionsExercisesInPeriodWeightedAverageExercisePrice" xlink:label="loc_MARAShareBasedCompensationArrangementsByShareBasedPaymentAwardNonOptionsExercisesInPeriodWeightedAverageExercisePrice_20" />
      <link:definitionArc xlink:arcrole="http://xbrl.org/int/dim/arcrole/domain-member" xlink:from="loc_MARAWeightedAverageExercisePriceAbstract_20" xlink:to="loc_MARAShareBasedCompensationArrangementsByShareBasedPaymentAwardNonOptionsExercisesInPeriodWeightedAverageExercisePrice_20" xlink:type="arc" order="15" />
      <link:loc xlink:type="locator" xlink:href="mara-20140331.xsd#MARA_ClassOfWarrantOrRightExercisePriceOfWarrantsOrRights1" xlink:label="loc_MARAClassOfWarrantOrRightExercisePriceOfWarrantsOrRights1_20" />
      <link:definitionArc xlink:arcrole="http://xbrl.org/int/dim/arcrole/domain-member" xlink:from="loc_MARAWeightedAverageExercisePriceAbstract_20" xlink:to="loc_MARAClassOfWarrantOrRightExercisePriceOfWarrantsOrRights1_20" xlink:type="arc" order="16" />
      <link:loc xlink:type="locator" xlink:href="mara-20140331.xsd#MARA_WarrantsVestedWeightedAverageExercisePrice" xlink:label="loc_MARAWarrantsVestedWeightedAverageExercisePrice_20" />
      <link:definitionArc xlink:arcrole="http://xbrl.org/int/dim/arcrole/domain-member" xlink:from="loc_MARAWeightedAverageExercisePriceAbstract_20" xlink:to="loc_MARAWarrantsVestedWeightedAverageExercisePrice_20" xlink:type="arc" order="17" />
      <link:loc xlink:type="locator" xlink:href="mara-20140331.xsd#MARA_WeightedAverageRemainingContractualLifeAbstract" xlink:label="loc_MARAWeightedAverageRemainingContractualLifeAbstract_20" />
      <link:definitionArc xlink:arcrole="http://xbrl.org/int/dim/arcrole/domain-member" xlink:from="loc_MARAStockWarrantActivityAbstract_20" xlink:to="loc_MARAWeightedAverageRemainingContractualLifeAbstract_20" xlink:type="arc" order="19" />
      <link:loc xlink:type="locator" xlink:href="mara-20140331.xsd#MARA_ShareBasedCompensationArrangementByShareBasedPaymentAwardEquityInstrumentsOtherThanOptionsOutstandingWeightedAverageRemainingContractualTerms1" xlink:label="loc_MARAShareBasedCompensationArrangementByShareBasedPaymentAwardEquityInstrumentsOtherThanOptionsOutstandingWeightedAverageRemainingContractualTerms1_20" />
      <link:definitionArc xlink:arcrole="http://xbrl.org/int/dim/arcrole/domain-member" xlink:from="loc_MARAWeightedAverageRemainingContractualLifeAbstract_20" xlink:to="loc_MARAShareBasedCompensationArrangementByShareBasedPaymentAwardEquityInstrumentsOtherThanOptionsOutstandingWeightedAverageRemainingContractualTerms1_20" xlink:type="arc" order="20" />
      <link:loc xlink:type="locator" xlink:href="mara-20140331.xsd#MARA_ShareBasedCompensationArrangementByShareBasedPaymentAwardNonOptionsGrantsWeightedAverageRemainingContractualTerms1" xlink:label="loc_MARAShareBasedCompensationArrangementByShareBasedPaymentAwardNonOptionsGrantsWeightedAverageRemainingContractualTerms1_20" />
      <link:definitionArc xlink:arcrole="http://xbrl.org/int/dim/arcrole/domain-member" xlink:from="loc_MARAWeightedAverageRemainingContractualLifeAbstract_20" xlink:to="loc_MARAShareBasedCompensationArrangementByShareBasedPaymentAwardNonOptionsGrantsWeightedAverageRemainingContractualTerms1_20" xlink:type="arc" order="21" />
      <link:loc xlink:type="locator" xlink:href="mara-20140331.xsd#MARA_ShareBasedCompensationArrangementByShareBasedPaymentAwardNonOptionsForfeituresWeightedAverageRemainingContractualTerms1" xlink:label="loc_MARAShareBasedCompensationArrangementByShareBasedPaymentAwardNonOptionsForfeituresWeightedAverageRemainingContractualTerms1_20" />
      <link:definitionArc xlink:arcrole="http://xbrl.org/int/dim/arcrole/domain-member" xlink:from="loc_MARAWeightedAverageRemainingContractualLifeAbstract_20" xlink:to="loc_MARAShareBasedCompensationArrangementByShareBasedPaymentAwardNonOptionsForfeituresWeightedAverageRemainingContractualTerms1_20" xlink:type="arc" order="22" />
      <link:loc xlink:type="locator" xlink:href="http://xbrl.fasb.org/us-gaap/2013/elts/us-gaap-2013-01-31.xsd#us-gaap_ShareBasedCompensationArrangementByShareBasedPaymentAwardEquityInstrumentsOtherThanOptionsGrantsInPeriodWeightedAverageGrantDateFairValue" xlink:label="loc_us-gaapShareBasedCompensationArrangementByShareBasedPaymentAwardEquityInstrumentsOtherThanOptionsGrantsInPeriodWeightedAverageGrantDateFairValue_20" />
      <link:definitionArc xlink:arcrole="http://xbrl.org/int/dim/arcrole/domain-member" xlink:from="loc_us-gaapStatementLineItems" xlink:to="loc_us-gaapShareBasedCompensationArrangementByShareBasedPaymentAwardEquityInstrumentsOtherThanOptionsGrantsInPeriodWeightedAverageGrantDateFairValue_20" xlink:type="arc" order="26" />
    </link:definitionLink>
    <link:definitionLink xlink:type="extended" xlink:role="http://marathonpg.com/role/StockholdersEquity-ScheduleOfOutstandingOptionsDetails" xlink:title="00000029 - Disclosure - STOCKHOLDERS' EQUITY - Schedule of Outstanding Options (Details)">
      <link:loc xlink:type="locator" xlink:href="http://xbrl.fasb.org/us-gaap/2013/elts/us-gaap-2013-01-31.xsd#us-gaap_StatementLineItems" xlink:label="loc_us-gaapStatementLineItems" />
      <link:loc xlink:type="locator" xlink:href="http://xbrl.fasb.org/us-gaap/2013/elts/us-gaap-2013-01-31.xsd#us-gaap_StatementTable" xlink:label="loc_us-gaapStatementTable" />
      <link:definitionArc xlink:arcrole="http://xbrl.org/int/dim/arcrole/all" xbrldt:contextElement="segment" xlink:from="loc_us-gaapStatementLineItems" xlink:to="loc_us-gaapStatementTable" xlink:type="arc" order="10" xbrldt:closed="true" />
      <link:loc xlink:type="locator" xlink:href="http://xbrl.fasb.org/us-gaap/2013/elts/us-gaap-2013-01-31.xsd#us-gaap_AwardTypeAxis" xlink:label="loc_us-gaapAwardTypeAxis" />
      <link:definitionArc xlink:arcrole="http://xbrl.org/int/dim/arcrole/hypercube-dimension" xlink:from="loc_us-gaapStatementTable" xlink:to="loc_us-gaapAwardTypeAxis" xlink:type="arc" order="1" />
      <link:loc xlink:type="locator" xlink:href="http://xbrl.fasb.org/us-gaap/2013/elts/us-gaap-2013-01-31.xsd#us-gaap_ShareBasedCompensationArrangementsByShareBasedPaymentAwardAwardTypeAndPlanNameDomain" xlink:label="loc_us-gaapShareBasedCompensationArrangementsByShareBasedPaymentAwardAwardTypeAndPlanNameDomain" />
      <link:definitionArc xlink:arcrole="http://xbrl.org/int/dim/arcrole/dimension-domain" xlink:from="loc_us-gaapAwardTypeAxis" xlink:to="loc_us-gaapShareBasedCompensationArrangementsByShareBasedPaymentAwardAwardTypeAndPlanNameDomain" xlink:type="arc" order="20" />
      <link:loc xlink:type="locator" xlink:href="http://xbrl.fasb.org/us-gaap/2013/elts/us-gaap-2013-01-31.xsd#us-gaap_ShareBasedCompensationArrangementsByShareBasedPaymentAwardAwardTypeAndPlanNameDomain" xlink:label="loc_us-gaapShareBasedCompensationArrangementsByShareBasedPaymentAwardAwardTypeAndPlanNameDomain_10" />
      <link:definitionArc xlink:arcrole="http://xbrl.org/int/dim/arcrole/dimension-default" xbrldt:contextElement="segment" xlink:from="loc_us-gaapAwardTypeAxis" xlink:to="loc_us-gaapShareBasedCompensationArrangementsByShareBasedPaymentAwardAwardTypeAndPlanNameDomain_10" xlink:type="arc" order="30" />
      <link:loc xlink:type="locator" xlink:href="http://xbrl.fasb.org/us-gaap/2013/elts/us-gaap-2013-01-31.xsd#us-gaap_StockOptionMember" xlink:label="loc_us-gaapStockOptionMember_0" />
      <link:definitionArc xlink:arcrole="http://xbrl.org/int/dim/arcrole/domain-member" xlink:from="loc_us-gaapShareBasedCompensationArrangementsByShareBasedPaymentAwardAwardTypeAndPlanNameDomain" xlink:to="loc_us-gaapStockOptionMember_0" xlink:type="arc" order="1" />
      <link:loc xlink:type="locator" xlink:href="mara-20140331.xsd#MARA_SharebasedCompensationActivityAbstract" xlink:label="loc_MARASharebasedCompensationActivityAbstract_20" />
      <link:definitionArc xlink:arcrole="http://xbrl.org/int/dim/arcrole/domain-member" xlink:from="loc_us-gaapStatementLineItems" xlink:to="loc_MARASharebasedCompensationActivityAbstract_20" xlink:type="arc" order="0" />
      <link:loc xlink:type="locator" xlink:href="mara-20140331.xsd#MARA_NumberOptionsAbstract" xlink:label="loc_MARANumberOptionsAbstract_20" />
      <link:definitionArc xlink:arcrole="http://xbrl.org/int/dim/arcrole/domain-member" xlink:from="loc_MARASharebasedCompensationActivityAbstract_20" xlink:to="loc_MARANumberOptionsAbstract_20" xlink:type="arc" order="1" />
      <link:loc xlink:type="locator" xlink:href="http://xbrl.fasb.org/us-gaap/2013/elts/us-gaap-2013-01-31.xsd#us-gaap_ShareBasedCompensationArrangementByShareBasedPaymentAwardOptionsOutstandingNumber" xlink:label="loc_us-gaapShareBasedCompensationArrangementByShareBasedPaymentAwardOptionsOutstandingNumber_20" />
      <link:definitionArc xlink:arcrole="http://xbrl.org/int/dim/arcrole/domain-member" xlink:from="loc_MARANumberOptionsAbstract_20" xlink:to="loc_us-gaapShareBasedCompensationArrangementByShareBasedPaymentAwardOptionsOutstandingNumber_20" xlink:type="arc" order="2" />
      <link:loc xlink:type="locator" xlink:href="http://xbrl.fasb.org/us-gaap/2013/elts/us-gaap-2013-01-31.xsd#us-gaap_ShareBasedCompensationArrangementByShareBasedPaymentAwardOptionsGrantsInPeriodGross" xlink:label="loc_us-gaapShareBasedCompensationArrangementByShareBasedPaymentAwardOptionsGrantsInPeriodGross_20" />
      <link:definitionArc xlink:arcrole="http://xbrl.org/int/dim/arcrole/domain-member" xlink:from="loc_MARANumberOptionsAbstract_20" xlink:to="loc_us-gaapShareBasedCompensationArrangementByShareBasedPaymentAwardOptionsGrantsInPeriodGross_20" xlink:type="arc" order="3" />
      <link:loc xlink:type="locator" xlink:href="http://xbrl.fasb.org/us-gaap/2013/elts/us-gaap-2013-01-31.xsd#us-gaap_StockIssuedDuringPeriodSharesStockOptionsExercised" xlink:label="loc_us-gaapStockIssuedDuringPeriodSharesStockOptionsExercised_20" />
      <link:definitionArc xlink:arcrole="http://xbrl.org/int/dim/arcrole/domain-member" xlink:from="loc_MARANumberOptionsAbstract_20" xlink:to="loc_us-gaapStockIssuedDuringPeriodSharesStockOptionsExercised_20" xlink:type="arc" order="4" />
      <link:loc xlink:type="locator" xlink:href="http://xbrl.fasb.org/us-gaap/2013/elts/us-gaap-2013-01-31.xsd#us-gaap_ShareBasedCompensationArrangementByShareBasedPaymentAwardOptionsForfeituresInPeriod" xlink:label="loc_us-gaapShareBasedCompensationArrangementByShareBasedPaymentAwardOptionsForfeituresInPeriod_20" />
      <link:definitionArc xlink:arcrole="http://xbrl.org/int/dim/arcrole/domain-member" xlink:from="loc_MARANumberOptionsAbstract_20" xlink:to="loc_us-gaapShareBasedCompensationArrangementByShareBasedPaymentAwardOptionsForfeituresInPeriod_20" xlink:type="arc" order="5" />
      <link:loc xlink:type="locator" xlink:href="http://xbrl.fasb.org/us-gaap/2013/elts/us-gaap-2013-01-31.xsd#us-gaap_ShareBasedCompensationArrangementByShareBasedPaymentAwardOptionsForfeituresAndExpirationsInPeriod" xlink:label="loc_us-gaapShareBasedCompensationArrangementByShareBasedPaymentAwardOptionsForfeituresAndExpirationsInPeriod_20" />
      <link:definitionArc xlink:arcrole="http://xbrl.org/int/dim/arcrole/domain-member" xlink:from="loc_MARANumberOptionsAbstract_20" xlink:to="loc_us-gaapShareBasedCompensationArrangementByShareBasedPaymentAwardOptionsForfeituresAndExpirationsInPeriod_20" xlink:type="arc" order="6" />
      <link:loc xlink:type="locator" xlink:href="http://xbrl.fasb.org/us-gaap/2013/elts/us-gaap-2013-01-31.xsd#us-gaap_ShareBasedCompensationArrangementByShareBasedPaymentAwardOptionsExercisableNumber" xlink:label="loc_us-gaapShareBasedCompensationArrangementByShareBasedPaymentAwardOptionsExercisableNumber_20" />
      <link:definitionArc xlink:arcrole="http://xbrl.org/int/dim/arcrole/domain-member" xlink:from="loc_MARANumberOptionsAbstract_20" xlink:to="loc_us-gaapShareBasedCompensationArrangementByShareBasedPaymentAwardOptionsExercisableNumber_20" xlink:type="arc" order="8" />
      <link:loc xlink:type="locator" xlink:href="mara-20140331.xsd#MARA_ShareBasedCompensationArrangementByShareBasedPaymentAwardOptionsExpectedToVestOutstandingNumber" xlink:label="loc_MARAShareBasedCompensationArrangementByShareBasedPaymentAwardOptionsExpectedToVestOutstandingNumber_20" />
      <link:definitionArc xlink:arcrole="http://xbrl.org/int/dim/arcrole/domain-member" xlink:from="loc_MARANumberOptionsAbstract_20" xlink:to="loc_MARAShareBasedCompensationArrangementByShareBasedPaymentAwardOptionsExpectedToVestOutstandingNumber_20" xlink:type="arc" order="9" />
      <link:loc xlink:type="locator" xlink:href="mara-20140331.xsd#MARA_WeightedAverageExercisePriceAbstract" xlink:label="loc_MARAWeightedAverageExercisePriceAbstract_20" />
      <link:definitionArc xlink:arcrole="http://xbrl.org/int/dim/arcrole/domain-member" xlink:from="loc_MARASharebasedCompensationActivityAbstract_20" xlink:to="loc_MARAWeightedAverageExercisePriceAbstract_20" xlink:type="arc" order="11" />
      <link:loc xlink:type="locator" xlink:href="http://xbrl.fasb.org/us-gaap/2013/elts/us-gaap-2013-01-31.xsd#us-gaap_ShareBasedCompensationArrangementByShareBasedPaymentAwardOptionsOutstandingWeightedAverageExercisePrice" xlink:label="loc_us-gaapShareBasedCompensationArrangementByShareBasedPaymentAwardOptionsOutstandingWeightedAverageExercisePrice_20" />
      <link:definitionArc xlink:arcrole="http://xbrl.org/int/dim/arcrole/domain-member" xlink:from="loc_MARAWeightedAverageExercisePriceAbstract_20" xlink:to="loc_us-gaapShareBasedCompensationArrangementByShareBasedPaymentAwardOptionsOutstandingWeightedAverageExercisePrice_20" xlink:type="arc" order="12" />
      <link:loc xlink:type="locator" xlink:href="http://xbrl.fasb.org/us-gaap/2013/elts/us-gaap-2013-01-31.xsd#us-gaap_ShareBasedCompensationArrangementsByShareBasedPaymentAwardOptionsGrantsInPeriodWeightedAverageExercisePrice" xlink:label="loc_us-gaapShareBasedCompensationArrangementsByShareBasedPaymentAwardOptionsGrantsInPeriodWeightedAverageExercisePrice_20" />
      <link:definitionArc xlink:arcrole="http://xbrl.org/int/dim/arcrole/domain-member" xlink:from="loc_MARAWeightedAverageExercisePriceAbstract_20" xlink:to="loc_us-gaapShareBasedCompensationArrangementsByShareBasedPaymentAwardOptionsGrantsInPeriodWeightedAverageExercisePrice_20" xlink:type="arc" order="13" />
      <link:loc xlink:type="locator" xlink:href="http://xbrl.fasb.org/us-gaap/2013/elts/us-gaap-2013-01-31.xsd#us-gaap_ShareBasedCompensationArrangementsByShareBasedPaymentAwardOptionsExercisesInPeriodWeightedAverageExercisePrice" xlink:label="loc_us-gaapShareBasedCompensationArrangementsByShareBasedPaymentAwardOptionsExercisesInPeriodWeightedAverageExercisePrice_20" />
      <link:definitionArc xlink:arcrole="http://xbrl.org/int/dim/arcrole/domain-member" xlink:from="loc_MARAWeightedAverageExercisePriceAbstract_20" xlink:to="loc_us-gaapShareBasedCompensationArrangementsByShareBasedPaymentAwardOptionsExercisesInPeriodWeightedAverageExercisePrice_20" xlink:type="arc" order="14" />
      <link:loc xlink:type="locator" xlink:href="http://xbrl.fasb.org/us-gaap/2013/elts/us-gaap-2013-01-31.xsd#us-gaap_ShareBasedCompensationArrangementsByShareBasedPaymentAwardOptionsForfeituresInPeriodWeightedAverageExercisePrice" xlink:label="loc_us-gaapShareBasedCompensationArrangementsByShareBasedPaymentAwardOptionsForfeituresInPeriodWeightedAverageExercisePrice_20" />
      <link:definitionArc xlink:arcrole="http://xbrl.org/int/dim/arcrole/domain-member" xlink:from="loc_MARAWeightedAverageExercisePriceAbstract_20" xlink:to="loc_us-gaapShareBasedCompensationArrangementsByShareBasedPaymentAwardOptionsForfeituresInPeriodWeightedAverageExercisePrice_20" xlink:type="arc" order="15" />
      <link:loc xlink:type="locator" xlink:href="http://xbrl.fasb.org/us-gaap/2013/elts/us-gaap-2013-01-31.xsd#us-gaap_ShareBasedCompensationArrangementByShareBasedPaymentAwardOptionsForfeituresAndExpirationsInPeriodWeightedAverageExercisePrice" xlink:label="loc_us-gaapShareBasedCompensationArrangementByShareBasedPaymentAwardOptionsForfeituresAndExpirationsInPeriodWeightedAverageExercisePrice_20" />
      <link:definitionArc xlink:arcrole="http://xbrl.org/int/dim/arcrole/domain-member" xlink:from="loc_MARAWeightedAverageExercisePriceAbstract_20" xlink:to="loc_us-gaapShareBasedCompensationArrangementByShareBasedPaymentAwardOptionsForfeituresAndExpirationsInPeriodWeightedAverageExercisePrice_20" xlink:type="arc" order="16" />
      <link:loc xlink:type="locator" xlink:href="http://xbrl.fasb.org/us-gaap/2013/elts/us-gaap-2013-01-31.xsd#us-gaap_ShareBasedCompensationArrangementByShareBasedPaymentAwardOptionsVestedAndExpectedToVestOutstandingWeightedAverageExercisePrice" xlink:label="loc_us-gaapShareBasedCompensationArrangementByShareBasedPaymentAwardOptionsVestedAndExpectedToVestOutstandingWeightedAverageExercisePrice_20" />
      <link:definitionArc xlink:arcrole="http://xbrl.org/int/dim/arcrole/domain-member" xlink:from="loc_MARAWeightedAverageExercisePriceAbstract_20" xlink:to="loc_us-gaapShareBasedCompensationArrangementByShareBasedPaymentAwardOptionsVestedAndExpectedToVestOutstandingWeightedAverageExercisePrice_20" xlink:type="arc" order="18" />
      <link:loc xlink:type="locator" xlink:href="mara-20140331.xsd#MARA_WeightedAverageRemainingContractualLifeAbstract" xlink:label="loc_MARAWeightedAverageRemainingContractualLifeAbstract_20" />
      <link:definitionArc xlink:arcrole="http://xbrl.org/int/dim/arcrole/domain-member" xlink:from="loc_MARASharebasedCompensationActivityAbstract_20" xlink:to="loc_MARAWeightedAverageRemainingContractualLifeAbstract_20" xlink:type="arc" order="20" />
      <link:loc xlink:type="locator" xlink:href="mara-20140331.xsd#MARA_ShareBasedCompensationArrangementByShareBasedPaymentAwardOptionsOutstandingWeightedAverageRemainingContractualTerms1" xlink:label="loc_MARAShareBasedCompensationArrangementByShareBasedPaymentAwardOptionsOutstandingWeightedAverageRemainingContractualTerms1_20" />
      <link:definitionArc xlink:arcrole="http://xbrl.org/int/dim/arcrole/domain-member" xlink:from="loc_MARAWeightedAverageRemainingContractualLifeAbstract_20" xlink:to="loc_MARAShareBasedCompensationArrangementByShareBasedPaymentAwardOptionsOutstandingWeightedAverageRemainingContractualTerms1_20" xlink:type="arc" order="21" />
      <link:loc xlink:type="locator" xlink:href="mara-20140331.xsd#MARA_ShareBasedCompensationArrangementByShareBasedPaymentAwardOptionsGrantsWeightedAverageRemainingContractualTerms1" xlink:label="loc_MARAShareBasedCompensationArrangementByShareBasedPaymentAwardOptionsGrantsWeightedAverageRemainingContractualTerms1_20" />
      <link:definitionArc xlink:arcrole="http://xbrl.org/int/dim/arcrole/domain-member" xlink:from="loc_MARAWeightedAverageRemainingContractualLifeAbstract_20" xlink:to="loc_MARAShareBasedCompensationArrangementByShareBasedPaymentAwardOptionsGrantsWeightedAverageRemainingContractualTerms1_20" xlink:type="arc" order="22" />
      <link:loc xlink:type="locator" xlink:href="mara-20140331.xsd#MARA_ShareBasedCompensationArrangementByShareBasedPaymentAwardOptionsCancellationsWeightedAverageRemainingContractualTerms1" xlink:label="loc_MARAShareBasedCompensationArrangementByShareBasedPaymentAwardOptionsCancellationsWeightedAverageRemainingContractualTerms1_20" />
      <link:definitionArc xlink:arcrole="http://xbrl.org/int/dim/arcrole/domain-member" xlink:from="loc_MARAWeightedAverageRemainingContractualLifeAbstract_20" xlink:to="loc_MARAShareBasedCompensationArrangementByShareBasedPaymentAwardOptionsCancellationsWeightedAverageRemainingContractualTerms1_20" xlink:type="arc" order="23" />
      <link:loc xlink:type="locator" xlink:href="http://xbrl.fasb.org/us-gaap/2013/elts/us-gaap-2013-01-31.xsd#us-gaap_ShareBasedCompensationArrangementByShareBasedPaymentAwardOptionsGrantsInPeriodWeightedAverageGrantDateFairValue" xlink:label="loc_us-gaapShareBasedCompensationArrangementByShareBasedPaymentAwardOptionsGrantsInPeriodWeightedAverageGrantDateFairValue_20" />
      <link:definitionArc xlink:arcrole="http://xbrl.org/int/dim/arcrole/domain-member" xlink:from="loc_MARASharebasedCompensationActivityAbstract_20" xlink:to="loc_us-gaapShareBasedCompensationArrangementByShareBasedPaymentAwardOptionsGrantsInPeriodWeightedAverageGrantDateFairValue_20" xlink:type="arc" order="26" />
    </link:definitionLink>
    <link:definitionLink xlink:type="extended" xlink:role="http://marathonpg.com/role/CommitmentsAndContingencies-CommitmentsAndContingenciesDetails" xlink:title="00000030 - Disclosure - COMMITMENTS AND CONTINGENCIES - Schedule of Future Lease Payments (Details)" />
    <link:definitionLink xlink:type="extended" xlink:role="http://marathonpg.com/role/OrganizationAndDescriptionOfBusinessDetailsNarrative" xlink:title="00000031 - Disclosure - ORGANIZATION AND DESCRIPTION OF BUSINESS (Details Narrative)" />
    <link:definitionLink xlink:type="extended" xlink:role="http://marathonpg.com/role/SummaryOfSignificantAccountingPoliciesDetailsNarrative" xlink:title="00000032 - Disclosure - SUMMARY OF SIGNIFICANT ACCOUNTING POLICIES (Details Narrative)" />
    <link:definitionLink xlink:type="extended" xlink:role="http://marathonpg.com/role/AcquisitionDetailsNarrative" xlink:title="00000033 - Disclosure - ACQUISITION (Details Narrative)">
      <link:loc xlink:type="locator" xlink:href="http://xbrl.fasb.org/us-gaap/2013/elts/us-gaap-2013-01-31.xsd#us-gaap_StatementLineItems" xlink:label="loc_us-gaapStatementLineItems" />
      <link:loc xlink:type="locator" xlink:href="http://xbrl.fasb.org/us-gaap/2013/elts/us-gaap-2013-01-31.xsd#us-gaap_StatementTable" xlink:label="loc_us-gaapStatementTable" />
      <link:definitionArc xlink:arcrole="http://xbrl.org/int/dim/arcrole/all" xbrldt:contextElement="segment" xlink:from="loc_us-gaapStatementLineItems" xlink:to="loc_us-gaapStatementTable" xlink:type="arc" order="10" xbrldt:closed="true" />
      <link:loc xlink:type="locator" xlink:href="http://xbrl.fasb.org/us-gaap/2013/elts/us-gaap-2013-01-31.xsd#us-gaap_BusinessAcquisitionAxis" xlink:label="loc_us-gaapBusinessAcquisitionAxis" />
      <link:definitionArc xlink:arcrole="http://xbrl.org/int/dim/arcrole/hypercube-dimension" xlink:from="loc_us-gaapStatementTable" xlink:to="loc_us-gaapBusinessAcquisitionAxis" xlink:type="arc" order="1" />
      <link:loc xlink:type="locator" xlink:href="http://xbrl.fasb.org/us-gaap/2013/elts/us-gaap-2013-01-31.xsd#us-gaap_BusinessAcquisitionAcquireeDomain" xlink:label="loc_us-gaapBusinessAcquisitionAcquireeDomain" />
      <link:definitionArc xlink:arcrole="http://xbrl.org/int/dim/arcrole/dimension-domain" xlink:from="loc_us-gaapBusinessAcquisitionAxis" xlink:to="loc_us-gaapBusinessAcquisitionAcquireeDomain" xlink:type="arc" order="20" />
      <link:loc xlink:type="locator" xlink:href="http://xbrl.fasb.org/us-gaap/2013/elts/us-gaap-2013-01-31.xsd#us-gaap_BusinessAcquisitionAcquireeDomain" xlink:label="loc_us-gaapBusinessAcquisitionAcquireeDomain_10" />
      <link:definitionArc xlink:arcrole="http://xbrl.org/int/dim/arcrole/dimension-default" xbrldt:contextElement="segment" xlink:from="loc_us-gaapBusinessAcquisitionAxis" xlink:to="loc_us-gaapBusinessAcquisitionAcquireeDomain_10" xlink:type="arc" order="30" />
      <link:loc xlink:type="locator" xlink:href="http://xbrl.fasb.org/us-gaap/2013/elts/us-gaap-2013-01-31.xsd#us-gaap_SubsidiariesMember" xlink:label="loc_us-gaapSubsidiariesMember_0" />
      <link:definitionArc xlink:arcrole="http://xbrl.org/int/dim/arcrole/domain-member" xlink:from="loc_us-gaapBusinessAcquisitionAcquireeDomain" xlink:to="loc_us-gaapSubsidiariesMember_0" xlink:type="arc" order="1" />
      <link:loc xlink:type="locator" xlink:href="http://xbrl.fasb.org/us-gaap/2013/elts/us-gaap-2013-01-31.xsd#us-gaap_BusinessAcquisitionPercentageOfVotingInterestsAcquired" xlink:label="loc_us-gaapBusinessAcquisitionPercentageOfVotingInterestsAcquired_30" />
      <link:definitionArc xlink:arcrole="http://xbrl.org/int/dim/arcrole/domain-member" xlink:from="loc_us-gaapStatementLineItems" xlink:to="loc_us-gaapBusinessAcquisitionPercentageOfVotingInterestsAcquired_30" xlink:type="arc" order="1" />
      <link:loc xlink:type="locator" xlink:href="mara-20140331.xsd#MARA_NumberOfPatentsAcquired" xlink:label="loc_MARANumberOfPatentsAcquired_30" />
      <link:definitionArc xlink:arcrole="http://xbrl.org/int/dim/arcrole/domain-member" xlink:from="loc_us-gaapStatementLineItems" xlink:to="loc_MARANumberOfPatentsAcquired_30" xlink:type="arc" order="2" />
      <link:loc xlink:type="locator" xlink:href="http://xbrl.fasb.org/us-gaap/2013/elts/us-gaap-2013-01-31.xsd#us-gaap_PaymentsToAcquireBusinessesGross" xlink:label="loc_us-gaapPaymentsToAcquireBusinessesGross_30" />
      <link:definitionArc xlink:arcrole="http://xbrl.org/int/dim/arcrole/domain-member" xlink:from="loc_us-gaapStatementLineItems" xlink:to="loc_us-gaapPaymentsToAcquireBusinessesGross_30" xlink:type="arc" order="3" />
      <link:loc xlink:type="locator" xlink:href="http://xbrl.fasb.org/us-gaap/2013/elts/us-gaap-2013-01-31.xsd#us-gaap_DebtInstrumentFeeAmount" xlink:label="loc_us-gaapDebtInstrumentFeeAmount_30" />
      <link:definitionArc xlink:arcrole="http://xbrl.org/int/dim/arcrole/domain-member" xlink:from="loc_us-gaapStatementLineItems" xlink:to="loc_us-gaapDebtInstrumentFeeAmount_30" xlink:type="arc" order="4" />
      <link:loc xlink:type="locator" xlink:href="mara-20140331.xsd#MARA_StockIssuedDuringPeriodValueAcquisitions2" xlink:label="loc_MARAStockIssuedDuringPeriodValueAcquisitions2_30" />
      <link:definitionArc xlink:arcrole="http://xbrl.org/int/dim/arcrole/domain-member" xlink:from="loc_us-gaapStatementLineItems" xlink:to="loc_MARAStockIssuedDuringPeriodValueAcquisitions2_30" xlink:type="arc" order="5" />
      <link:loc xlink:type="locator" xlink:href="mara-20140331.xsd#MARA_StockIssuedDuringPeriodValueAcquisitions3" xlink:label="loc_MARAStockIssuedDuringPeriodValueAcquisitions3_30" />
      <link:definitionArc xlink:arcrole="http://xbrl.org/int/dim/arcrole/domain-member" xlink:from="loc_us-gaapStatementLineItems" xlink:to="loc_MARAStockIssuedDuringPeriodValueAcquisitions3_30" xlink:type="arc" order="6" />
      <link:loc xlink:type="locator" xlink:href="mara-20140331.xsd#MARA_SaleOfStockPricePerSharePreSplit" xlink:label="loc_MARASaleOfStockPricePerSharePreSplit_30" />
      <link:definitionArc xlink:arcrole="http://xbrl.org/int/dim/arcrole/domain-member" xlink:from="loc_us-gaapStatementLineItems" xlink:to="loc_MARASaleOfStockPricePerSharePreSplit_30" xlink:type="arc" order="7" />
      <link:loc xlink:type="locator" xlink:href="mara-20140331.xsd#MARA_SaleOfStockPricePerSharePostSplit" xlink:label="loc_MARASaleOfStockPricePerSharePostSplit_30" />
      <link:definitionArc xlink:arcrole="http://xbrl.org/int/dim/arcrole/domain-member" xlink:from="loc_us-gaapStatementLineItems" xlink:to="loc_MARASaleOfStockPricePerSharePostSplit_30" xlink:type="arc" order="8" />
      <link:loc xlink:type="locator" xlink:href="http://xbrl.fasb.org/us-gaap/2013/elts/us-gaap-2013-01-31.xsd#us-gaap_PaymentsToAcquireProductiveAssets" xlink:label="loc_us-gaapPaymentsToAcquireProductiveAssets_30" />
      <link:definitionArc xlink:arcrole="http://xbrl.org/int/dim/arcrole/domain-member" xlink:from="loc_us-gaapStatementLineItems" xlink:to="loc_us-gaapPaymentsToAcquireProductiveAssets_30" xlink:type="arc" order="9" />
      <link:loc xlink:type="locator" xlink:href="http://xbrl.fasb.org/us-gaap/2013/elts/us-gaap-2013-01-31.xsd#us-gaap_RepaymentsOfNotesPayable" xlink:label="loc_us-gaapRepaymentsOfNotesPayable_30" />
      <link:definitionArc xlink:arcrole="http://xbrl.org/int/dim/arcrole/domain-member" xlink:from="loc_us-gaapStatementLineItems" xlink:to="loc_us-gaapRepaymentsOfNotesPayable_30" xlink:type="arc" order="10" />
    </link:definitionLink>
    <link:definitionLink xlink:type="extended" xlink:role="http://marathonpg.com/role/IntangibleAssetsDetailsNarrative" xlink:title="00000034 - Disclosure - INTANGIBLE ASSETS (Details Narrative)">
      <link:loc xlink:type="locator" xlink:href="http://xbrl.fasb.org/us-gaap/2013/elts/us-gaap-2013-01-31.xsd#us-gaap_StatementLineItems" xlink:label="loc_us-gaapStatementLineItems" />
      <link:loc xlink:type="locator" xlink:href="http://xbrl.fasb.org/us-gaap/2013/elts/us-gaap-2013-01-31.xsd#us-gaap_StatementTable" xlink:label="loc_us-gaapStatementTable" />
      <link:definitionArc xlink:arcrole="http://xbrl.org/int/dim/arcrole/all" xbrldt:contextElement="segment" xlink:from="loc_us-gaapStatementLineItems" xlink:to="loc_us-gaapStatementTable" xlink:type="arc" order="10" xbrldt:closed="true" />
      <link:loc xlink:type="locator" xlink:href="http://xbrl.fasb.org/us-gaap/2013/elts/us-gaap-2013-01-31.xsd#us-gaap_FiniteLivedIntangibleAssetsByMajorClassAxis" xlink:label="loc_us-gaapFiniteLivedIntangibleAssetsByMajorClassAxis" />
      <link:definitionArc xlink:arcrole="http://xbrl.org/int/dim/arcrole/hypercube-dimension" xlink:from="loc_us-gaapStatementTable" xlink:to="loc_us-gaapFiniteLivedIntangibleAssetsByMajorClassAxis" xlink:type="arc" order="1" />
      <link:loc xlink:type="locator" xlink:href="http://xbrl.fasb.org/us-gaap/2013/elts/us-gaap-2013-01-31.xsd#us-gaap_ScenarioUnspecifiedDomain" xlink:label="loc_us-gaapScenarioUnspecifiedDomain" />
      <link:definitionArc xlink:arcrole="http://xbrl.org/int/dim/arcrole/dimension-domain" xlink:from="loc_us-gaapFiniteLivedIntangibleAssetsByMajorClassAxis" xlink:to="loc_us-gaapScenarioUnspecifiedDomain" xlink:type="arc" order="20" />
      <link:loc xlink:type="locator" xlink:href="http://xbrl.fasb.org/us-gaap/2013/elts/us-gaap-2013-01-31.xsd#us-gaap_ScenarioUnspecifiedDomain" xlink:label="loc_us-gaapScenarioUnspecifiedDomain_10" />
      <link:definitionArc xlink:arcrole="http://xbrl.org/int/dim/arcrole/dimension-default" xbrldt:contextElement="segment" xlink:from="loc_us-gaapFiniteLivedIntangibleAssetsByMajorClassAxis" xlink:to="loc_us-gaapScenarioUnspecifiedDomain_10" xlink:type="arc" order="30" />
      <link:loc xlink:type="locator" xlink:href="http://xbrl.fasb.org/us-gaap/2013/elts/us-gaap-2013-01-31.xsd#us-gaap_PatentsMember" xlink:label="loc_us-gaapPatentsMember_20" />
      <link:definitionArc xlink:arcrole="http://xbrl.org/int/dim/arcrole/domain-member" xlink:from="loc_us-gaapScenarioUnspecifiedDomain" xlink:to="loc_us-gaapPatentsMember_20" xlink:type="arc" order="21" />
      <link:loc xlink:type="locator" xlink:href="http://xbrl.fasb.org/us-gaap/2013/elts/us-gaap-2013-01-31.xsd#us-gaap_AmortizationOfIntangibleAssets" xlink:label="loc_us-gaapAmortizationOfIntangibleAssets_90" />
      <link:definitionArc xlink:arcrole="http://xbrl.org/int/dim/arcrole/domain-member" xlink:from="loc_us-gaapStatementLineItems" xlink:to="loc_us-gaapAmortizationOfIntangibleAssets_90" xlink:type="arc" order="1" />
      <link:loc xlink:type="locator" xlink:href="http://xbrl.fasb.org/us-gaap/2013/elts/us-gaap-2013-01-31.xsd#us-gaap_IndefinitelivedIntangibleAssetsAcquired" xlink:label="loc_us-gaapIndefinitelivedIntangibleAssetsAcquired_90" />
      <link:definitionArc xlink:arcrole="http://xbrl.org/int/dim/arcrole/domain-member" xlink:from="loc_us-gaapStatementLineItems" xlink:to="loc_us-gaapIndefinitelivedIntangibleAssetsAcquired_90" xlink:type="arc" order="2" />
      <link:loc xlink:type="locator" xlink:href="mara-20140331.xsd#MARA_NumberOfPatentsAcquired" xlink:label="loc_MARANumberOfPatentsAcquired_90" />
      <link:definitionArc xlink:arcrole="http://xbrl.org/int/dim/arcrole/domain-member" xlink:from="loc_us-gaapStatementLineItems" xlink:to="loc_MARANumberOfPatentsAcquired_90" xlink:type="arc" order="3" />
      <link:loc xlink:type="locator" xlink:href="mara-20140331.xsd#MARA_PatentValuation" xlink:label="loc_MARAPatentValuation_90" />
      <link:definitionArc xlink:arcrole="http://xbrl.org/int/dim/arcrole/domain-member" xlink:from="loc_us-gaapStatementLineItems" xlink:to="loc_MARAPatentValuation_90" xlink:type="arc" order="4" />
    </link:definitionLink>
    <link:definitionLink xlink:type="extended" xlink:role="http://marathonpg.com/role/StockholdersEquityDetailsNarrative" xlink:title="00000035 - Disclosure - STOCKHOLDERS' EQUITY (Details Narrative)">
      <link:loc xlink:type="locator" xlink:href="http://xbrl.fasb.org/us-gaap/2013/elts/us-gaap-2013-01-31.xsd#us-gaap_StatementLineItems" xlink:label="loc_us-gaapStatementLineItems" />
      <link:loc xlink:type="locator" xlink:href="http://xbrl.fasb.org/us-gaap/2013/elts/us-gaap-2013-01-31.xsd#us-gaap_StatementTable" xlink:label="loc_us-gaapStatementTable" />
      <link:definitionArc xlink:arcrole="http://xbrl.org/int/dim/arcrole/all" xbrldt:contextElement="segment" xlink:from="loc_us-gaapStatementLineItems" xlink:to="loc_us-gaapStatementTable" xlink:type="arc" order="10" xbrldt:closed="true" />
      <link:loc xlink:type="locator" xlink:href="http://xbrl.fasb.org/us-gaap/2013/elts/us-gaap-2013-01-31.xsd#us-gaap_EquityInterestIssuedOrIssuableByTypeAxis" xlink:label="loc_us-gaapEquityInterestIssuedOrIssuableByTypeAxis" />
      <link:definitionArc xlink:arcrole="http://xbrl.org/int/dim/arcrole/hypercube-dimension" xlink:from="loc_us-gaapStatementTable" xlink:to="loc_us-gaapEquityInterestIssuedOrIssuableByTypeAxis" xlink:type="arc" order="1" />
      <link:loc xlink:type="locator" xlink:href="http://xbrl.fasb.org/us-gaap/2013/elts/us-gaap-2013-01-31.xsd#us-gaap_EquityInterestIssuedOrIssuableTypeDomain" xlink:label="loc_us-gaapEquityInterestIssuedOrIssuableTypeDomain" />
      <link:definitionArc xlink:arcrole="http://xbrl.org/int/dim/arcrole/dimension-domain" xlink:from="loc_us-gaapEquityInterestIssuedOrIssuableByTypeAxis" xlink:to="loc_us-gaapEquityInterestIssuedOrIssuableTypeDomain" xlink:type="arc" order="20" />
      <link:loc xlink:type="locator" xlink:href="http://xbrl.fasb.org/us-gaap/2013/elts/us-gaap-2013-01-31.xsd#us-gaap_EquityInterestIssuedOrIssuableTypeDomain" xlink:label="loc_us-gaapEquityInterestIssuedOrIssuableTypeDomain_10" />
      <link:definitionArc xlink:arcrole="http://xbrl.org/int/dim/arcrole/dimension-default" xbrldt:contextElement="segment" xlink:from="loc_us-gaapEquityInterestIssuedOrIssuableByTypeAxis" xlink:to="loc_us-gaapEquityInterestIssuedOrIssuableTypeDomain_10" xlink:type="arc" order="30" />
      <link:loc xlink:type="locator" xlink:href="http://xbrl.fasb.org/us-gaap/2013/elts/us-gaap-2013-01-31.xsd#us-gaap_OptionMember" xlink:label="loc_us-gaapOptionMember_30" />
      <link:definitionArc xlink:arcrole="http://xbrl.org/int/dim/arcrole/domain-member" xlink:from="loc_us-gaapEquityInterestIssuedOrIssuableTypeDomain" xlink:to="loc_us-gaapOptionMember_30" xlink:type="arc" order="31" />
      <link:loc xlink:type="locator" xlink:href="http://xbrl.fasb.org/us-gaap/2013/elts/us-gaap-2013-01-31.xsd#us-gaap_PartiesToContractualArrangementAxis" xlink:label="loc_us-gaapPartiesToContractualArrangementAxis" />
      <link:definitionArc xlink:arcrole="http://xbrl.org/int/dim/arcrole/hypercube-dimension" xlink:from="loc_us-gaapStatementTable" xlink:to="loc_us-gaapPartiesToContractualArrangementAxis" xlink:type="arc" order="2" />
      <link:loc xlink:type="locator" xlink:href="http://xbrl.fasb.org/us-gaap/2013/elts/us-gaap-2013-01-31.xsd#us-gaap_PartiesToContractualArrangementMember" xlink:label="loc_us-gaapPartiesToContractualArrangementMember" />
      <link:definitionArc xlink:arcrole="http://xbrl.org/int/dim/arcrole/dimension-domain" xlink:from="loc_us-gaapPartiesToContractualArrangementAxis" xlink:to="loc_us-gaapPartiesToContractualArrangementMember" xlink:type="arc" order="20" />
      <link:loc xlink:type="locator" xlink:href="http://xbrl.fasb.org/us-gaap/2013/elts/us-gaap-2013-01-31.xsd#us-gaap_PartiesToContractualArrangementMember" xlink:label="loc_us-gaapPartiesToContractualArrangementMember_10" />
      <link:definitionArc xlink:arcrole="http://xbrl.org/int/dim/arcrole/dimension-default" xbrldt:contextElement="segment" xlink:from="loc_us-gaapPartiesToContractualArrangementAxis" xlink:to="loc_us-gaapPartiesToContractualArrangementMember_10" xlink:type="arc" order="30" />
      <link:loc xlink:type="locator" xlink:href="mara-20140331.xsd#MARA_ConsultingAgreement2Member" xlink:label="loc_MARAConsultingAgreement2Member_60" />
      <link:definitionArc xlink:arcrole="http://xbrl.org/int/dim/arcrole/domain-member" xlink:from="loc_us-gaapPartiesToContractualArrangementMember" xlink:to="loc_MARAConsultingAgreement2Member_60" xlink:type="arc" order="61" />
      <link:loc xlink:type="locator" xlink:href="mara-20140331.xsd#MARA_ConsultingAgreement1Member" xlink:label="loc_MARAConsultingAgreement1Member_70" />
      <link:definitionArc xlink:arcrole="http://xbrl.org/int/dim/arcrole/domain-member" xlink:from="loc_us-gaapPartiesToContractualArrangementMember" xlink:to="loc_MARAConsultingAgreement1Member_70" xlink:type="arc" order="71" />
      <link:loc xlink:type="locator" xlink:href="http://xbrl.fasb.org/us-gaap/2013/elts/us-gaap-2013-01-31.xsd#us-gaap_ClassOfWarrantOrRightAxis" xlink:label="loc_us-gaapClassOfWarrantOrRightAxis" />
      <link:definitionArc xlink:arcrole="http://xbrl.org/int/dim/arcrole/hypercube-dimension" xlink:from="loc_us-gaapStatementTable" xlink:to="loc_us-gaapClassOfWarrantOrRightAxis" xlink:type="arc" order="3" />
      <link:loc xlink:type="locator" xlink:href="http://xbrl.fasb.org/us-gaap/2013/elts/us-gaap-2013-01-31.xsd#us-gaap_ClassOfWarrantOrRightDomain" xlink:label="loc_us-gaapClassOfWarrantOrRightDomain" />
      <link:definitionArc xlink:arcrole="http://xbrl.org/int/dim/arcrole/dimension-domain" xlink:from="loc_us-gaapClassOfWarrantOrRightAxis" xlink:to="loc_us-gaapClassOfWarrantOrRightDomain" xlink:type="arc" order="20" />
      <link:loc xlink:type="locator" xlink:href="http://xbrl.fasb.org/us-gaap/2013/elts/us-gaap-2013-01-31.xsd#us-gaap_ClassOfWarrantOrRightDomain" xlink:label="loc_us-gaapClassOfWarrantOrRightDomain_10" />
      <link:definitionArc xlink:arcrole="http://xbrl.org/int/dim/arcrole/dimension-default" xbrldt:contextElement="segment" xlink:from="loc_us-gaapClassOfWarrantOrRightAxis" xlink:to="loc_us-gaapClassOfWarrantOrRightDomain_10" xlink:type="arc" order="30" />
      <link:loc xlink:type="locator" xlink:href="http://xbrl.fasb.org/us-gaap/2013/elts/us-gaap-2013-01-31.xsd#us-gaap_RestrictedStockMember" xlink:label="loc_us-gaapRestrictedStockMember_90" />
      <link:definitionArc xlink:arcrole="http://xbrl.org/int/dim/arcrole/domain-member" xlink:from="loc_us-gaapClassOfWarrantOrRightDomain" xlink:to="loc_us-gaapRestrictedStockMember_90" xlink:type="arc" order="91" />
      <link:loc xlink:type="locator" xlink:href="http://xbrl.fasb.org/us-gaap/2013/elts/us-gaap-2013-01-31.xsd#us-gaap_WarrantMember" xlink:label="loc_us-gaapWarrantMember_110" />
      <link:definitionArc xlink:arcrole="http://xbrl.org/int/dim/arcrole/domain-member" xlink:from="loc_us-gaapClassOfWarrantOrRightDomain" xlink:to="loc_us-gaapWarrantMember_110" xlink:type="arc" order="111" />
      <link:loc xlink:type="locator" xlink:href="http://xbrl.fasb.org/us-gaap/2013/elts/us-gaap-2013-01-31.xsd#us-gaap_CommonStockSharesAuthorized" xlink:label="loc_us-gaapCommonStockSharesAuthorized_140" />
      <link:definitionArc xlink:arcrole="http://xbrl.org/int/dim/arcrole/domain-member" xlink:from="loc_us-gaapStatementLineItems" xlink:to="loc_us-gaapCommonStockSharesAuthorized_140" xlink:type="arc" order="0" />
      <link:loc xlink:type="locator" xlink:href="http://xbrl.fasb.org/us-gaap/2013/elts/us-gaap-2013-01-31.xsd#us-gaap_CommonStockParOrStatedValuePerShare" xlink:label="loc_us-gaapCommonStockParOrStatedValuePerShare_140" />
      <link:definitionArc xlink:arcrole="http://xbrl.org/int/dim/arcrole/domain-member" xlink:from="loc_us-gaapStatementLineItems" xlink:to="loc_us-gaapCommonStockParOrStatedValuePerShare_140" xlink:type="arc" order="1" />
      <link:loc xlink:type="locator" xlink:href="http://xbrl.fasb.org/us-gaap/2013/elts/us-gaap-2013-01-31.xsd#us-gaap_PreferredStockSharesAuthorized" xlink:label="loc_us-gaapPreferredStockSharesAuthorized_140" />
      <link:definitionArc xlink:arcrole="http://xbrl.org/int/dim/arcrole/domain-member" xlink:from="loc_us-gaapStatementLineItems" xlink:to="loc_us-gaapPreferredStockSharesAuthorized_140" xlink:type="arc" order="2" />
      <link:loc xlink:type="locator" xlink:href="http://xbrl.fasb.org/us-gaap/2013/elts/us-gaap-2013-01-31.xsd#us-gaap_PreferredStockParOrStatedValuePerShare" xlink:label="loc_us-gaapPreferredStockParOrStatedValuePerShare_140" />
      <link:definitionArc xlink:arcrole="http://xbrl.org/int/dim/arcrole/domain-member" xlink:from="loc_us-gaapStatementLineItems" xlink:to="loc_us-gaapPreferredStockParOrStatedValuePerShare_140" xlink:type="arc" order="3" />
      <link:loc xlink:type="locator" xlink:href="http://xbrl.fasb.org/us-gaap/2013/elts/us-gaap-2013-01-31.xsd#us-gaap_StockholdersEquityReverseStockSplit" xlink:label="loc_us-gaapStockholdersEquityReverseStockSplit_140" />
      <link:definitionArc xlink:arcrole="http://xbrl.org/int/dim/arcrole/domain-member" xlink:from="loc_us-gaapStatementLineItems" xlink:to="loc_us-gaapStockholdersEquityReverseStockSplit_140" xlink:type="arc" order="4" />
      <link:loc xlink:type="locator" xlink:href="http://xbrl.fasb.org/us-gaap/2013/elts/us-gaap-2013-01-31.xsd#us-gaap_ShareBasedCompensation" xlink:label="loc_us-gaapShareBasedCompensation_140" />
      <link:definitionArc xlink:arcrole="http://xbrl.org/int/dim/arcrole/domain-member" xlink:from="loc_us-gaapStatementLineItems" xlink:to="loc_us-gaapShareBasedCompensation_140" xlink:type="arc" order="5" />
      <link:loc xlink:type="locator" xlink:href="http://xbrl.fasb.org/us-gaap/2013/elts/us-gaap-2013-01-31.xsd#us-gaap_ClassOfWarrantOrRightExercisePriceOfWarrantsOrRights" xlink:label="loc_us-gaapClassOfWarrantOrRightExercisePriceOfWarrantsOrRights_140" />
      <link:definitionArc xlink:arcrole="http://xbrl.org/int/dim/arcrole/domain-member" xlink:from="loc_us-gaapStatementLineItems" xlink:to="loc_us-gaapClassOfWarrantOrRightExercisePriceOfWarrantsOrRights_140" xlink:type="arc" order="6" />
      <link:loc xlink:type="locator" xlink:href="mara-20140331.xsd#MARA_StockIssuedDuringPeriodValueIssuedForServices1" xlink:label="loc_MARAStockIssuedDuringPeriodValueIssuedForServices1_140" />
      <link:definitionArc xlink:arcrole="http://xbrl.org/int/dim/arcrole/domain-member" xlink:from="loc_us-gaapStatementLineItems" xlink:to="loc_MARAStockIssuedDuringPeriodValueIssuedForServices1_140" xlink:type="arc" order="7" />
      <link:loc xlink:type="locator" xlink:href="http://xbrl.fasb.org/us-gaap/2013/elts/us-gaap-2013-01-31.xsd#us-gaap_ShareBasedCompensationArrangementByShareBasedPaymentAwardEquityInstrumentsOtherThanOptionsGrantsInPeriodWeightedAverageGrantDateFairValue" xlink:label="loc_us-gaapShareBasedCompensationArrangementByShareBasedPaymentAwardEquityInstrumentsOtherThanOptionsGrantsInPeriodWeightedAverageGrantDateFairValue_140" />
      <link:definitionArc xlink:arcrole="http://xbrl.org/int/dim/arcrole/domain-member" xlink:from="loc_us-gaapStatementLineItems" xlink:to="loc_us-gaapShareBasedCompensationArrangementByShareBasedPaymentAwardEquityInstrumentsOtherThanOptionsGrantsInPeriodWeightedAverageGrantDateFairValue_140" xlink:type="arc" order="8" />
      <link:loc xlink:type="locator" xlink:href="mara-20140331.xsd#MARA_StockbasedConsultingExpense" xlink:label="loc_MARAStockbasedConsultingExpense_140" />
      <link:definitionArc xlink:arcrole="http://xbrl.org/int/dim/arcrole/domain-member" xlink:from="loc_us-gaapStatementLineItems" xlink:to="loc_MARAStockbasedConsultingExpense_140" xlink:type="arc" order="9" />
      <link:loc xlink:type="locator" xlink:href="mara-20140331.xsd#MARA_StockbasedLegalFees" xlink:label="loc_MARAStockbasedLegalFees_140" />
      <link:definitionArc xlink:arcrole="http://xbrl.org/int/dim/arcrole/domain-member" xlink:from="loc_us-gaapStatementLineItems" xlink:to="loc_MARAStockbasedLegalFees_140" xlink:type="arc" order="10" />
      <link:loc xlink:type="locator" xlink:href="mara-20140331.xsd#MARA_StockbasedPrepaidExpense" xlink:label="loc_MARAStockbasedPrepaidExpense_140" />
      <link:definitionArc xlink:arcrole="http://xbrl.org/int/dim/arcrole/domain-member" xlink:from="loc_us-gaapStatementLineItems" xlink:to="loc_MARAStockbasedPrepaidExpense_140" xlink:type="arc" order="11" />
      <link:loc xlink:type="locator" xlink:href="http://xbrl.fasb.org/us-gaap/2013/elts/us-gaap-2013-01-31.xsd#us-gaap_ShareBasedCompensationArrangementByShareBasedPaymentAwardNonOptionEquityInstrumentsForfeitures" xlink:label="loc_us-gaapShareBasedCompensationArrangementByShareBasedPaymentAwardNonOptionEquityInstrumentsForfeitures_140" />
      <link:definitionArc xlink:arcrole="http://xbrl.org/int/dim/arcrole/domain-member" xlink:from="loc_us-gaapStatementLineItems" xlink:to="loc_us-gaapShareBasedCompensationArrangementByShareBasedPaymentAwardNonOptionEquityInstrumentsForfeitures_140" xlink:type="arc" order="12" />
      <link:loc xlink:type="locator" xlink:href="http://xbrl.fasb.org/us-gaap/2013/elts/us-gaap-2013-01-31.xsd#us-gaap_EmployeeServiceShareBasedCompensationNonvestedAwardsTotalCompensationCostNotYetRecognizedShareBasedAwardsOtherThanOptions" xlink:label="loc_us-gaapEmployeeServiceShareBasedCompensationNonvestedAwardsTotalCompensationCostNotYetRecognizedShareBasedAwardsOtherThanOptions_140" />
      <link:definitionArc xlink:arcrole="http://xbrl.org/int/dim/arcrole/domain-member" xlink:from="loc_us-gaapStatementLineItems" xlink:to="loc_us-gaapEmployeeServiceShareBasedCompensationNonvestedAwardsTotalCompensationCostNotYetRecognizedShareBasedAwardsOtherThanOptions_140" xlink:type="arc" order="13" />
    </link:definitionLink>
    <link:definitionLink xlink:type="extended" xlink:role="http://marathonpg.com/role/CommitmentsAndContingenciesDetailsNarrative" xlink:title="00000036 - Disclosure - COMMITMENTS AND CONTINGENCIES (Details Narrative)" />
</link:linkbase>
