<?xml version="1.0" encoding="US-ASCII" standalone="no"?>
    <!-- Field: Doc-Info; Name: Generator; Value: GoFiler Complete; Version: 5.20a -->
    <!-- Field: Doc-Info; Name: VendorURI; Value: https://www.novaworks.com -->
    <!-- Field: Doc-Info; Name: Status; Value: 0x00000000 -->
<link:linkbase xmlns:xsi="http://www.w3.org/2001/XMLSchema-instance" xmlns:xlink="http://www.w3.org/1999/xlink" xmlns:link="http://www.xbrl.org/2003/linkbase" xmlns:xbrli="http://www.xbrl.org/2003/instance" xsi:schemaLocation="http://www.xbrl.org/2003/linkbase http://www.xbrl.org/2003/xbrl-linkbase-2003-12-31.xsd">
    <link:roleRef roleURI="http://mara.com/role/Cover" xlink:href="mara-20231108.xsd#Cover" xlink:type="simple" />
    <link:presentationLink xlink:type="extended" xlink:role="http://mara.com/role/Cover" xlink:title="00000001 - Document - Cover">
      <link:loc xlink:type="locator" xlink:href="https://xbrl.sec.gov/dei/2023/dei-2023.xsd#dei_CoverAbstract" xlink:label="loc_deiCoverAbstract" />
      <link:loc xlink:type="locator" xlink:href="https://xbrl.sec.gov/dei/2023/dei-2023.xsd#dei_DocumentType" xlink:label="loc_deiDocumentType" />
      <link:presentationArc order="0" xlink:arcrole="http://www.xbrl.org/2003/arcrole/parent-child" xlink:from="loc_deiCoverAbstract" xlink:to="loc_deiDocumentType" xlink:type="arc" />
      <link:loc xlink:type="locator" xlink:href="https://xbrl.sec.gov/dei/2023/dei-2023.xsd#dei_AmendmentFlag" xlink:label="loc_deiAmendmentFlag" />
      <link:presentationArc order="10" xlink:arcrole="http://www.xbrl.org/2003/arcrole/parent-child" xlink:from="loc_deiCoverAbstract" xlink:to="loc_deiAmendmentFlag" xlink:type="arc" />
      <link:loc xlink:type="locator" xlink:href="https://xbrl.sec.gov/dei/2023/dei-2023.xsd#dei_AmendmentDescription" xlink:label="loc_deiAmendmentDescription" />
      <link:presentationArc order="20" xlink:arcrole="http://www.xbrl.org/2003/arcrole/parent-child" xlink:from="loc_deiCoverAbstract" xlink:to="loc_deiAmendmentDescription" xlink:type="arc" />
      <link:loc xlink:type="locator" xlink:href="https://xbrl.sec.gov/dei/2023/dei-2023.xsd#dei_DocumentRegistrationStatement" xlink:label="loc_deiDocumentRegistrationStatement" />
      <link:presentationArc order="30" xlink:arcrole="http://www.xbrl.org/2003/arcrole/parent-child" xlink:from="loc_deiCoverAbstract" xlink:to="loc_deiDocumentRegistrationStatement" xlink:type="arc" />
      <link:loc xlink:type="locator" xlink:href="https://xbrl.sec.gov/dei/2023/dei-2023.xsd#dei_DocumentAnnualReport" xlink:label="loc_deiDocumentAnnualReport" />
      <link:presentationArc order="40" xlink:arcrole="http://www.xbrl.org/2003/arcrole/parent-child" xlink:from="loc_deiCoverAbstract" xlink:to="loc_deiDocumentAnnualReport" xlink:type="arc" />
      <link:loc xlink:type="locator" xlink:href="https://xbrl.sec.gov/dei/2023/dei-2023.xsd#dei_DocumentQuarterlyReport" xlink:label="loc_deiDocumentQuarterlyReport" />
      <link:presentationArc order="50" xlink:arcrole="http://www.xbrl.org/2003/arcrole/parent-child" xlink:from="loc_deiCoverAbstract" xlink:to="loc_deiDocumentQuarterlyReport" xlink:type="arc" />
      <link:loc xlink:type="locator" xlink:href="https://xbrl.sec.gov/dei/2023/dei-2023.xsd#dei_DocumentTransitionReport" xlink:label="loc_deiDocumentTransitionReport" />
      <link:presentationArc order="60" xlink:arcrole="http://www.xbrl.org/2003/arcrole/parent-child" xlink:from="loc_deiCoverAbstract" xlink:to="loc_deiDocumentTransitionReport" xlink:type="arc" />
      <link:loc xlink:type="locator" xlink:href="https://xbrl.sec.gov/dei/2023/dei-2023.xsd#dei_DocumentShellCompanyReport" xlink:label="loc_deiDocumentShellCompanyReport" />
      <link:presentationArc order="70" xlink:arcrole="http://www.xbrl.org/2003/arcrole/parent-child" xlink:from="loc_deiCoverAbstract" xlink:to="loc_deiDocumentShellCompanyReport" xlink:type="arc" />
      <link:loc xlink:type="locator" xlink:href="https://xbrl.sec.gov/dei/2023/dei-2023.xsd#dei_DocumentShellCompanyEventDate" xlink:label="loc_deiDocumentShellCompanyEventDate" />
      <link:presentationArc order="80" xlink:arcrole="http://www.xbrl.org/2003/arcrole/parent-child" xlink:from="loc_deiCoverAbstract" xlink:to="loc_deiDocumentShellCompanyEventDate" xlink:type="arc" />
      <link:loc xlink:type="locator" xlink:href="https://xbrl.sec.gov/dei/2023/dei-2023.xsd#dei_DocumentPeriodStartDate" xlink:label="loc_deiDocumentPeriodStartDate" />
      <link:presentationArc order="90" xlink:arcrole="http://www.xbrl.org/2003/arcrole/parent-child" xlink:from="loc_deiCoverAbstract" xlink:to="loc_deiDocumentPeriodStartDate" xlink:type="arc" />
      <link:loc xlink:type="locator" xlink:href="https://xbrl.sec.gov/dei/2023/dei-2023.xsd#dei_DocumentPeriodEndDate" xlink:label="loc_deiDocumentPeriodEndDate" />
      <link:presentationArc order="100" xlink:arcrole="http://www.xbrl.org/2003/arcrole/parent-child" xlink:from="loc_deiCoverAbstract" xlink:to="loc_deiDocumentPeriodEndDate" xlink:type="arc" />
      <link:loc xlink:type="locator" xlink:href="https://xbrl.sec.gov/dei/2023/dei-2023.xsd#dei_DocumentFiscalPeriodFocus" xlink:label="loc_deiDocumentFiscalPeriodFocus" />
      <link:presentationArc order="110" xlink:arcrole="http://www.xbrl.org/2003/arcrole/parent-child" xlink:from="loc_deiCoverAbstract" xlink:to="loc_deiDocumentFiscalPeriodFocus" xlink:type="arc" />
      <link:loc xlink:type="locator" xlink:href="https://xbrl.sec.gov/dei/2023/dei-2023.xsd#dei_DocumentFiscalYearFocus" xlink:label="loc_deiDocumentFiscalYearFocus" />
      <link:presentationArc order="120" xlink:arcrole="http://www.xbrl.org/2003/arcrole/parent-child" xlink:from="loc_deiCoverAbstract" xlink:to="loc_deiDocumentFiscalYearFocus" xlink:type="arc" />
      <link:loc xlink:type="locator" xlink:href="https://xbrl.sec.gov/dei/2023/dei-2023.xsd#dei_CurrentFiscalYearEndDate" xlink:label="loc_deiCurrentFiscalYearEndDate" />
      <link:presentationArc order="130" xlink:arcrole="http://www.xbrl.org/2003/arcrole/parent-child" xlink:from="loc_deiCoverAbstract" xlink:to="loc_deiCurrentFiscalYearEndDate" xlink:type="arc" />
      <link:loc xlink:type="locator" xlink:href="https://xbrl.sec.gov/dei/2023/dei-2023.xsd#dei_EntityFileNumber" xlink:label="loc_deiEntityFileNumber" />
      <link:presentationArc order="140" xlink:arcrole="http://www.xbrl.org/2003/arcrole/parent-child" xlink:from="loc_deiCoverAbstract" xlink:to="loc_deiEntityFileNumber" xlink:type="arc" />
      <link:loc xlink:type="locator" xlink:href="https://xbrl.sec.gov/dei/2023/dei-2023.xsd#dei_EntityRegistrantName" xlink:label="loc_deiEntityRegistrantName" />
      <link:presentationArc order="150" xlink:arcrole="http://www.xbrl.org/2003/arcrole/parent-child" xlink:from="loc_deiCoverAbstract" xlink:to="loc_deiEntityRegistrantName" xlink:type="arc" />
      <link:loc xlink:type="locator" xlink:href="https://xbrl.sec.gov/dei/2023/dei-2023.xsd#dei_EntityCentralIndexKey" xlink:label="loc_deiEntityCentralIndexKey" />
      <link:presentationArc order="160" xlink:arcrole="http://www.xbrl.org/2003/arcrole/parent-child" xlink:from="loc_deiCoverAbstract" xlink:to="loc_deiEntityCentralIndexKey" xlink:type="arc" />
      <link:loc xlink:type="locator" xlink:href="https://xbrl.sec.gov/dei/2023/dei-2023.xsd#dei_EntityPrimarySicNumber" xlink:label="loc_deiEntityPrimarySicNumber" />
      <link:presentationArc order="170" xlink:arcrole="http://www.xbrl.org/2003/arcrole/parent-child" xlink:from="loc_deiCoverAbstract" xlink:to="loc_deiEntityPrimarySicNumber" xlink:type="arc" />
      <link:loc xlink:type="locator" xlink:href="https://xbrl.sec.gov/dei/2023/dei-2023.xsd#dei_EntityTaxIdentificationNumber" xlink:label="loc_deiEntityTaxIdentificationNumber" />
      <link:presentationArc order="180" xlink:arcrole="http://www.xbrl.org/2003/arcrole/parent-child" xlink:from="loc_deiCoverAbstract" xlink:to="loc_deiEntityTaxIdentificationNumber" xlink:type="arc" />
      <link:loc xlink:type="locator" xlink:href="https://xbrl.sec.gov/dei/2023/dei-2023.xsd#dei_EntityIncorporationStateCountryCode" xlink:label="loc_deiEntityIncorporationStateCountryCode" />
      <link:presentationArc order="190" xlink:arcrole="http://www.xbrl.org/2003/arcrole/parent-child" xlink:from="loc_deiCoverAbstract" xlink:to="loc_deiEntityIncorporationStateCountryCode" xlink:type="arc" />
      <link:loc xlink:type="locator" xlink:href="https://xbrl.sec.gov/dei/2023/dei-2023.xsd#dei_EntityAddressAddressLine1" xlink:label="loc_deiEntityAddressAddressLine1" />
      <link:presentationArc order="200" xlink:arcrole="http://www.xbrl.org/2003/arcrole/parent-child" xlink:from="loc_deiCoverAbstract" xlink:to="loc_deiEntityAddressAddressLine1" xlink:type="arc" />
      <link:loc xlink:type="locator" xlink:href="https://xbrl.sec.gov/dei/2023/dei-2023.xsd#dei_EntityAddressAddressLine2" xlink:label="loc_deiEntityAddressAddressLine2" />
      <link:presentationArc order="210" xlink:arcrole="http://www.xbrl.org/2003/arcrole/parent-child" xlink:from="loc_deiCoverAbstract" xlink:to="loc_deiEntityAddressAddressLine2" xlink:type="arc" />
      <link:loc xlink:type="locator" xlink:href="https://xbrl.sec.gov/dei/2023/dei-2023.xsd#dei_EntityAddressAddressLine3" xlink:label="loc_deiEntityAddressAddressLine3" />
      <link:presentationArc order="220" xlink:arcrole="http://www.xbrl.org/2003/arcrole/parent-child" xlink:from="loc_deiCoverAbstract" xlink:to="loc_deiEntityAddressAddressLine3" xlink:type="arc" />
      <link:loc xlink:type="locator" xlink:href="https://xbrl.sec.gov/dei/2023/dei-2023.xsd#dei_EntityAddressCityOrTown" xlink:label="loc_deiEntityAddressCityOrTown" />
      <link:presentationArc order="230" xlink:arcrole="http://www.xbrl.org/2003/arcrole/parent-child" xlink:from="loc_deiCoverAbstract" xlink:to="loc_deiEntityAddressCityOrTown" xlink:type="arc" />
      <link:loc xlink:type="locator" xlink:href="https://xbrl.sec.gov/dei/2023/dei-2023.xsd#dei_EntityAddressStateOrProvince" xlink:label="loc_deiEntityAddressStateOrProvince" />
      <link:presentationArc order="240" xlink:arcrole="http://www.xbrl.org/2003/arcrole/parent-child" xlink:from="loc_deiCoverAbstract" xlink:to="loc_deiEntityAddressStateOrProvince" xlink:type="arc" />
      <link:loc xlink:type="locator" xlink:href="https://xbrl.sec.gov/dei/2023/dei-2023.xsd#dei_EntityAddressCountry" xlink:label="loc_deiEntityAddressCountry" />
      <link:presentationArc order="250" xlink:arcrole="http://www.xbrl.org/2003/arcrole/parent-child" xlink:from="loc_deiCoverAbstract" xlink:to="loc_deiEntityAddressCountry" xlink:type="arc" />
      <link:loc xlink:type="locator" xlink:href="https://xbrl.sec.gov/dei/2023/dei-2023.xsd#dei_EntityAddressPostalZipCode" xlink:label="loc_deiEntityAddressPostalZipCode" />
      <link:presentationArc order="260" xlink:arcrole="http://www.xbrl.org/2003/arcrole/parent-child" xlink:from="loc_deiCoverAbstract" xlink:to="loc_deiEntityAddressPostalZipCode" xlink:type="arc" />
      <link:loc xlink:type="locator" xlink:href="https://xbrl.sec.gov/dei/2023/dei-2023.xsd#dei_CountryRegion" xlink:label="loc_deiCountryRegion" />
      <link:presentationArc order="270" xlink:arcrole="http://www.xbrl.org/2003/arcrole/parent-child" xlink:from="loc_deiCoverAbstract" xlink:to="loc_deiCountryRegion" xlink:type="arc" />
      <link:loc xlink:type="locator" xlink:href="https://xbrl.sec.gov/dei/2023/dei-2023.xsd#dei_CityAreaCode" xlink:label="loc_deiCityAreaCode" />
      <link:presentationArc order="280" xlink:arcrole="http://www.xbrl.org/2003/arcrole/parent-child" xlink:from="loc_deiCoverAbstract" xlink:to="loc_deiCityAreaCode" xlink:type="arc" />
      <link:loc xlink:type="locator" xlink:href="https://xbrl.sec.gov/dei/2023/dei-2023.xsd#dei_LocalPhoneNumber" xlink:label="loc_deiLocalPhoneNumber" />
      <link:presentationArc order="290" xlink:arcrole="http://www.xbrl.org/2003/arcrole/parent-child" xlink:from="loc_deiCoverAbstract" xlink:to="loc_deiLocalPhoneNumber" xlink:type="arc" />
      <link:loc xlink:type="locator" xlink:href="https://xbrl.sec.gov/dei/2023/dei-2023.xsd#dei_Extension" xlink:label="loc_deiExtension" />
      <link:presentationArc order="300" xlink:arcrole="http://www.xbrl.org/2003/arcrole/parent-child" xlink:from="loc_deiCoverAbstract" xlink:to="loc_deiExtension" xlink:type="arc" />
      <link:loc xlink:type="locator" xlink:href="https://xbrl.sec.gov/dei/2023/dei-2023.xsd#dei_WrittenCommunications" xlink:label="loc_deiWrittenCommunications" />
      <link:presentationArc order="310" xlink:arcrole="http://www.xbrl.org/2003/arcrole/parent-child" xlink:from="loc_deiCoverAbstract" xlink:to="loc_deiWrittenCommunications" xlink:type="arc" />
      <link:loc xlink:type="locator" xlink:href="https://xbrl.sec.gov/dei/2023/dei-2023.xsd#dei_SolicitingMaterial" xlink:label="loc_deiSolicitingMaterial" />
      <link:presentationArc order="320" xlink:arcrole="http://www.xbrl.org/2003/arcrole/parent-child" xlink:from="loc_deiCoverAbstract" xlink:to="loc_deiSolicitingMaterial" xlink:type="arc" />
      <link:loc xlink:type="locator" xlink:href="https://xbrl.sec.gov/dei/2023/dei-2023.xsd#dei_PreCommencementTenderOffer" xlink:label="loc_deiPreCommencementTenderOffer" />
      <link:presentationArc order="330" xlink:arcrole="http://www.xbrl.org/2003/arcrole/parent-child" xlink:from="loc_deiCoverAbstract" xlink:to="loc_deiPreCommencementTenderOffer" xlink:type="arc" />
      <link:loc xlink:type="locator" xlink:href="https://xbrl.sec.gov/dei/2023/dei-2023.xsd#dei_PreCommencementIssuerTenderOffer" xlink:label="loc_deiPreCommencementIssuerTenderOffer" />
      <link:presentationArc order="340" xlink:arcrole="http://www.xbrl.org/2003/arcrole/parent-child" xlink:from="loc_deiCoverAbstract" xlink:to="loc_deiPreCommencementIssuerTenderOffer" xlink:type="arc" />
      <link:loc xlink:type="locator" xlink:href="https://xbrl.sec.gov/dei/2023/dei-2023.xsd#dei_Security12bTitle" xlink:label="loc_deiSecurity12bTitle" />
      <link:presentationArc order="350" xlink:arcrole="http://www.xbrl.org/2003/arcrole/parent-child" xlink:from="loc_deiCoverAbstract" xlink:to="loc_deiSecurity12bTitle" xlink:type="arc" />
      <link:loc xlink:type="locator" xlink:href="https://xbrl.sec.gov/dei/2023/dei-2023.xsd#dei_NoTradingSymbolFlag" xlink:label="loc_deiNoTradingSymbolFlag" />
      <link:presentationArc order="360" xlink:arcrole="http://www.xbrl.org/2003/arcrole/parent-child" xlink:from="loc_deiCoverAbstract" xlink:to="loc_deiNoTradingSymbolFlag" xlink:type="arc" />
      <link:loc xlink:type="locator" xlink:href="https://xbrl.sec.gov/dei/2023/dei-2023.xsd#dei_TradingSymbol" xlink:label="loc_deiTradingSymbol" />
      <link:presentationArc order="370" xlink:arcrole="http://www.xbrl.org/2003/arcrole/parent-child" xlink:from="loc_deiCoverAbstract" xlink:to="loc_deiTradingSymbol" xlink:type="arc" />
      <link:loc xlink:type="locator" xlink:href="https://xbrl.sec.gov/dei/2023/dei-2023.xsd#dei_SecurityExchangeName" xlink:label="loc_deiSecurityExchangeName" />
      <link:presentationArc order="380" xlink:arcrole="http://www.xbrl.org/2003/arcrole/parent-child" xlink:from="loc_deiCoverAbstract" xlink:to="loc_deiSecurityExchangeName" xlink:type="arc" />
      <link:loc xlink:type="locator" xlink:href="https://xbrl.sec.gov/dei/2023/dei-2023.xsd#dei_Security12gTitle" xlink:label="loc_deiSecurity12gTitle" />
      <link:presentationArc order="390" xlink:arcrole="http://www.xbrl.org/2003/arcrole/parent-child" xlink:from="loc_deiCoverAbstract" xlink:to="loc_deiSecurity12gTitle" xlink:type="arc" />
      <link:loc xlink:type="locator" xlink:href="https://xbrl.sec.gov/dei/2023/dei-2023.xsd#dei_SecurityReportingObligation" xlink:label="loc_deiSecurityReportingObligation" />
      <link:presentationArc order="400" xlink:arcrole="http://www.xbrl.org/2003/arcrole/parent-child" xlink:from="loc_deiCoverAbstract" xlink:to="loc_deiSecurityReportingObligation" xlink:type="arc" />
      <link:loc xlink:type="locator" xlink:href="https://xbrl.sec.gov/dei/2023/dei-2023.xsd#dei_AnnualInformationForm" xlink:label="loc_deiAnnualInformationForm" />
      <link:presentationArc order="410" xlink:arcrole="http://www.xbrl.org/2003/arcrole/parent-child" xlink:from="loc_deiCoverAbstract" xlink:to="loc_deiAnnualInformationForm" xlink:type="arc" />
      <link:loc xlink:type="locator" xlink:href="https://xbrl.sec.gov/dei/2023/dei-2023.xsd#dei_AuditedAnnualFinancialStatements" xlink:label="loc_deiAuditedAnnualFinancialStatements" />
      <link:presentationArc order="420" xlink:arcrole="http://www.xbrl.org/2003/arcrole/parent-child" xlink:from="loc_deiCoverAbstract" xlink:to="loc_deiAuditedAnnualFinancialStatements" xlink:type="arc" />
      <link:loc xlink:type="locator" xlink:href="https://xbrl.sec.gov/dei/2023/dei-2023.xsd#dei_EntityWellKnownSeasonedIssuer" xlink:label="loc_deiEntityWellKnownSeasonedIssuer" />
      <link:presentationArc order="430" xlink:arcrole="http://www.xbrl.org/2003/arcrole/parent-child" xlink:from="loc_deiCoverAbstract" xlink:to="loc_deiEntityWellKnownSeasonedIssuer" xlink:type="arc" />
      <link:loc xlink:type="locator" xlink:href="https://xbrl.sec.gov/dei/2023/dei-2023.xsd#dei_EntityVoluntaryFilers" xlink:label="loc_deiEntityVoluntaryFilers" />
      <link:presentationArc order="440" xlink:arcrole="http://www.xbrl.org/2003/arcrole/parent-child" xlink:from="loc_deiCoverAbstract" xlink:to="loc_deiEntityVoluntaryFilers" xlink:type="arc" />
      <link:loc xlink:type="locator" xlink:href="https://xbrl.sec.gov/dei/2023/dei-2023.xsd#dei_EntityCurrentReportingStatus" xlink:label="loc_deiEntityCurrentReportingStatus" />
      <link:presentationArc order="450" xlink:arcrole="http://www.xbrl.org/2003/arcrole/parent-child" xlink:from="loc_deiCoverAbstract" xlink:to="loc_deiEntityCurrentReportingStatus" xlink:type="arc" />
      <link:loc xlink:type="locator" xlink:href="https://xbrl.sec.gov/dei/2023/dei-2023.xsd#dei_EntityInteractiveDataCurrent" xlink:label="loc_deiEntityInteractiveDataCurrent" />
      <link:presentationArc order="460" xlink:arcrole="http://www.xbrl.org/2003/arcrole/parent-child" xlink:from="loc_deiCoverAbstract" xlink:to="loc_deiEntityInteractiveDataCurrent" xlink:type="arc" />
      <link:loc xlink:type="locator" xlink:href="https://xbrl.sec.gov/dei/2023/dei-2023.xsd#dei_EntityFilerCategory" xlink:label="loc_deiEntityFilerCategory" />
      <link:presentationArc order="470" xlink:arcrole="http://www.xbrl.org/2003/arcrole/parent-child" xlink:from="loc_deiCoverAbstract" xlink:to="loc_deiEntityFilerCategory" xlink:type="arc" />
      <link:loc xlink:type="locator" xlink:href="https://xbrl.sec.gov/dei/2023/dei-2023.xsd#dei_EntitySmallBusiness" xlink:label="loc_deiEntitySmallBusiness" />
      <link:presentationArc order="480" xlink:arcrole="http://www.xbrl.org/2003/arcrole/parent-child" xlink:from="loc_deiCoverAbstract" xlink:to="loc_deiEntitySmallBusiness" xlink:type="arc" />
      <link:loc xlink:type="locator" xlink:href="https://xbrl.sec.gov/dei/2023/dei-2023.xsd#dei_EntityEmergingGrowthCompany" xlink:label="loc_deiEntityEmergingGrowthCompany" />
      <link:presentationArc order="490" xlink:arcrole="http://www.xbrl.org/2003/arcrole/parent-child" xlink:from="loc_deiCoverAbstract" xlink:to="loc_deiEntityEmergingGrowthCompany" xlink:type="arc" />
      <link:loc xlink:type="locator" xlink:href="https://xbrl.sec.gov/dei/2023/dei-2023.xsd#dei_EntityExTransitionPeriod" xlink:label="loc_deiEntityExTransitionPeriod" />
      <link:presentationArc order="500" xlink:arcrole="http://www.xbrl.org/2003/arcrole/parent-child" xlink:from="loc_deiCoverAbstract" xlink:to="loc_deiEntityExTransitionPeriod" xlink:type="arc" />
      <link:loc xlink:type="locator" xlink:href="https://xbrl.sec.gov/dei/2023/dei-2023.xsd#dei_DocumentAccountingStandard" xlink:label="loc_deiDocumentAccountingStandard" />
      <link:presentationArc order="510" xlink:arcrole="http://www.xbrl.org/2003/arcrole/parent-child" xlink:from="loc_deiCoverAbstract" xlink:to="loc_deiDocumentAccountingStandard" xlink:type="arc" />
      <link:loc xlink:type="locator" xlink:href="https://xbrl.sec.gov/dei/2023/dei-2023.xsd#dei_OtherReportingStandardItemNumber" xlink:label="loc_deiOtherReportingStandardItemNumber" />
      <link:presentationArc order="520" xlink:arcrole="http://www.xbrl.org/2003/arcrole/parent-child" xlink:from="loc_deiCoverAbstract" xlink:to="loc_deiOtherReportingStandardItemNumber" xlink:type="arc" />
      <link:loc xlink:type="locator" xlink:href="https://xbrl.sec.gov/dei/2023/dei-2023.xsd#dei_EntityShellCompany" xlink:label="loc_deiEntityShellCompany" />
      <link:presentationArc order="530" xlink:arcrole="http://www.xbrl.org/2003/arcrole/parent-child" xlink:from="loc_deiCoverAbstract" xlink:to="loc_deiEntityShellCompany" xlink:type="arc" />
      <link:loc xlink:type="locator" xlink:href="https://xbrl.sec.gov/dei/2023/dei-2023.xsd#dei_EntityPublicFloat" xlink:label="loc_deiEntityPublicFloat" />
      <link:presentationArc order="540" xlink:arcrole="http://www.xbrl.org/2003/arcrole/parent-child" xlink:from="loc_deiCoverAbstract" xlink:to="loc_deiEntityPublicFloat" xlink:type="arc" />
      <link:loc xlink:type="locator" xlink:href="https://xbrl.sec.gov/dei/2023/dei-2023.xsd#dei_EntityBankruptcyProceedingsReportingCurrent" xlink:label="loc_deiEntityBankruptcyProceedingsReportingCurrent" />
      <link:presentationArc order="550" xlink:arcrole="http://www.xbrl.org/2003/arcrole/parent-child" xlink:from="loc_deiCoverAbstract" xlink:to="loc_deiEntityBankruptcyProceedingsReportingCurrent" xlink:type="arc" />
      <link:loc xlink:type="locator" xlink:href="https://xbrl.sec.gov/dei/2023/dei-2023.xsd#dei_EntityCommonStockSharesOutstanding" xlink:label="loc_deiEntityCommonStockSharesOutstanding" />
      <link:presentationArc order="560" xlink:arcrole="http://www.xbrl.org/2003/arcrole/parent-child" xlink:from="loc_deiCoverAbstract" xlink:to="loc_deiEntityCommonStockSharesOutstanding" xlink:type="arc" />
      <link:loc xlink:type="locator" xlink:href="https://xbrl.sec.gov/dei/2023/dei-2023.xsd#dei_DocumentsIncorporatedByReferenceTextBlock" xlink:label="loc_deiDocumentsIncorporatedByReferenceTextBlock" />
      <link:presentationArc order="570" xlink:arcrole="http://www.xbrl.org/2003/arcrole/parent-child" xlink:from="loc_deiCoverAbstract" xlink:to="loc_deiDocumentsIncorporatedByReferenceTextBlock" xlink:type="arc" />
    </link:presentationLink>
</link:linkbase>
