<?xml version="1.0" encoding="US-ASCII" standalone="no"?>
    <!-- Field: Doc-Info; Name: Generator; Value: GoFiler Complete; Version: 5.13b -->
    <!-- Field: Doc-Info; Name: VendorURI; Value: https://www.novaworks.com -->
    <!-- Field: Doc-Info; Name: Status; Value: 0x00000000 -->
<link:linkbase xmlns:xsi="http://www.w3.org/2001/XMLSchema-instance" xmlns:xlink="http://www.w3.org/1999/xlink" xmlns:link="http://www.xbrl.org/2003/linkbase" xmlns:xbrli="http://www.xbrl.org/2003/instance" xsi:schemaLocation="http://www.xbrl.org/2003/linkbase http://www.xbrl.org/2003/xbrl-linkbase-2003-12-31.xsd">
    <link:roleRef roleURI="http://marathondh.com/role/Cover" xlink:href="mara-20220331.xsd#Cover" xlink:type="simple" />
    <link:roleRef roleURI="http://marathondh.com/role/CondensedBalanceSheets" xlink:href="mara-20220331.xsd#CondensedBalanceSheets" xlink:type="simple" />
    <link:roleRef roleURI="http://marathondh.com/role/CondensedBalanceSheetsParenthetical" xlink:href="mara-20220331.xsd#CondensedBalanceSheetsParenthetical" xlink:type="simple" />
    <link:roleRef roleURI="http://marathondh.com/role/CondensedStatementOfOperations" xlink:href="mara-20220331.xsd#CondensedStatementOfOperations" xlink:type="simple" />
    <link:roleRef roleURI="http://marathondh.com/role/CondensedStatementsOfStockholdersEquity" xlink:href="mara-20220331.xsd#CondensedStatementsOfStockholdersEquity" xlink:type="simple" />
    <link:roleRef roleURI="http://marathondh.com/role/CondensedStatementsOfCashFlows" xlink:href="mara-20220331.xsd#CondensedStatementsOfCashFlows" xlink:type="simple" />
    <link:roleRef roleURI="http://marathondh.com/role/OrganizationAndDescriptionOfBusiness" xlink:href="mara-20220331.xsd#OrganizationAndDescriptionOfBusiness" xlink:type="simple" />
    <link:roleRef roleURI="http://marathondh.com/role/SummaryOfSignificantAccountingPolicies" xlink:href="mara-20220331.xsd#SummaryOfSignificantAccountingPolicies" xlink:type="simple" />
    <link:roleRef roleURI="http://marathondh.com/role/AdvancesToVendorsAndPropertyAndEquipment" xlink:href="mara-20220331.xsd#AdvancesToVendorsAndPropertyAndEquipment" xlink:type="simple" />
    <link:roleRef roleURI="http://marathondh.com/role/StockholdersEquity" xlink:href="mara-20220331.xsd#StockholdersEquity" xlink:type="simple" />
    <link:roleRef roleURI="http://marathondh.com/role/DebtCommitmentsAndContingencies" xlink:href="mara-20220331.xsd#DebtCommitmentsAndContingencies" xlink:type="simple" />
    <link:roleRef roleURI="http://marathondh.com/role/SubsequentEvents" xlink:href="mara-20220331.xsd#SubsequentEvents" xlink:type="simple" />
    <link:roleRef roleURI="http://marathondh.com/role/SummaryOfSignificantAccountingPoliciesPolicies" xlink:href="mara-20220331.xsd#SummaryOfSignificantAccountingPoliciesPolicies" xlink:type="simple" />
    <link:roleRef roleURI="http://marathondh.com/role/SummaryOfSignificantAccountingPoliciesTables" xlink:href="mara-20220331.xsd#SummaryOfSignificantAccountingPoliciesTables" xlink:type="simple" />
    <link:roleRef roleURI="http://marathondh.com/role/AdvancesToVendorsAndPropertyAndEquipmentTables" xlink:href="mara-20220331.xsd#AdvancesToVendorsAndPropertyAndEquipmentTables" xlink:type="simple" />
    <link:roleRef roleURI="http://marathondh.com/role/StockholdersEquityTables" xlink:href="mara-20220331.xsd#StockholdersEquityTables" xlink:type="simple" />
    <link:roleRef roleURI="http://marathondh.com/role/DebtCommitmentsAndContingenciesTables" xlink:href="mara-20220331.xsd#DebtCommitmentsAndContingenciesTables" xlink:type="simple" />
    <link:roleRef roleURI="http://marathondh.com/role/ScheduleOfActivitiesOfDigitalCurrenciesDetails" xlink:href="mara-20220331.xsd#ScheduleOfActivitiesOfDigitalCurrenciesDetails" xlink:type="simple" />
    <link:roleRef roleURI="http://marathondh.com/role/ScheduleOfAssetsAndLiabilitiesMeasuredAtFairValueOnRecurringBasisDetails" xlink:href="mara-20220331.xsd#ScheduleOfAssetsAndLiabilitiesMeasuredAtFairValueOnRecurringBasisDetails" xlink:type="simple" />
    <link:roleRef roleURI="http://marathondh.com/role/ScheduleOfAntidilutiveSecuritiesExcludedFromComputationOfEarningsPerShareDetails" xlink:href="mara-20220331.xsd#ScheduleOfAntidilutiveSecuritiesExcludedFromComputationOfEarningsPerShareDetails" xlink:type="simple" />
    <link:roleRef roleURI="http://marathondh.com/role/ScheduleOfComputationOfBasicAndDilutedLossPerShareDetails" xlink:href="mara-20220331.xsd#ScheduleOfComputationOfBasicAndDilutedLossPerShareDetails" xlink:type="simple" />
    <link:roleRef roleURI="http://marathondh.com/role/SummaryOfSignificantAccountingPoliciesDetailsNarrative" xlink:href="mara-20220331.xsd#SummaryOfSignificantAccountingPoliciesDetailsNarrative" xlink:type="simple" />
    <link:roleRef roleURI="http://marathondh.com/role/ScheduleOfComponentsOfPropertyEquipmentAndIntangibleAssetsDetails" xlink:href="mara-20220331.xsd#ScheduleOfComponentsOfPropertyEquipmentAndIntangibleAssetsDetails" xlink:type="simple" />
    <link:roleRef roleURI="http://marathondh.com/role/AdvancesToVendorsAndPropertyAndEquipmentDetailsNarrative" xlink:href="mara-20220331.xsd#AdvancesToVendorsAndPropertyAndEquipmentDetailsNarrative" xlink:type="simple" />
    <link:roleRef roleURI="http://marathondh.com/role/SummaryOfOutstandingStockWarrantsDetails" xlink:href="mara-20220331.xsd#SummaryOfOutstandingStockWarrantsDetails" xlink:type="simple" />
    <link:roleRef roleURI="http://marathondh.com/role/SummaryOfRestrictedStockAwardActivityDetails" xlink:href="mara-20220331.xsd#SummaryOfRestrictedStockAwardActivityDetails" xlink:type="simple" />
    <link:roleRef roleURI="http://marathondh.com/role/StockholdersEquityDetailsNarrative" xlink:href="mara-20220331.xsd#StockholdersEquityDetailsNarrative" xlink:type="simple" />
    <link:roleRef roleURI="http://marathondh.com/role/ScheduleOfComponentsOfLeaseCostDetails" xlink:href="mara-20220331.xsd#ScheduleOfComponentsOfLeaseCostDetails" xlink:type="simple" />
    <link:roleRef roleURI="http://marathondh.com/role/SummaryOfMinimumLeasePaymentsDetails" xlink:href="mara-20220331.xsd#SummaryOfMinimumLeasePaymentsDetails" xlink:type="simple" />
    <link:roleRef roleURI="http://marathondh.com/role/ScheduleOfContractualMinimumLeaseDetails" xlink:href="mara-20220331.xsd#ScheduleOfContractualMinimumLeaseDetails" xlink:type="simple" />
    <link:roleRef roleURI="http://marathondh.com/role/DebtCommitmentsAndContingenciesDetailsNarrative" xlink:href="mara-20220331.xsd#DebtCommitmentsAndContingenciesDetailsNarrative" xlink:type="simple" />
    <link:roleRef roleURI="http://marathondh.com/role/SubsequentEventsDetailsNarrative" xlink:href="mara-20220331.xsd#SubsequentEventsDetailsNarrative" xlink:type="simple" />
    <link:calculationLink xlink:type="extended" xlink:role="http://marathondh.com/role/Cover" xlink:title="00000001 - Document - Cover" />
    <link:calculationLink xlink:type="extended" xlink:role="http://marathondh.com/role/CondensedBalanceSheets" xlink:title="00000002 - Statement - Consolidated Condensed Balance Sheets">
      <link:loc xlink:type="locator" xlink:href="https://xbrl.fasb.org/us-gaap/2022/elts/us-gaap-2022.xsd#us-gaap_AssetsCurrent" xlink:label="loc_us-gaapAssetsCurrent" />
      <link:loc xlink:type="locator" xlink:href="https://xbrl.fasb.org/us-gaap/2022/elts/us-gaap-2022.xsd#us-gaap_CashAndCashEquivalentsAtCarryingValue" xlink:label="loc_us-gaapCashAndCashEquivalentsAtCarryingValue" />
      <link:calculationArc order="1" xlink:arcrole="http://www.xbrl.org/2003/arcrole/summation-item" xlink:from="loc_us-gaapAssetsCurrent" xlink:to="loc_us-gaapCashAndCashEquivalentsAtCarryingValue" xlink:type="arc" weight="1" />
      <link:loc xlink:type="locator" xlink:href="mara-20220331.xsd#MARA_DigitalCurrencies" xlink:label="loc_MARADigitalCurrencies" />
      <link:calculationArc order="2" xlink:arcrole="http://www.xbrl.org/2003/arcrole/summation-item" xlink:from="loc_us-gaapAssetsCurrent" xlink:to="loc_MARADigitalCurrencies" xlink:type="arc" weight="1" />
      <link:loc xlink:type="locator" xlink:href="mara-20220331.xsd#MARA_DigitalCurrenciesRestricted" xlink:label="loc_MARADigitalCurrenciesRestricted" />
      <link:calculationArc order="3" xlink:arcrole="http://www.xbrl.org/2003/arcrole/summation-item" xlink:from="loc_us-gaapAssetsCurrent" xlink:to="loc_MARADigitalCurrenciesRestricted" xlink:type="arc" weight="1" />
      <link:loc xlink:type="locator" xlink:href="https://xbrl.fasb.org/us-gaap/2022/elts/us-gaap-2022.xsd#us-gaap_StockholdersEquityNoteSubscriptionsReceivable" xlink:label="loc_us-gaapStockholdersEquityNoteSubscriptionsReceivable" />
      <link:calculationArc order="4" xlink:arcrole="http://www.xbrl.org/2003/arcrole/summation-item" xlink:from="loc_us-gaapAssetsCurrent" xlink:to="loc_us-gaapStockholdersEquityNoteSubscriptionsReceivable" xlink:type="arc" weight="1" />
      <link:loc xlink:type="locator" xlink:href="https://xbrl.fasb.org/us-gaap/2022/elts/us-gaap-2022.xsd#us-gaap_DepositsAssetsCurrent" xlink:label="loc_us-gaapDepositsAssetsCurrent" />
      <link:calculationArc order="5" xlink:arcrole="http://www.xbrl.org/2003/arcrole/summation-item" xlink:from="loc_us-gaapAssetsCurrent" xlink:to="loc_us-gaapDepositsAssetsCurrent" xlink:type="arc" weight="1" />
      <link:loc xlink:type="locator" xlink:href="https://xbrl.fasb.org/us-gaap/2022/elts/us-gaap-2022.xsd#us-gaap_ShortTermInvestments" xlink:label="loc_us-gaapShortTermInvestments" />
      <link:calculationArc order="6" xlink:arcrole="http://www.xbrl.org/2003/arcrole/summation-item" xlink:from="loc_us-gaapAssetsCurrent" xlink:to="loc_us-gaapShortTermInvestments" xlink:type="arc" weight="1" />
      <link:loc xlink:type="locator" xlink:href="https://xbrl.fasb.org/us-gaap/2022/elts/us-gaap-2022.xsd#us-gaap_AccountsNotesAndLoansReceivableNetCurrent" xlink:label="loc_us-gaapAccountsNotesAndLoansReceivableNetCurrent" />
      <link:calculationArc order="7" xlink:arcrole="http://www.xbrl.org/2003/arcrole/summation-item" xlink:from="loc_us-gaapAssetsCurrent" xlink:to="loc_us-gaapAccountsNotesAndLoansReceivableNetCurrent" xlink:type="arc" weight="1" />
      <link:loc xlink:type="locator" xlink:href="https://xbrl.fasb.org/us-gaap/2022/elts/us-gaap-2022.xsd#us-gaap_PrepaidExpenseAndOtherAssetsCurrent" xlink:label="loc_us-gaapPrepaidExpenseAndOtherAssetsCurrent" />
      <link:calculationArc order="8" xlink:arcrole="http://www.xbrl.org/2003/arcrole/summation-item" xlink:from="loc_us-gaapAssetsCurrent" xlink:to="loc_us-gaapPrepaidExpenseAndOtherAssetsCurrent" xlink:type="arc" weight="1" />
      <link:loc xlink:type="locator" xlink:href="https://xbrl.fasb.org/us-gaap/2022/elts/us-gaap-2022.xsd#us-gaap_AssetsNoncurrent" xlink:label="loc_us-gaapAssetsNoncurrent" />
      <link:loc xlink:type="locator" xlink:href="https://xbrl.fasb.org/us-gaap/2022/elts/us-gaap-2022.xsd#us-gaap_PropertyPlantAndEquipmentNet" xlink:label="loc_us-gaapPropertyPlantAndEquipmentNet" />
      <link:calculationArc order="1" xlink:arcrole="http://www.xbrl.org/2003/arcrole/summation-item" xlink:from="loc_us-gaapAssetsNoncurrent" xlink:to="loc_us-gaapPropertyPlantAndEquipmentNet" xlink:type="arc" weight="1" />
      <link:loc xlink:type="locator" xlink:href="https://xbrl.fasb.org/us-gaap/2022/elts/us-gaap-2022.xsd#us-gaap_AdvancesToAffiliate" xlink:label="loc_us-gaapAdvancesToAffiliate" />
      <link:calculationArc order="2" xlink:arcrole="http://www.xbrl.org/2003/arcrole/summation-item" xlink:from="loc_us-gaapAssetsNoncurrent" xlink:to="loc_us-gaapAdvancesToAffiliate" xlink:type="arc" weight="1" />
      <link:loc xlink:type="locator" xlink:href="https://xbrl.fasb.org/us-gaap/2022/elts/us-gaap-2022.xsd#us-gaap_Investments" xlink:label="loc_us-gaapInvestments" />
      <link:calculationArc order="3" xlink:arcrole="http://www.xbrl.org/2003/arcrole/summation-item" xlink:from="loc_us-gaapAssetsNoncurrent" xlink:to="loc_us-gaapInvestments" xlink:type="arc" weight="1" />
      <link:loc xlink:type="locator" xlink:href="https://xbrl.fasb.org/us-gaap/2022/elts/us-gaap-2022.xsd#us-gaap_PrepaidExpenseNoncurrent" xlink:label="loc_us-gaapPrepaidExpenseNoncurrent" />
      <link:calculationArc order="4" xlink:arcrole="http://www.xbrl.org/2003/arcrole/summation-item" xlink:from="loc_us-gaapAssetsNoncurrent" xlink:to="loc_us-gaapPrepaidExpenseNoncurrent" xlink:type="arc" weight="1" />
      <link:loc xlink:type="locator" xlink:href="https://xbrl.fasb.org/us-gaap/2022/elts/us-gaap-2022.xsd#us-gaap_OperatingLeaseRightOfUseAsset" xlink:label="loc_us-gaapOperatingLeaseRightOfUseAsset" />
      <link:calculationArc order="5" xlink:arcrole="http://www.xbrl.org/2003/arcrole/summation-item" xlink:from="loc_us-gaapAssetsNoncurrent" xlink:to="loc_us-gaapOperatingLeaseRightOfUseAsset" xlink:type="arc" weight="1" />
      <link:loc xlink:type="locator" xlink:href="https://xbrl.fasb.org/us-gaap/2022/elts/us-gaap-2022.xsd#us-gaap_FiniteLivedIntangibleAssetsNet" xlink:label="loc_us-gaapFiniteLivedIntangibleAssetsNet" />
      <link:calculationArc order="6" xlink:arcrole="http://www.xbrl.org/2003/arcrole/summation-item" xlink:from="loc_us-gaapAssetsNoncurrent" xlink:to="loc_us-gaapFiniteLivedIntangibleAssetsNet" xlink:type="arc" weight="1" />
      <link:loc xlink:type="locator" xlink:href="https://xbrl.fasb.org/us-gaap/2022/elts/us-gaap-2022.xsd#us-gaap_Assets" xlink:label="loc_us-gaapAssets" />
      <link:calculationArc order="1" xlink:arcrole="http://www.xbrl.org/2003/arcrole/summation-item" xlink:from="loc_us-gaapAssets" xlink:to="loc_us-gaapAssetsCurrent" xlink:type="arc" weight="1" />
      <link:calculationArc order="2" xlink:arcrole="http://www.xbrl.org/2003/arcrole/summation-item" xlink:from="loc_us-gaapAssets" xlink:to="loc_us-gaapAssetsNoncurrent" xlink:type="arc" weight="1" />
      <link:loc xlink:type="locator" xlink:href="https://xbrl.fasb.org/us-gaap/2022/elts/us-gaap-2022.xsd#us-gaap_LiabilitiesCurrent" xlink:label="loc_us-gaapLiabilitiesCurrent" />
      <link:loc xlink:type="locator" xlink:href="https://xbrl.fasb.org/us-gaap/2022/elts/us-gaap-2022.xsd#us-gaap_AccountsPayableCurrent" xlink:label="loc_us-gaapAccountsPayableCurrent" />
      <link:calculationArc order="1" xlink:arcrole="http://www.xbrl.org/2003/arcrole/summation-item" xlink:from="loc_us-gaapLiabilitiesCurrent" xlink:to="loc_us-gaapAccountsPayableCurrent" xlink:type="arc" weight="1" />
      <link:loc xlink:type="locator" xlink:href="https://xbrl.fasb.org/us-gaap/2022/elts/us-gaap-2022.xsd#us-gaap_AccruedLiabilitiesCurrent" xlink:label="loc_us-gaapAccruedLiabilitiesCurrent" />
      <link:calculationArc order="2" xlink:arcrole="http://www.xbrl.org/2003/arcrole/summation-item" xlink:from="loc_us-gaapLiabilitiesCurrent" xlink:to="loc_us-gaapAccruedLiabilitiesCurrent" xlink:type="arc" weight="1" />
      <link:loc xlink:type="locator" xlink:href="https://xbrl.fasb.org/us-gaap/2022/elts/us-gaap-2022.xsd#us-gaap_OperatingLeaseLiability" xlink:label="loc_us-gaapOperatingLeaseLiability" />
      <link:calculationArc order="3" xlink:arcrole="http://www.xbrl.org/2003/arcrole/summation-item" xlink:from="loc_us-gaapLiabilitiesCurrent" xlink:to="loc_us-gaapOperatingLeaseLiability" xlink:type="arc" weight="1" />
      <link:loc xlink:type="locator" xlink:href="https://xbrl.fasb.org/us-gaap/2022/elts/us-gaap-2022.xsd#us-gaap_InterestPayableCurrent" xlink:label="loc_us-gaapInterestPayableCurrent" />
      <link:calculationArc order="4" xlink:arcrole="http://www.xbrl.org/2003/arcrole/summation-item" xlink:from="loc_us-gaapLiabilitiesCurrent" xlink:to="loc_us-gaapInterestPayableCurrent" xlink:type="arc" weight="1" />
      <link:loc xlink:type="locator" xlink:href="https://xbrl.fasb.org/us-gaap/2022/elts/us-gaap-2022.xsd#us-gaap_LiabilitiesNoncurrent" xlink:label="loc_us-gaapLiabilitiesNoncurrent" />
      <link:loc xlink:type="locator" xlink:href="https://xbrl.fasb.org/us-gaap/2022/elts/us-gaap-2022.xsd#us-gaap_LongTermNotesPayable" xlink:label="loc_us-gaapLongTermNotesPayable" />
      <link:calculationArc order="1" xlink:arcrole="http://www.xbrl.org/2003/arcrole/summation-item" xlink:from="loc_us-gaapLiabilitiesNoncurrent" xlink:to="loc_us-gaapLongTermNotesPayable" xlink:type="arc" weight="1" />
      <link:loc xlink:type="locator" xlink:href="https://xbrl.fasb.org/us-gaap/2022/elts/us-gaap-2022.xsd#us-gaap_OperatingLeaseLiabilityNoncurrent" xlink:label="loc_us-gaapOperatingLeaseLiabilityNoncurrent" />
      <link:calculationArc order="2" xlink:arcrole="http://www.xbrl.org/2003/arcrole/summation-item" xlink:from="loc_us-gaapLiabilitiesNoncurrent" xlink:to="loc_us-gaapOperatingLeaseLiabilityNoncurrent" xlink:type="arc" weight="1" />
      <link:loc xlink:type="locator" xlink:href="https://xbrl.fasb.org/us-gaap/2022/elts/us-gaap-2022.xsd#us-gaap_DeferredIncomeTaxLiabilitiesNet" xlink:label="loc_us-gaapDeferredIncomeTaxLiabilitiesNet" />
      <link:calculationArc order="3" xlink:arcrole="http://www.xbrl.org/2003/arcrole/summation-item" xlink:from="loc_us-gaapLiabilitiesNoncurrent" xlink:to="loc_us-gaapDeferredIncomeTaxLiabilitiesNet" xlink:type="arc" weight="1" />
      <link:loc xlink:type="locator" xlink:href="https://xbrl.fasb.org/us-gaap/2022/elts/us-gaap-2022.xsd#us-gaap_StockholdersEquity" xlink:label="loc_us-gaapStockholdersEquity" />
      <link:loc xlink:type="locator" xlink:href="https://xbrl.fasb.org/us-gaap/2022/elts/us-gaap-2022.xsd#us-gaap_PreferredStockValue" xlink:label="loc_us-gaapPreferredStockValue" />
      <link:calculationArc order="1" xlink:arcrole="http://www.xbrl.org/2003/arcrole/summation-item" xlink:from="loc_us-gaapStockholdersEquity" xlink:to="loc_us-gaapPreferredStockValue" xlink:type="arc" weight="1" />
      <link:loc xlink:type="locator" xlink:href="https://xbrl.fasb.org/us-gaap/2022/elts/us-gaap-2022.xsd#us-gaap_CommonStockValue" xlink:label="loc_us-gaapCommonStockValue" />
      <link:calculationArc order="2" xlink:arcrole="http://www.xbrl.org/2003/arcrole/summation-item" xlink:from="loc_us-gaapStockholdersEquity" xlink:to="loc_us-gaapCommonStockValue" xlink:type="arc" weight="1" />
      <link:loc xlink:type="locator" xlink:href="https://xbrl.fasb.org/us-gaap/2022/elts/us-gaap-2022.xsd#us-gaap_AdditionalPaidInCapital" xlink:label="loc_us-gaapAdditionalPaidInCapital" />
      <link:calculationArc order="3" xlink:arcrole="http://www.xbrl.org/2003/arcrole/summation-item" xlink:from="loc_us-gaapStockholdersEquity" xlink:to="loc_us-gaapAdditionalPaidInCapital" xlink:type="arc" weight="1" />
      <link:loc xlink:type="locator" xlink:href="https://xbrl.fasb.org/us-gaap/2022/elts/us-gaap-2022.xsd#us-gaap_AccumulatedOtherComprehensiveIncomeLossNetOfTax" xlink:label="loc_us-gaapAccumulatedOtherComprehensiveIncomeLossNetOfTax" />
      <link:calculationArc order="4" xlink:arcrole="http://www.xbrl.org/2003/arcrole/summation-item" xlink:from="loc_us-gaapStockholdersEquity" xlink:to="loc_us-gaapAccumulatedOtherComprehensiveIncomeLossNetOfTax" xlink:type="arc" weight="1" />
      <link:loc xlink:type="locator" xlink:href="https://xbrl.fasb.org/us-gaap/2022/elts/us-gaap-2022.xsd#us-gaap_RetainedEarningsAccumulatedDeficit" xlink:label="loc_us-gaapRetainedEarningsAccumulatedDeficit" />
      <link:calculationArc order="5" xlink:arcrole="http://www.xbrl.org/2003/arcrole/summation-item" xlink:from="loc_us-gaapStockholdersEquity" xlink:to="loc_us-gaapRetainedEarningsAccumulatedDeficit" xlink:type="arc" weight="1" />
      <link:loc xlink:type="locator" xlink:href="https://xbrl.fasb.org/us-gaap/2022/elts/us-gaap-2022.xsd#us-gaap_LiabilitiesAndStockholdersEquity" xlink:label="loc_us-gaapLiabilitiesAndStockholdersEquity" />
      <link:calculationArc order="1" xlink:arcrole="http://www.xbrl.org/2003/arcrole/summation-item" xlink:from="loc_us-gaapLiabilitiesAndStockholdersEquity" xlink:to="loc_us-gaapLiabilitiesCurrent" xlink:type="arc" weight="1" />
      <link:calculationArc order="2" xlink:arcrole="http://www.xbrl.org/2003/arcrole/summation-item" xlink:from="loc_us-gaapLiabilitiesAndStockholdersEquity" xlink:to="loc_us-gaapLiabilitiesNoncurrent" xlink:type="arc" weight="1" />
      <link:loc xlink:type="locator" xlink:href="https://xbrl.fasb.org/us-gaap/2022/elts/us-gaap-2022.xsd#us-gaap_CommitmentsAndContingencies" xlink:label="loc_us-gaapCommitmentsAndContingencies" />
      <link:calculationArc order="3" xlink:arcrole="http://www.xbrl.org/2003/arcrole/summation-item" xlink:from="loc_us-gaapLiabilitiesAndStockholdersEquity" xlink:to="loc_us-gaapCommitmentsAndContingencies" xlink:type="arc" weight="1" />
      <link:calculationArc order="4" xlink:arcrole="http://www.xbrl.org/2003/arcrole/summation-item" xlink:from="loc_us-gaapLiabilitiesAndStockholdersEquity" xlink:to="loc_us-gaapStockholdersEquity" xlink:type="arc" weight="1" />
    </link:calculationLink>
    <link:calculationLink xlink:type="extended" xlink:role="http://marathondh.com/role/CondensedBalanceSheetsParenthetical" xlink:title="00000003 - Statement - Consolidated Condensed Balance Sheets (Parenthetical)" />
    <link:calculationLink xlink:type="extended" xlink:role="http://marathondh.com/role/CondensedStatementOfOperations" xlink:title="00000004 - Statement - Consolidated Condensed Statement of Operations (Unaudited)">
      <link:loc xlink:type="locator" xlink:href="https://xbrl.fasb.org/us-gaap/2022/elts/us-gaap-2022.xsd#us-gaap_RevenueFromContractWithCustomerExcludingAssessedTax" xlink:label="loc_us-gaapRevenueFromContractWithCustomerExcludingAssessedTax" />
      <link:loc xlink:type="locator" xlink:href="mara-20220331.xsd#MARA_DigitalCurrencyMiningRevenue" xlink:label="loc_MARADigitalCurrencyMiningRevenue" />
      <link:calculationArc order="1" xlink:arcrole="http://www.xbrl.org/2003/arcrole/summation-item" xlink:from="loc_us-gaapRevenueFromContractWithCustomerExcludingAssessedTax" xlink:to="loc_MARADigitalCurrencyMiningRevenue" xlink:type="arc" weight="1" />
      <link:loc xlink:type="locator" xlink:href="https://xbrl.fasb.org/us-gaap/2022/elts/us-gaap-2022.xsd#us-gaap_OperatingExpenses" xlink:label="loc_us-gaapOperatingExpenses" />
      <link:loc xlink:type="locator" xlink:href="https://xbrl.fasb.org/us-gaap/2022/elts/us-gaap-2022.xsd#us-gaap_LaborAndRelatedExpense" xlink:label="loc_us-gaapLaborAndRelatedExpense" />
      <link:calculationArc order="1" xlink:arcrole="http://www.xbrl.org/2003/arcrole/summation-item" xlink:from="loc_us-gaapOperatingExpenses" xlink:to="loc_us-gaapLaborAndRelatedExpense" xlink:type="arc" weight="1" />
      <link:loc xlink:type="locator" xlink:href="https://xbrl.fasb.org/us-gaap/2022/elts/us-gaap-2022.xsd#us-gaap_ProfessionalFees" xlink:label="loc_us-gaapProfessionalFees" />
      <link:calculationArc order="2" xlink:arcrole="http://www.xbrl.org/2003/arcrole/summation-item" xlink:from="loc_us-gaapOperatingExpenses" xlink:to="loc_us-gaapProfessionalFees" xlink:type="arc" weight="1" />
      <link:loc xlink:type="locator" xlink:href="https://xbrl.fasb.org/us-gaap/2022/elts/us-gaap-2022.xsd#us-gaap_GeneralAndAdministrativeExpense" xlink:label="loc_us-gaapGeneralAndAdministrativeExpense" />
      <link:calculationArc order="3" xlink:arcrole="http://www.xbrl.org/2003/arcrole/summation-item" xlink:from="loc_us-gaapOperatingExpenses" xlink:to="loc_us-gaapGeneralAndAdministrativeExpense" xlink:type="arc" weight="1" />
      <link:loc xlink:type="locator" xlink:href="https://xbrl.fasb.org/us-gaap/2022/elts/us-gaap-2022.xsd#us-gaap_ImpairmentOfLongLivedAssetsHeldForUse" xlink:label="loc_us-gaapImpairmentOfLongLivedAssetsHeldForUse" />
      <link:calculationArc order="4" xlink:arcrole="http://www.xbrl.org/2003/arcrole/summation-item" xlink:from="loc_us-gaapOperatingExpenses" xlink:to="loc_us-gaapImpairmentOfLongLivedAssetsHeldForUse" xlink:type="arc" weight="1" />
      <link:loc xlink:type="locator" xlink:href="https://xbrl.fasb.org/us-gaap/2022/elts/us-gaap-2022.xsd#us-gaap_ImpairmentOfIntangibleAssetsFinitelived" xlink:label="loc_us-gaapImpairmentOfIntangibleAssetsFinitelived" />
      <link:calculationArc order="5" xlink:arcrole="http://www.xbrl.org/2003/arcrole/summation-item" xlink:from="loc_us-gaapOperatingExpenses" xlink:to="loc_us-gaapImpairmentOfIntangibleAssetsFinitelived" xlink:type="arc" weight="1" />
      <link:loc xlink:type="locator" xlink:href="https://xbrl.fasb.org/us-gaap/2022/elts/us-gaap-2022.xsd#us-gaap_OperatingIncomeLoss" xlink:label="loc_us-gaapOperatingIncomeLoss" />
      <link:calculationArc order="1" xlink:arcrole="http://www.xbrl.org/2003/arcrole/summation-item" xlink:from="loc_us-gaapOperatingIncomeLoss" xlink:to="loc_us-gaapRevenueFromContractWithCustomerExcludingAssessedTax" xlink:type="arc" weight="1" />
      <link:loc xlink:type="locator" xlink:href="https://xbrl.fasb.org/us-gaap/2022/elts/us-gaap-2022.xsd#us-gaap_CostOfRevenue" xlink:label="loc_us-gaapCostOfRevenue" />
      <link:calculationArc order="2" xlink:arcrole="http://www.xbrl.org/2003/arcrole/summation-item" xlink:from="loc_us-gaapOperatingIncomeLoss" xlink:to="loc_us-gaapCostOfRevenue" xlink:type="arc" weight="-1" />
      <link:calculationArc order="3" xlink:arcrole="http://www.xbrl.org/2003/arcrole/summation-item" xlink:from="loc_us-gaapOperatingIncomeLoss" xlink:to="loc_us-gaapOperatingExpenses" xlink:type="arc" weight="-1" />
      <link:loc xlink:type="locator" xlink:href="https://xbrl.fasb.org/us-gaap/2022/elts/us-gaap-2022.xsd#us-gaap_NonoperatingIncomeExpense" xlink:label="loc_us-gaapNonoperatingIncomeExpense" />
      <link:loc xlink:type="locator" xlink:href="https://xbrl.fasb.org/us-gaap/2022/elts/us-gaap-2022.xsd#us-gaap_MarketableSecuritiesGainLoss" xlink:label="loc_us-gaapMarketableSecuritiesGainLoss" />
      <link:calculationArc order="1" xlink:arcrole="http://www.xbrl.org/2003/arcrole/summation-item" xlink:from="loc_us-gaapNonoperatingIncomeExpense" xlink:to="loc_us-gaapMarketableSecuritiesGainLoss" xlink:type="arc" weight="1" />
      <link:loc xlink:type="locator" xlink:href="https://xbrl.fasb.org/us-gaap/2022/elts/us-gaap-2022.xsd#us-gaap_FairValueAdjustmentOfWarrants" xlink:label="loc_us-gaapFairValueAdjustmentOfWarrants" />
      <link:calculationArc order="2" xlink:arcrole="http://www.xbrl.org/2003/arcrole/summation-item" xlink:from="loc_us-gaapNonoperatingIncomeExpense" xlink:to="loc_us-gaapFairValueAdjustmentOfWarrants" xlink:type="arc" weight="-1" />
      <link:loc xlink:type="locator" xlink:href="https://xbrl.fasb.org/us-gaap/2022/elts/us-gaap-2022.xsd#us-gaap_InvestmentIncomeInterest" xlink:label="loc_us-gaapInvestmentIncomeInterest" />
      <link:calculationArc order="3" xlink:arcrole="http://www.xbrl.org/2003/arcrole/summation-item" xlink:from="loc_us-gaapNonoperatingIncomeExpense" xlink:to="loc_us-gaapInvestmentIncomeInterest" xlink:type="arc" weight="1" />
      <link:loc xlink:type="locator" xlink:href="https://xbrl.fasb.org/us-gaap/2022/elts/us-gaap-2022.xsd#us-gaap_OtherNonoperatingIncomeExpense" xlink:label="loc_us-gaapOtherNonoperatingIncomeExpense" />
      <link:calculationArc order="4" xlink:arcrole="http://www.xbrl.org/2003/arcrole/summation-item" xlink:from="loc_us-gaapNonoperatingIncomeExpense" xlink:to="loc_us-gaapOtherNonoperatingIncomeExpense" xlink:type="arc" weight="1" />
      <link:loc xlink:type="locator" xlink:href="https://xbrl.fasb.org/us-gaap/2022/elts/us-gaap-2022.xsd#us-gaap_IncomeLossFromContinuingOperationsBeforeIncomeTaxesExtraordinaryItemsNoncontrollingInterest" xlink:label="loc_us-gaapIncomeLossFromContinuingOperationsBeforeIncomeTaxesExtraordinaryItemsNoncontrollingInterest" />
      <link:calculationArc order="1" xlink:arcrole="http://www.xbrl.org/2003/arcrole/summation-item" xlink:from="loc_us-gaapIncomeLossFromContinuingOperationsBeforeIncomeTaxesExtraordinaryItemsNoncontrollingInterest" xlink:to="loc_us-gaapOperatingIncomeLoss" xlink:type="arc" weight="1" />
      <link:calculationArc order="2" xlink:arcrole="http://www.xbrl.org/2003/arcrole/summation-item" xlink:from="loc_us-gaapIncomeLossFromContinuingOperationsBeforeIncomeTaxesExtraordinaryItemsNoncontrollingInterest" xlink:to="loc_us-gaapNonoperatingIncomeExpense" xlink:type="arc" weight="1" />
      <link:loc xlink:type="locator" xlink:href="https://xbrl.fasb.org/us-gaap/2022/elts/us-gaap-2022.xsd#us-gaap_InterestExpense" xlink:label="loc_us-gaapInterestExpense" />
      <link:calculationArc order="3" xlink:arcrole="http://www.xbrl.org/2003/arcrole/summation-item" xlink:from="loc_us-gaapIncomeLossFromContinuingOperationsBeforeIncomeTaxesExtraordinaryItemsNoncontrollingInterest" xlink:to="loc_us-gaapInterestExpense" xlink:type="arc" weight="-1" />
      <link:loc xlink:type="locator" xlink:href="https://xbrl.fasb.org/us-gaap/2022/elts/us-gaap-2022.xsd#us-gaap_NetIncomeLoss" xlink:label="loc_us-gaapNetIncomeLoss" />
      <link:calculationArc order="1" xlink:arcrole="http://www.xbrl.org/2003/arcrole/summation-item" xlink:from="loc_us-gaapNetIncomeLoss" xlink:to="loc_us-gaapIncomeLossFromContinuingOperationsBeforeIncomeTaxesExtraordinaryItemsNoncontrollingInterest" xlink:type="arc" weight="1" />
      <link:loc xlink:type="locator" xlink:href="https://xbrl.fasb.org/us-gaap/2022/elts/us-gaap-2022.xsd#us-gaap_IncomeTaxExpenseBenefit" xlink:label="loc_us-gaapIncomeTaxExpenseBenefit" />
      <link:calculationArc order="2" xlink:arcrole="http://www.xbrl.org/2003/arcrole/summation-item" xlink:from="loc_us-gaapNetIncomeLoss" xlink:to="loc_us-gaapIncomeTaxExpenseBenefit" xlink:type="arc" weight="-1" />
    </link:calculationLink>
    <link:calculationLink xlink:type="extended" xlink:role="http://marathondh.com/role/CondensedStatementsOfStockholdersEquity" xlink:title="00000005 - Statement - Consolidated Condensed Statements of Stockholders&apos; Equity (Unaudited)" />
    <link:calculationLink xlink:type="extended" xlink:role="http://marathondh.com/role/CondensedStatementsOfCashFlows" xlink:title="00000006 - Statement - Consolidated Condensed Statements of Cash Flows (Unaudited)">
      <link:loc xlink:type="locator" xlink:href="https://xbrl.fasb.org/us-gaap/2022/elts/us-gaap-2022.xsd#us-gaap_NetCashProvidedByUsedInOperatingActivities" xlink:label="loc_us-gaapNetCashProvidedByUsedInOperatingActivities" />
      <link:loc xlink:type="locator" xlink:href="https://xbrl.fasb.org/us-gaap/2022/elts/us-gaap-2022.xsd#us-gaap_NetIncomeLoss" xlink:label="loc_us-gaapNetIncomeLoss" />
      <link:calculationArc order="1" xlink:arcrole="http://www.xbrl.org/2003/arcrole/summation-item" xlink:from="loc_us-gaapNetCashProvidedByUsedInOperatingActivities" xlink:to="loc_us-gaapNetIncomeLoss" xlink:type="arc" weight="1" />
      <link:loc xlink:type="locator" xlink:href="https://xbrl.fasb.org/us-gaap/2022/elts/us-gaap-2022.xsd#us-gaap_DepreciationAndAmortization" xlink:label="loc_us-gaapDepreciationAndAmortization" />
      <link:calculationArc order="2" xlink:arcrole="http://www.xbrl.org/2003/arcrole/summation-item" xlink:from="loc_us-gaapNetCashProvidedByUsedInOperatingActivities" xlink:to="loc_us-gaapDepreciationAndAmortization" xlink:type="arc" weight="1" />
      <link:loc xlink:type="locator" xlink:href="https://xbrl.fasb.org/us-gaap/2022/elts/us-gaap-2022.xsd#us-gaap_ImpairmentOfIntangibleAssetsFinitelived" xlink:label="loc_us-gaapImpairmentOfIntangibleAssetsFinitelived" />
      <link:calculationArc order="3" xlink:arcrole="http://www.xbrl.org/2003/arcrole/summation-item" xlink:from="loc_us-gaapNetCashProvidedByUsedInOperatingActivities" xlink:to="loc_us-gaapImpairmentOfIntangibleAssetsFinitelived" xlink:type="arc" weight="1" />
      <link:loc xlink:type="locator" xlink:href="https://xbrl.fasb.org/us-gaap/2022/elts/us-gaap-2022.xsd#us-gaap_IncreaseDecreaseInDeferredLiabilities" xlink:label="loc_us-gaapIncreaseDecreaseInDeferredLiabilities" />
      <link:calculationArc order="4" xlink:arcrole="http://www.xbrl.org/2003/arcrole/summation-item" xlink:from="loc_us-gaapNetCashProvidedByUsedInOperatingActivities" xlink:to="loc_us-gaapIncreaseDecreaseInDeferredLiabilities" xlink:type="arc" weight="1" />
      <link:loc xlink:type="locator" xlink:href="https://xbrl.fasb.org/us-gaap/2022/elts/us-gaap-2022.xsd#us-gaap_FairValueAdjustmentOfWarrants" xlink:label="loc_us-gaapFairValueAdjustmentOfWarrants" />
      <link:calculationArc order="5" xlink:arcrole="http://www.xbrl.org/2003/arcrole/summation-item" xlink:from="loc_us-gaapNetCashProvidedByUsedInOperatingActivities" xlink:to="loc_us-gaapFairValueAdjustmentOfWarrants" xlink:type="arc" weight="1" />
      <link:loc xlink:type="locator" xlink:href="https://xbrl.fasb.org/us-gaap/2022/elts/us-gaap-2022.xsd#us-gaap_MarketableSecuritiesGainLoss" xlink:label="loc_us-gaapMarketableSecuritiesGainLoss" />
      <link:calculationArc order="6" xlink:arcrole="http://www.xbrl.org/2003/arcrole/summation-item" xlink:from="loc_us-gaapNetCashProvidedByUsedInOperatingActivities" xlink:to="loc_us-gaapMarketableSecuritiesGainLoss" xlink:type="arc" weight="-1" />
      <link:loc xlink:type="locator" xlink:href="mara-20220331.xsd#MARA_ImpairmentOfDigitalCurrencies" xlink:label="loc_MARAImpairmentOfDigitalCurrencies" />
      <link:calculationArc order="7" xlink:arcrole="http://www.xbrl.org/2003/arcrole/summation-item" xlink:from="loc_us-gaapNetCashProvidedByUsedInOperatingActivities" xlink:to="loc_MARAImpairmentOfDigitalCurrencies" xlink:type="arc" weight="1" />
      <link:loc xlink:type="locator" xlink:href="https://xbrl.fasb.org/us-gaap/2022/elts/us-gaap-2022.xsd#us-gaap_ShareBasedCompensation" xlink:label="loc_us-gaapShareBasedCompensation" />
      <link:calculationArc order="8" xlink:arcrole="http://www.xbrl.org/2003/arcrole/summation-item" xlink:from="loc_us-gaapNetCashProvidedByUsedInOperatingActivities" xlink:to="loc_us-gaapShareBasedCompensation" xlink:type="arc" weight="1" />
      <link:loc xlink:type="locator" xlink:href="https://xbrl.fasb.org/us-gaap/2022/elts/us-gaap-2022.xsd#us-gaap_OperatingLeaseRightOfUseAssetAmortizationExpense" xlink:label="loc_us-gaapOperatingLeaseRightOfUseAssetAmortizationExpense" />
      <link:calculationArc order="9" xlink:arcrole="http://www.xbrl.org/2003/arcrole/summation-item" xlink:from="loc_us-gaapNetCashProvidedByUsedInOperatingActivities" xlink:to="loc_us-gaapOperatingLeaseRightOfUseAssetAmortizationExpense" xlink:type="arc" weight="1" />
      <link:loc xlink:type="locator" xlink:href="mara-20220331.xsd#MARA_AmortizationOfBondIssuanceCosts" xlink:label="loc_MARAAmortizationOfBondIssuanceCosts" />
      <link:calculationArc order="10" xlink:arcrole="http://www.xbrl.org/2003/arcrole/summation-item" xlink:from="loc_us-gaapNetCashProvidedByUsedInOperatingActivities" xlink:to="loc_MARAAmortizationOfBondIssuanceCosts" xlink:type="arc" weight="1" />
      <link:loc xlink:type="locator" xlink:href="mara-20220331.xsd#MARA_OtherAdjustmentsFromOperations" xlink:label="loc_MARAOtherAdjustmentsFromOperations" />
      <link:calculationArc order="11" xlink:arcrole="http://www.xbrl.org/2003/arcrole/summation-item" xlink:from="loc_us-gaapNetCashProvidedByUsedInOperatingActivities" xlink:to="loc_MARAOtherAdjustmentsFromOperations" xlink:type="arc" weight="1" />
      <link:loc xlink:type="locator" xlink:href="mara-20220331.xsd#MARA_IncreaseDecreaseInDigitalCurrencies" xlink:label="loc_MARAIncreaseDecreaseInDigitalCurrencies" />
      <link:calculationArc order="12" xlink:arcrole="http://www.xbrl.org/2003/arcrole/summation-item" xlink:from="loc_us-gaapNetCashProvidedByUsedInOperatingActivities" xlink:to="loc_MARAIncreaseDecreaseInDigitalCurrencies" xlink:type="arc" weight="-1" />
      <link:loc xlink:type="locator" xlink:href="https://xbrl.fasb.org/us-gaap/2022/elts/us-gaap-2022.xsd#us-gaap_IncreaseDecreaseInOtherReceivables" xlink:label="loc_us-gaapIncreaseDecreaseInOtherReceivables" />
      <link:calculationArc order="13" xlink:arcrole="http://www.xbrl.org/2003/arcrole/summation-item" xlink:from="loc_us-gaapNetCashProvidedByUsedInOperatingActivities" xlink:to="loc_us-gaapIncreaseDecreaseInOtherReceivables" xlink:type="arc" weight="-1" />
      <link:loc xlink:type="locator" xlink:href="mara-20220331.xsd#MARA_IncreaseDecreaseInLeaseLiability" xlink:label="loc_MARAIncreaseDecreaseInLeaseLiability" />
      <link:calculationArc order="14" xlink:arcrole="http://www.xbrl.org/2003/arcrole/summation-item" xlink:from="loc_us-gaapNetCashProvidedByUsedInOperatingActivities" xlink:to="loc_MARAIncreaseDecreaseInLeaseLiability" xlink:type="arc" weight="1" />
      <link:loc xlink:type="locator" xlink:href="https://xbrl.fasb.org/us-gaap/2022/elts/us-gaap-2022.xsd#us-gaap_IncreaseDecreaseInPrepaidDeferredExpenseAndOtherAssets" xlink:label="loc_us-gaapIncreaseDecreaseInPrepaidDeferredExpenseAndOtherAssets" />
      <link:calculationArc order="15" xlink:arcrole="http://www.xbrl.org/2003/arcrole/summation-item" xlink:from="loc_us-gaapNetCashProvidedByUsedInOperatingActivities" xlink:to="loc_us-gaapIncreaseDecreaseInPrepaidDeferredExpenseAndOtherAssets" xlink:type="arc" weight="-1" />
      <link:loc xlink:type="locator" xlink:href="https://xbrl.fasb.org/us-gaap/2022/elts/us-gaap-2022.xsd#us-gaap_IncreaseDecreaseInAccountsPayableAndAccruedLiabilities" xlink:label="loc_us-gaapIncreaseDecreaseInAccountsPayableAndAccruedLiabilities" />
      <link:calculationArc order="16" xlink:arcrole="http://www.xbrl.org/2003/arcrole/summation-item" xlink:from="loc_us-gaapNetCashProvidedByUsedInOperatingActivities" xlink:to="loc_us-gaapIncreaseDecreaseInAccountsPayableAndAccruedLiabilities" xlink:type="arc" weight="1" />
      <link:loc xlink:type="locator" xlink:href="https://xbrl.fasb.org/us-gaap/2022/elts/us-gaap-2022.xsd#us-gaap_IncreaseDecreaseInInterestPayableNet" xlink:label="loc_us-gaapIncreaseDecreaseInInterestPayableNet" />
      <link:calculationArc order="17" xlink:arcrole="http://www.xbrl.org/2003/arcrole/summation-item" xlink:from="loc_us-gaapNetCashProvidedByUsedInOperatingActivities" xlink:to="loc_us-gaapIncreaseDecreaseInInterestPayableNet" xlink:type="arc" weight="1" />
      <link:loc xlink:type="locator" xlink:href="https://xbrl.fasb.org/us-gaap/2022/elts/us-gaap-2022.xsd#us-gaap_NetCashProvidedByUsedInInvestingActivities" xlink:label="loc_us-gaapNetCashProvidedByUsedInInvestingActivities" />
      <link:loc xlink:type="locator" xlink:href="mara-20220331.xsd#MARA_AdvancesToVendor" xlink:label="loc_MARAAdvancesToVendor" />
      <link:calculationArc order="1" xlink:arcrole="http://www.xbrl.org/2003/arcrole/summation-item" xlink:from="loc_us-gaapNetCashProvidedByUsedInInvestingActivities" xlink:to="loc_MARAAdvancesToVendor" xlink:type="arc" weight="-1" />
      <link:loc xlink:type="locator" xlink:href="https://xbrl.fasb.org/us-gaap/2022/elts/us-gaap-2022.xsd#us-gaap_PaymentsToAcquirePropertyPlantAndEquipment" xlink:label="loc_us-gaapPaymentsToAcquirePropertyPlantAndEquipment" />
      <link:calculationArc order="2" xlink:arcrole="http://www.xbrl.org/2003/arcrole/summation-item" xlink:from="loc_us-gaapNetCashProvidedByUsedInInvestingActivities" xlink:to="loc_us-gaapPaymentsToAcquirePropertyPlantAndEquipment" xlink:type="arc" weight="-1" />
      <link:loc xlink:type="locator" xlink:href="https://xbrl.fasb.org/us-gaap/2022/elts/us-gaap-2022.xsd#us-gaap_PaymentsToAcquireInvestments" xlink:label="loc_us-gaapPaymentsToAcquireInvestments" />
      <link:calculationArc order="3" xlink:arcrole="http://www.xbrl.org/2003/arcrole/summation-item" xlink:from="loc_us-gaapNetCashProvidedByUsedInInvestingActivities" xlink:to="loc_us-gaapPaymentsToAcquireInvestments" xlink:type="arc" weight="-1" />
      <link:loc xlink:type="locator" xlink:href="https://xbrl.fasb.org/us-gaap/2022/elts/us-gaap-2022.xsd#us-gaap_PaymentsToAcquireAvailableForSaleSecuritiesDebt" xlink:label="loc_us-gaapPaymentsToAcquireAvailableForSaleSecuritiesDebt" />
      <link:calculationArc order="4" xlink:arcrole="http://www.xbrl.org/2003/arcrole/summation-item" xlink:from="loc_us-gaapNetCashProvidedByUsedInInvestingActivities" xlink:to="loc_us-gaapPaymentsToAcquireAvailableForSaleSecuritiesDebt" xlink:type="arc" weight="-1" />
      <link:loc xlink:type="locator" xlink:href="mara-20220331.xsd#MARA_ProceedsFromSaleOfDigitalCurrencies" xlink:label="loc_MARAProceedsFromSaleOfDigitalCurrencies" />
      <link:calculationArc order="5" xlink:arcrole="http://www.xbrl.org/2003/arcrole/summation-item" xlink:from="loc_us-gaapNetCashProvidedByUsedInInvestingActivities" xlink:to="loc_MARAProceedsFromSaleOfDigitalCurrencies" xlink:type="arc" weight="1" />
      <link:loc xlink:type="locator" xlink:href="https://xbrl.fasb.org/us-gaap/2022/elts/us-gaap-2022.xsd#us-gaap_NetCashProvidedByUsedInFinancingActivities" xlink:label="loc_us-gaapNetCashProvidedByUsedInFinancingActivities" />
      <link:loc xlink:type="locator" xlink:href="https://xbrl.fasb.org/us-gaap/2022/elts/us-gaap-2022.xsd#us-gaap_ProceedsFromIssuanceOfCommonStock" xlink:label="loc_us-gaapProceedsFromIssuanceOfCommonStock" />
      <link:calculationArc order="1" xlink:arcrole="http://www.xbrl.org/2003/arcrole/summation-item" xlink:from="loc_us-gaapNetCashProvidedByUsedInFinancingActivities" xlink:to="loc_us-gaapProceedsFromIssuanceOfCommonStock" xlink:type="arc" weight="1" />
      <link:loc xlink:type="locator" xlink:href="https://xbrl.fasb.org/us-gaap/2022/elts/us-gaap-2022.xsd#us-gaap_PaymentsOfStockIssuanceCosts" xlink:label="loc_us-gaapPaymentsOfStockIssuanceCosts" />
      <link:calculationArc order="2" xlink:arcrole="http://www.xbrl.org/2003/arcrole/summation-item" xlink:from="loc_us-gaapNetCashProvidedByUsedInFinancingActivities" xlink:to="loc_us-gaapPaymentsOfStockIssuanceCosts" xlink:type="arc" weight="-1" />
      <link:loc xlink:type="locator" xlink:href="https://xbrl.fasb.org/us-gaap/2022/elts/us-gaap-2022.xsd#us-gaap_ProceedsFromWarrantExercises" xlink:label="loc_us-gaapProceedsFromWarrantExercises" />
      <link:calculationArc order="3" xlink:arcrole="http://www.xbrl.org/2003/arcrole/summation-item" xlink:from="loc_us-gaapNetCashProvidedByUsedInFinancingActivities" xlink:to="loc_us-gaapProceedsFromWarrantExercises" xlink:type="arc" weight="1" />
      <link:loc xlink:type="locator" xlink:href="https://xbrl.fasb.org/us-gaap/2022/elts/us-gaap-2022.xsd#us-gaap_CashCashEquivalentsRestrictedCashAndRestrictedCashEquivalentsPeriodIncreaseDecreaseIncludingExchangeRateEffect" xlink:label="loc_us-gaapCashCashEquivalentsRestrictedCashAndRestrictedCashEquivalentsPeriodIncreaseDecreaseIncludingExchangeRateEffect" />
      <link:calculationArc order="1" xlink:arcrole="http://www.xbrl.org/2003/arcrole/summation-item" xlink:from="loc_us-gaapCashCashEquivalentsRestrictedCashAndRestrictedCashEquivalentsPeriodIncreaseDecreaseIncludingExchangeRateEffect" xlink:to="loc_us-gaapNetCashProvidedByUsedInOperatingActivities" xlink:type="arc" weight="1" />
      <link:calculationArc order="2" xlink:arcrole="http://www.xbrl.org/2003/arcrole/summation-item" xlink:from="loc_us-gaapCashCashEquivalentsRestrictedCashAndRestrictedCashEquivalentsPeriodIncreaseDecreaseIncludingExchangeRateEffect" xlink:to="loc_us-gaapNetCashProvidedByUsedInInvestingActivities" xlink:type="arc" weight="1" />
      <link:calculationArc order="3" xlink:arcrole="http://www.xbrl.org/2003/arcrole/summation-item" xlink:from="loc_us-gaapCashCashEquivalentsRestrictedCashAndRestrictedCashEquivalentsPeriodIncreaseDecreaseIncludingExchangeRateEffect" xlink:to="loc_us-gaapNetCashProvidedByUsedInFinancingActivities" xlink:type="arc" weight="1" />
    </link:calculationLink>
    <link:calculationLink xlink:type="extended" xlink:role="http://marathondh.com/role/OrganizationAndDescriptionOfBusiness" xlink:title="00000007 - Disclosure - ORGANIZATION AND DESCRIPTION OF BUSINESS" />
    <link:calculationLink xlink:type="extended" xlink:role="http://marathondh.com/role/SummaryOfSignificantAccountingPolicies" xlink:title="00000008 - Disclosure - SUMMARY OF SIGNIFICANT ACCOUNTING POLICIES" />
    <link:calculationLink xlink:type="extended" xlink:role="http://marathondh.com/role/AdvancesToVendorsAndPropertyAndEquipment" xlink:title="00000009 - Disclosure - ADVANCES TO VENDORS AND PROPERTY AND EQUIPMENT" />
    <link:calculationLink xlink:type="extended" xlink:role="http://marathondh.com/role/StockholdersEquity" xlink:title="00000010 - Disclosure - STOCKHOLDERS&#8217; EQUITY" />
    <link:calculationLink xlink:type="extended" xlink:role="http://marathondh.com/role/DebtCommitmentsAndContingencies" xlink:title="00000011 - Disclosure - DEBT, COMMITMENTS AND CONTINGENCIES" />
    <link:calculationLink xlink:type="extended" xlink:role="http://marathondh.com/role/SubsequentEvents" xlink:title="00000012 - Disclosure - Subsequent Events" />
    <link:calculationLink xlink:type="extended" xlink:role="http://marathondh.com/role/SummaryOfSignificantAccountingPoliciesPolicies" xlink:title="00000013 - Disclosure - SUMMARY OF SIGNIFICANT ACCOUNTING POLICIES (Policies)" />
    <link:calculationLink xlink:type="extended" xlink:role="http://marathondh.com/role/SummaryOfSignificantAccountingPoliciesTables" xlink:title="00000014 - Disclosure - SUMMARY OF SIGNIFICANT ACCOUNTING POLICIES (Tables)" />
    <link:calculationLink xlink:type="extended" xlink:role="http://marathondh.com/role/AdvancesToVendorsAndPropertyAndEquipmentTables" xlink:title="00000015 - Disclosure - ADVANCES TO VENDORS AND PROPERTY AND EQUIPMENT (Tables)" />
    <link:calculationLink xlink:type="extended" xlink:role="http://marathondh.com/role/StockholdersEquityTables" xlink:title="00000016 - Disclosure - STOCKHOLDERS&#8217; EQUITY (Tables)" />
    <link:calculationLink xlink:type="extended" xlink:role="http://marathondh.com/role/DebtCommitmentsAndContingenciesTables" xlink:title="00000017 - Disclosure - DEBT, COMMITMENTS AND CONTINGENCIES (Tables)" />
    <link:calculationLink xlink:type="extended" xlink:role="http://marathondh.com/role/ScheduleOfActivitiesOfDigitalCurrenciesDetails" xlink:title="00000018 - Disclosure - SCHEDULE OF ACTIVITIES OF DIGITAL CURRENCIES (Details)" />
    <link:calculationLink xlink:type="extended" xlink:role="http://marathondh.com/role/ScheduleOfAssetsAndLiabilitiesMeasuredAtFairValueOnRecurringBasisDetails" xlink:title="00000019 - Disclosure - SCHEDULE OF ASSETS AND LIABILITIES MEASURED AT FAIR VALUE ON RECURRING BASIS (Details)" />
    <link:calculationLink xlink:type="extended" xlink:role="http://marathondh.com/role/ScheduleOfAntidilutiveSecuritiesExcludedFromComputationOfEarningsPerShareDetails" xlink:title="00000020 - Disclosure - SCHEDULE OF ANTIDILUTIVE SECURITIES EXCLUDED FROM COMPUTATION OF EARNINGS PER SHARE (Details)" />
    <link:calculationLink xlink:type="extended" xlink:role="http://marathondh.com/role/ScheduleOfComputationOfBasicAndDilutedLossPerShareDetails" xlink:title="00000021 - Disclosure - SCHEDULE OF COMPUTATION OF BASIC AND DILUTED LOSS PER SHARE (Details)" />
    <link:calculationLink xlink:type="extended" xlink:role="http://marathondh.com/role/SummaryOfSignificantAccountingPoliciesDetailsNarrative" xlink:title="00000022 - Disclosure - SUMMARY OF SIGNIFICANT ACCOUNTING POLICIES (Details Narrative)" />
    <link:calculationLink xlink:type="extended" xlink:role="http://marathondh.com/role/ScheduleOfComponentsOfPropertyEquipmentAndIntangibleAssetsDetails" xlink:title="00000023 - Disclosure - SCHEDULE OF COMPONENTS OF PROPERTY, EQUIPMENT AND INTANGIBLE ASSETS (Details)" />
    <link:calculationLink xlink:type="extended" xlink:role="http://marathondh.com/role/AdvancesToVendorsAndPropertyAndEquipmentDetailsNarrative" xlink:title="00000024 - Disclosure - ADVANCES TO VENDORS AND PROPERTY AND EQUIPMENT (Details Narrative)" />
    <link:calculationLink xlink:type="extended" xlink:role="http://marathondh.com/role/SummaryOfOutstandingStockWarrantsDetails" xlink:title="00000025 - Disclosure - SUMMARY OF OUTSTANDING STOCK WARRANTS (Details)" />
    <link:calculationLink xlink:type="extended" xlink:role="http://marathondh.com/role/SummaryOfRestrictedStockAwardActivityDetails" xlink:title="00000026 - Disclosure - SUMMARY OF RESTRICTED STOCK AWARD ACTIVITY (Details)" />
    <link:calculationLink xlink:type="extended" xlink:role="http://marathondh.com/role/StockholdersEquityDetailsNarrative" xlink:title="00000027 - Disclosure - STOCKHOLDERS&#8217; EQUITY (Details Narrative)" />
    <link:calculationLink xlink:type="extended" xlink:role="http://marathondh.com/role/ScheduleOfComponentsOfLeaseCostDetails" xlink:title="00000028 - Disclosure - SCHEDULE OF COMPONENTS OF LEASE COST (Details)">
      <link:loc xlink:type="locator" xlink:href="https://xbrl.fasb.org/us-gaap/2022/elts/us-gaap-2022.xsd#us-gaap_OperatingLeaseExpense" xlink:label="loc_us-gaapOperatingLeaseExpense" />
      <link:loc xlink:type="locator" xlink:href="https://xbrl.fasb.org/us-gaap/2022/elts/us-gaap-2022.xsd#us-gaap_OperatingLeaseCost" xlink:label="loc_us-gaapOperatingLeaseCost" />
      <link:calculationArc order="1" xlink:arcrole="http://www.xbrl.org/2003/arcrole/summation-item" xlink:from="loc_us-gaapOperatingLeaseExpense" xlink:to="loc_us-gaapOperatingLeaseCost" xlink:type="arc" weight="1" />
      <link:loc xlink:type="locator" xlink:href="https://xbrl.fasb.org/us-gaap/2022/elts/us-gaap-2022.xsd#us-gaap_LeaseCost" xlink:label="loc_us-gaapLeaseCost" />
      <link:calculationArc order="1" xlink:arcrole="http://www.xbrl.org/2003/arcrole/summation-item" xlink:from="loc_us-gaapLeaseCost" xlink:to="loc_us-gaapOperatingLeaseExpense" xlink:type="arc" weight="1" />
      <link:loc xlink:type="locator" xlink:href="https://xbrl.fasb.org/us-gaap/2022/elts/us-gaap-2022.xsd#us-gaap_ShortTermLeaseCost" xlink:label="loc_us-gaapShortTermLeaseCost" />
      <link:calculationArc order="2" xlink:arcrole="http://www.xbrl.org/2003/arcrole/summation-item" xlink:from="loc_us-gaapLeaseCost" xlink:to="loc_us-gaapShortTermLeaseCost" xlink:type="arc" weight="1" />
    </link:calculationLink>
    <link:calculationLink xlink:type="extended" xlink:role="http://marathondh.com/role/SummaryOfMinimumLeasePaymentsDetails" xlink:title="00000029 - Disclosure - SUMMARY OF MINIMUM LEASE PAYMENTS (Details)" />
    <link:calculationLink xlink:type="extended" xlink:role="http://marathondh.com/role/ScheduleOfContractualMinimumLeaseDetails" xlink:title="00000030 - Disclosure - SCHEDULE OF CONTRACTUAL MINIMUM LEASE (Details)">
      <link:loc xlink:type="locator" xlink:href="https://xbrl.fasb.org/us-gaap/2022/elts/us-gaap-2022.xsd#us-gaap_LesseeOperatingLeaseLiabilityPaymentsDue" xlink:label="loc_us-gaapLesseeOperatingLeaseLiabilityPaymentsDue" />
      <link:loc xlink:type="locator" xlink:href="https://xbrl.fasb.org/us-gaap/2022/elts/us-gaap-2022.xsd#us-gaap_LesseeOperatingLeaseLiabilityPaymentsRemainderOfFiscalYear" xlink:label="loc_us-gaapLesseeOperatingLeaseLiabilityPaymentsRemainderOfFiscalYear" />
      <link:calculationArc order="1" xlink:arcrole="http://www.xbrl.org/2003/arcrole/summation-item" xlink:from="loc_us-gaapLesseeOperatingLeaseLiabilityPaymentsDue" xlink:to="loc_us-gaapLesseeOperatingLeaseLiabilityPaymentsRemainderOfFiscalYear" xlink:type="arc" weight="1" />
      <link:loc xlink:type="locator" xlink:href="https://xbrl.fasb.org/us-gaap/2022/elts/us-gaap-2022.xsd#us-gaap_LesseeOperatingLeaseLiabilityPaymentsDueNextTwelveMonths" xlink:label="loc_us-gaapLesseeOperatingLeaseLiabilityPaymentsDueNextTwelveMonths" />
      <link:calculationArc order="2" xlink:arcrole="http://www.xbrl.org/2003/arcrole/summation-item" xlink:from="loc_us-gaapLesseeOperatingLeaseLiabilityPaymentsDue" xlink:to="loc_us-gaapLesseeOperatingLeaseLiabilityPaymentsDueNextTwelveMonths" xlink:type="arc" weight="1" />
      <link:loc xlink:type="locator" xlink:href="https://xbrl.fasb.org/us-gaap/2022/elts/us-gaap-2022.xsd#us-gaap_LesseeOperatingLeaseLiabilityPaymentsDueYearTwo" xlink:label="loc_us-gaapLesseeOperatingLeaseLiabilityPaymentsDueYearTwo" />
      <link:calculationArc order="3" xlink:arcrole="http://www.xbrl.org/2003/arcrole/summation-item" xlink:from="loc_us-gaapLesseeOperatingLeaseLiabilityPaymentsDue" xlink:to="loc_us-gaapLesseeOperatingLeaseLiabilityPaymentsDueYearTwo" xlink:type="arc" weight="1" />
      <link:loc xlink:type="locator" xlink:href="https://xbrl.fasb.org/us-gaap/2022/elts/us-gaap-2022.xsd#us-gaap_LesseeOperatingLeaseLiabilityPaymentsDueYearThree" xlink:label="loc_us-gaapLesseeOperatingLeaseLiabilityPaymentsDueYearThree" />
      <link:calculationArc order="4" xlink:arcrole="http://www.xbrl.org/2003/arcrole/summation-item" xlink:from="loc_us-gaapLesseeOperatingLeaseLiabilityPaymentsDue" xlink:to="loc_us-gaapLesseeOperatingLeaseLiabilityPaymentsDueYearThree" xlink:type="arc" weight="1" />
      <link:loc xlink:type="locator" xlink:href="https://xbrl.fasb.org/us-gaap/2022/elts/us-gaap-2022.xsd#us-gaap_LesseeOperatingLeaseLiabilityPaymentsDueYearFour" xlink:label="loc_us-gaapLesseeOperatingLeaseLiabilityPaymentsDueYearFour" />
      <link:calculationArc order="5" xlink:arcrole="http://www.xbrl.org/2003/arcrole/summation-item" xlink:from="loc_us-gaapLesseeOperatingLeaseLiabilityPaymentsDue" xlink:to="loc_us-gaapLesseeOperatingLeaseLiabilityPaymentsDueYearFour" xlink:type="arc" weight="1" />
      <link:loc xlink:type="locator" xlink:href="mara-20220331.xsd#MARA_LesseeOperatingLeaseLiabilityPaymentsDueAfterYearFour" xlink:label="loc_MARALesseeOperatingLeaseLiabilityPaymentsDueAfterYearFour" />
      <link:calculationArc order="6" xlink:arcrole="http://www.xbrl.org/2003/arcrole/summation-item" xlink:from="loc_us-gaapLesseeOperatingLeaseLiabilityPaymentsDue" xlink:to="loc_MARALesseeOperatingLeaseLiabilityPaymentsDueAfterYearFour" xlink:type="arc" weight="1" />
    </link:calculationLink>
    <link:calculationLink xlink:type="extended" xlink:role="http://marathondh.com/role/DebtCommitmentsAndContingenciesDetailsNarrative" xlink:title="00000031 - Disclosure - DEBT, COMMITMENTS AND CONTINGENCIES (Details Narrative)" />
    <link:calculationLink xlink:type="extended" xlink:role="http://marathondh.com/role/SubsequentEventsDetailsNarrative" xlink:title="00000032 - Disclosure - Subsequent Events (Details Narrative)" />
</link:linkbase>
