<?xml version="1.0" encoding="US-ASCII" standalone="no"?>
    <!-- Field: Doc-Info; Name: Generator; Value: GoFiler Complete; Version: 5.13b -->
    <!-- Field: Doc-Info; Name: VendorURI; Value: https://www.novaworks.com -->
    <!-- Field: Doc-Info; Name: Status; Value: 0x00000000 -->
<link:linkbase xmlns:xsi="http://www.w3.org/2001/XMLSchema-instance" xmlns:xlink="http://www.w3.org/1999/xlink" xmlns:link="http://www.xbrl.org/2003/linkbase" xmlns:xbrldt="http://xbrl.org/2005/xbrldt" xmlns:xbrli="http://www.xbrl.org/2003/instance" xsi:schemaLocation="http://www.xbrl.org/2003/linkbase http://www.xbrl.org/2003/xbrl-linkbase-2003-12-31.xsd">
    <link:roleRef roleURI="http://marathondh.com/role/Cover" xlink:href="mara-20220331.xsd#Cover" xlink:type="simple" />
    <link:roleRef roleURI="http://marathondh.com/role/CondensedBalanceSheets" xlink:href="mara-20220331.xsd#CondensedBalanceSheets" xlink:type="simple" />
    <link:roleRef roleURI="http://marathondh.com/role/CondensedBalanceSheetsParenthetical" xlink:href="mara-20220331.xsd#CondensedBalanceSheetsParenthetical" xlink:type="simple" />
    <link:roleRef roleURI="http://marathondh.com/role/CondensedStatementOfOperations" xlink:href="mara-20220331.xsd#CondensedStatementOfOperations" xlink:type="simple" />
    <link:roleRef roleURI="http://marathondh.com/role/CondensedStatementsOfStockholdersEquity" xlink:href="mara-20220331.xsd#CondensedStatementsOfStockholdersEquity" xlink:type="simple" />
    <link:roleRef roleURI="http://marathondh.com/role/CondensedStatementsOfCashFlows" xlink:href="mara-20220331.xsd#CondensedStatementsOfCashFlows" xlink:type="simple" />
    <link:roleRef roleURI="http://marathondh.com/role/OrganizationAndDescriptionOfBusiness" xlink:href="mara-20220331.xsd#OrganizationAndDescriptionOfBusiness" xlink:type="simple" />
    <link:roleRef roleURI="http://marathondh.com/role/SummaryOfSignificantAccountingPolicies" xlink:href="mara-20220331.xsd#SummaryOfSignificantAccountingPolicies" xlink:type="simple" />
    <link:roleRef roleURI="http://marathondh.com/role/AdvancesToVendorsAndPropertyAndEquipment" xlink:href="mara-20220331.xsd#AdvancesToVendorsAndPropertyAndEquipment" xlink:type="simple" />
    <link:roleRef roleURI="http://marathondh.com/role/StockholdersEquity" xlink:href="mara-20220331.xsd#StockholdersEquity" xlink:type="simple" />
    <link:roleRef roleURI="http://marathondh.com/role/DebtCommitmentsAndContingencies" xlink:href="mara-20220331.xsd#DebtCommitmentsAndContingencies" xlink:type="simple" />
    <link:roleRef roleURI="http://marathondh.com/role/SubsequentEvents" xlink:href="mara-20220331.xsd#SubsequentEvents" xlink:type="simple" />
    <link:roleRef roleURI="http://marathondh.com/role/SummaryOfSignificantAccountingPoliciesPolicies" xlink:href="mara-20220331.xsd#SummaryOfSignificantAccountingPoliciesPolicies" xlink:type="simple" />
    <link:roleRef roleURI="http://marathondh.com/role/SummaryOfSignificantAccountingPoliciesTables" xlink:href="mara-20220331.xsd#SummaryOfSignificantAccountingPoliciesTables" xlink:type="simple" />
    <link:roleRef roleURI="http://marathondh.com/role/AdvancesToVendorsAndPropertyAndEquipmentTables" xlink:href="mara-20220331.xsd#AdvancesToVendorsAndPropertyAndEquipmentTables" xlink:type="simple" />
    <link:roleRef roleURI="http://marathondh.com/role/StockholdersEquityTables" xlink:href="mara-20220331.xsd#StockholdersEquityTables" xlink:type="simple" />
    <link:roleRef roleURI="http://marathondh.com/role/DebtCommitmentsAndContingenciesTables" xlink:href="mara-20220331.xsd#DebtCommitmentsAndContingenciesTables" xlink:type="simple" />
    <link:roleRef roleURI="http://marathondh.com/role/ScheduleOfActivitiesOfDigitalCurrenciesDetails" xlink:href="mara-20220331.xsd#ScheduleOfActivitiesOfDigitalCurrenciesDetails" xlink:type="simple" />
    <link:roleRef roleURI="http://marathondh.com/role/ScheduleOfAssetsAndLiabilitiesMeasuredAtFairValueOnRecurringBasisDetails" xlink:href="mara-20220331.xsd#ScheduleOfAssetsAndLiabilitiesMeasuredAtFairValueOnRecurringBasisDetails" xlink:type="simple" />
    <link:roleRef roleURI="http://marathondh.com/role/ScheduleOfAntidilutiveSecuritiesExcludedFromComputationOfEarningsPerShareDetails" xlink:href="mara-20220331.xsd#ScheduleOfAntidilutiveSecuritiesExcludedFromComputationOfEarningsPerShareDetails" xlink:type="simple" />
    <link:roleRef roleURI="http://marathondh.com/role/ScheduleOfComputationOfBasicAndDilutedLossPerShareDetails" xlink:href="mara-20220331.xsd#ScheduleOfComputationOfBasicAndDilutedLossPerShareDetails" xlink:type="simple" />
    <link:roleRef roleURI="http://marathondh.com/role/SummaryOfSignificantAccountingPoliciesDetailsNarrative" xlink:href="mara-20220331.xsd#SummaryOfSignificantAccountingPoliciesDetailsNarrative" xlink:type="simple" />
    <link:roleRef roleURI="http://marathondh.com/role/ScheduleOfComponentsOfPropertyEquipmentAndIntangibleAssetsDetails" xlink:href="mara-20220331.xsd#ScheduleOfComponentsOfPropertyEquipmentAndIntangibleAssetsDetails" xlink:type="simple" />
    <link:roleRef roleURI="http://marathondh.com/role/AdvancesToVendorsAndPropertyAndEquipmentDetailsNarrative" xlink:href="mara-20220331.xsd#AdvancesToVendorsAndPropertyAndEquipmentDetailsNarrative" xlink:type="simple" />
    <link:roleRef roleURI="http://marathondh.com/role/SummaryOfOutstandingStockWarrantsDetails" xlink:href="mara-20220331.xsd#SummaryOfOutstandingStockWarrantsDetails" xlink:type="simple" />
    <link:roleRef roleURI="http://marathondh.com/role/SummaryOfRestrictedStockAwardActivityDetails" xlink:href="mara-20220331.xsd#SummaryOfRestrictedStockAwardActivityDetails" xlink:type="simple" />
    <link:roleRef roleURI="http://marathondh.com/role/StockholdersEquityDetailsNarrative" xlink:href="mara-20220331.xsd#StockholdersEquityDetailsNarrative" xlink:type="simple" />
    <link:roleRef roleURI="http://marathondh.com/role/ScheduleOfComponentsOfLeaseCostDetails" xlink:href="mara-20220331.xsd#ScheduleOfComponentsOfLeaseCostDetails" xlink:type="simple" />
    <link:roleRef roleURI="http://marathondh.com/role/SummaryOfMinimumLeasePaymentsDetails" xlink:href="mara-20220331.xsd#SummaryOfMinimumLeasePaymentsDetails" xlink:type="simple" />
    <link:roleRef roleURI="http://marathondh.com/role/ScheduleOfContractualMinimumLeaseDetails" xlink:href="mara-20220331.xsd#ScheduleOfContractualMinimumLeaseDetails" xlink:type="simple" />
    <link:roleRef roleURI="http://marathondh.com/role/DebtCommitmentsAndContingenciesDetailsNarrative" xlink:href="mara-20220331.xsd#DebtCommitmentsAndContingenciesDetailsNarrative" xlink:type="simple" />
    <link:roleRef roleURI="http://marathondh.com/role/SubsequentEventsDetailsNarrative" xlink:href="mara-20220331.xsd#SubsequentEventsDetailsNarrative" xlink:type="simple" />
    <link:arcroleRef xlink:type="simple" xlink:href="http://www.xbrl.org/2005/xbrldt-2005.xsd#hypercube-dimension" arcroleURI="http://xbrl.org/int/dim/arcrole/hypercube-dimension" />
    <link:arcroleRef xlink:type="simple" xlink:href="http://www.xbrl.org/2005/xbrldt-2005.xsd#dimension-domain" arcroleURI="http://xbrl.org/int/dim/arcrole/dimension-domain" />
    <link:arcroleRef xlink:type="simple" xlink:href="http://www.xbrl.org/2005/xbrldt-2005.xsd#domain-member" arcroleURI="http://xbrl.org/int/dim/arcrole/domain-member" />
    <link:arcroleRef xlink:type="simple" xlink:href="http://www.xbrl.org/2005/xbrldt-2005.xsd#all" arcroleURI="http://xbrl.org/int/dim/arcrole/all" />
    <link:arcroleRef xlink:type="simple" xlink:href="http://www.xbrl.org/2005/xbrldt-2005.xsd#notAll" arcroleURI="http://xbrl.org/int/dim/arcrole/notAll" />
    <link:arcroleRef xlink:type="simple" xlink:href="http://www.xbrl.org/2005/xbrldt-2005.xsd#dimension-default" arcroleURI="http://xbrl.org/int/dim/arcrole/dimension-default" />
    <link:definitionLink xlink:type="extended" xlink:role="http://marathondh.com/role/Cover" xlink:title="00000001 - Document - Cover" />
    <link:definitionLink xlink:type="extended" xlink:role="http://marathondh.com/role/CondensedBalanceSheets" xlink:title="00000002 - Statement - Consolidated Condensed Balance Sheets" />
    <link:definitionLink xlink:type="extended" xlink:role="http://marathondh.com/role/CondensedBalanceSheetsParenthetical" xlink:title="00000003 - Statement - Consolidated Condensed Balance Sheets (Parenthetical)" />
    <link:definitionLink xlink:type="extended" xlink:role="http://marathondh.com/role/CondensedStatementOfOperations" xlink:title="00000004 - Statement - Consolidated Condensed Statement of Operations (Unaudited)" />
    <link:definitionLink xlink:type="extended" xlink:role="http://marathondh.com/role/CondensedStatementsOfStockholdersEquity" xlink:title="00000005 - Statement - Consolidated Condensed Statements of Stockholders&apos; Equity (Unaudited)">
      <link:loc xlink:type="locator" xlink:href="https://xbrl.fasb.org/us-gaap/2022/elts/us-gaap-2022.xsd#us-gaap_StatementLineItems" xlink:label="loc_us-gaapStatementLineItems" />
      <link:loc xlink:type="locator" xlink:href="https://xbrl.fasb.org/us-gaap/2022/elts/us-gaap-2022.xsd#us-gaap_StatementTable" xlink:label="loc_us-gaapStatementTable" />
      <link:definitionArc xlink:arcrole="http://xbrl.org/int/dim/arcrole/all" xbrldt:contextElement="segment" xlink:from="loc_us-gaapStatementLineItems" xlink:to="loc_us-gaapStatementTable" xlink:type="arc" order="10" xbrldt:closed="true" />
      <link:loc xlink:type="locator" xlink:href="https://xbrl.fasb.org/us-gaap/2022/elts/us-gaap-2022.xsd#us-gaap_StatementEquityComponentsAxis" xlink:label="loc_us-gaapStatementEquityComponentsAxis" />
      <link:definitionArc xlink:arcrole="http://xbrl.org/int/dim/arcrole/hypercube-dimension" xlink:from="loc_us-gaapStatementTable" xlink:to="loc_us-gaapStatementEquityComponentsAxis" xlink:type="arc" order="1" />
      <link:loc xlink:type="locator" xlink:href="https://xbrl.fasb.org/us-gaap/2022/elts/us-gaap-2022.xsd#us-gaap_EquityComponentDomain" xlink:label="loc_us-gaapEquityComponentDomain" />
      <link:definitionArc xlink:arcrole="http://xbrl.org/int/dim/arcrole/dimension-domain" xlink:from="loc_us-gaapStatementEquityComponentsAxis" xlink:to="loc_us-gaapEquityComponentDomain" xlink:type="arc" order="20" />
      <link:loc xlink:type="locator" xlink:href="https://xbrl.fasb.org/us-gaap/2022/elts/us-gaap-2022.xsd#us-gaap_EquityComponentDomain" xlink:label="loc_us-gaapEquityComponentDomain_10" />
      <link:definitionArc xlink:arcrole="http://xbrl.org/int/dim/arcrole/dimension-default" xbrldt:contextElement="segment" xlink:from="loc_us-gaapStatementEquityComponentsAxis" xlink:to="loc_us-gaapEquityComponentDomain_10" xlink:type="arc" order="30" />
      <link:loc xlink:type="locator" xlink:href="https://xbrl.fasb.org/us-gaap/2022/elts/us-gaap-2022.xsd#us-gaap_PreferredStockMember" xlink:label="loc_us-gaapPreferredStockMember_0" />
      <link:definitionArc xlink:arcrole="http://xbrl.org/int/dim/arcrole/domain-member" xlink:from="loc_us-gaapEquityComponentDomain" xlink:to="loc_us-gaapPreferredStockMember_0" xlink:type="arc" order="1" />
      <link:loc xlink:type="locator" xlink:href="https://xbrl.fasb.org/us-gaap/2022/elts/us-gaap-2022.xsd#us-gaap_CommonStockMember" xlink:label="loc_us-gaapCommonStockMember_10" />
      <link:definitionArc xlink:arcrole="http://xbrl.org/int/dim/arcrole/domain-member" xlink:from="loc_us-gaapEquityComponentDomain" xlink:to="loc_us-gaapCommonStockMember_10" xlink:type="arc" order="11" />
      <link:loc xlink:type="locator" xlink:href="https://xbrl.fasb.org/us-gaap/2022/elts/us-gaap-2022.xsd#us-gaap_AdditionalPaidInCapitalMember" xlink:label="loc_us-gaapAdditionalPaidInCapitalMember_20" />
      <link:definitionArc xlink:arcrole="http://xbrl.org/int/dim/arcrole/domain-member" xlink:from="loc_us-gaapEquityComponentDomain" xlink:to="loc_us-gaapAdditionalPaidInCapitalMember_20" xlink:type="arc" order="21" />
      <link:loc xlink:type="locator" xlink:href="https://xbrl.fasb.org/us-gaap/2022/elts/us-gaap-2022.xsd#us-gaap_RetainedEarningsMember" xlink:label="loc_us-gaapRetainedEarningsMember_30" />
      <link:definitionArc xlink:arcrole="http://xbrl.org/int/dim/arcrole/domain-member" xlink:from="loc_us-gaapEquityComponentDomain" xlink:to="loc_us-gaapRetainedEarningsMember_30" xlink:type="arc" order="31" />
      <link:loc xlink:type="locator" xlink:href="https://xbrl.fasb.org/us-gaap/2022/elts/us-gaap-2022.xsd#us-gaap_AccumulatedOtherComprehensiveIncomeMember" xlink:label="loc_us-gaapAccumulatedOtherComprehensiveIncomeMember_40" />
      <link:definitionArc xlink:arcrole="http://xbrl.org/int/dim/arcrole/domain-member" xlink:from="loc_us-gaapEquityComponentDomain" xlink:to="loc_us-gaapAccumulatedOtherComprehensiveIncomeMember_40" xlink:type="arc" order="41" />
      <link:loc xlink:type="locator" xlink:href="https://xbrl.fasb.org/us-gaap/2022/elts/us-gaap-2022.xsd#us-gaap_StockholdersEquity" xlink:label="loc_us-gaapStockholdersEquity_70" />
      <link:definitionArc xlink:arcrole="http://xbrl.org/int/dim/arcrole/domain-member" xlink:from="loc_us-gaapStatementLineItems" xlink:to="loc_us-gaapStockholdersEquity_70" xlink:type="arc" order="1" />
      <link:loc xlink:type="locator" xlink:href="https://xbrl.fasb.org/us-gaap/2022/elts/us-gaap-2022.xsd#us-gaap_SharesOutstanding" xlink:label="loc_us-gaapSharesOutstanding_70" />
      <link:definitionArc xlink:arcrole="http://xbrl.org/int/dim/arcrole/domain-member" xlink:from="loc_us-gaapStatementLineItems" xlink:to="loc_us-gaapSharesOutstanding_70" xlink:type="arc" order="2" />
      <link:loc xlink:type="locator" xlink:href="https://xbrl.fasb.org/us-gaap/2022/elts/us-gaap-2022.xsd#us-gaap_StockIssuedDuringPeriodValueShareBasedCompensation" xlink:label="loc_us-gaapStockIssuedDuringPeriodValueShareBasedCompensation_70" />
      <link:definitionArc xlink:arcrole="http://xbrl.org/int/dim/arcrole/domain-member" xlink:from="loc_us-gaapStatementLineItems" xlink:to="loc_us-gaapStockIssuedDuringPeriodValueShareBasedCompensation_70" xlink:type="arc" order="3" />
      <link:loc xlink:type="locator" xlink:href="https://xbrl.fasb.org/us-gaap/2022/elts/us-gaap-2022.xsd#us-gaap_StockIssuedDuringPeriodSharesShareBasedCompensation" xlink:label="loc_us-gaapStockIssuedDuringPeriodSharesShareBasedCompensation_70" />
      <link:definitionArc xlink:arcrole="http://xbrl.org/int/dim/arcrole/domain-member" xlink:from="loc_us-gaapStatementLineItems" xlink:to="loc_us-gaapStockIssuedDuringPeriodSharesShareBasedCompensation_70" xlink:type="arc" order="4" />
      <link:loc xlink:type="locator" xlink:href="https://xbrl.fasb.org/us-gaap/2022/elts/us-gaap-2022.xsd#us-gaap_StockIssuedDuringPeriodValueNewIssues" xlink:label="loc_us-gaapStockIssuedDuringPeriodValueNewIssues_70" />
      <link:definitionArc xlink:arcrole="http://xbrl.org/int/dim/arcrole/domain-member" xlink:from="loc_us-gaapStatementLineItems" xlink:to="loc_us-gaapStockIssuedDuringPeriodValueNewIssues_70" xlink:type="arc" order="5" />
      <link:loc xlink:type="locator" xlink:href="https://xbrl.fasb.org/us-gaap/2022/elts/us-gaap-2022.xsd#us-gaap_StockIssuedDuringPeriodSharesNewIssues" xlink:label="loc_us-gaapStockIssuedDuringPeriodSharesNewIssues_70" />
      <link:definitionArc xlink:arcrole="http://xbrl.org/int/dim/arcrole/domain-member" xlink:from="loc_us-gaapStatementLineItems" xlink:to="loc_us-gaapStockIssuedDuringPeriodSharesNewIssues_70" xlink:type="arc" order="6" />
      <link:loc xlink:type="locator" xlink:href="https://xbrl.fasb.org/us-gaap/2022/elts/us-gaap-2022.xsd#us-gaap_StockIssuedDuringPeriodValueIssuedForServices" xlink:label="loc_us-gaapStockIssuedDuringPeriodValueIssuedForServices_70" />
      <link:definitionArc xlink:arcrole="http://xbrl.org/int/dim/arcrole/domain-member" xlink:from="loc_us-gaapStatementLineItems" xlink:to="loc_us-gaapStockIssuedDuringPeriodValueIssuedForServices_70" xlink:type="arc" order="7" />
      <link:loc xlink:type="locator" xlink:href="https://xbrl.fasb.org/us-gaap/2022/elts/us-gaap-2022.xsd#us-gaap_StockIssuedDuringPeriodSharesIssuedForServices" xlink:label="loc_us-gaapStockIssuedDuringPeriodSharesIssuedForServices_70" />
      <link:definitionArc xlink:arcrole="http://xbrl.org/int/dim/arcrole/domain-member" xlink:from="loc_us-gaapStatementLineItems" xlink:to="loc_us-gaapStockIssuedDuringPeriodSharesIssuedForServices_70" xlink:type="arc" order="8" />
      <link:loc xlink:type="locator" xlink:href="https://xbrl.fasb.org/us-gaap/2022/elts/us-gaap-2022.xsd#us-gaap_NetIncomeLoss" xlink:label="loc_us-gaapNetIncomeLoss_70" />
      <link:definitionArc xlink:arcrole="http://xbrl.org/int/dim/arcrole/domain-member" xlink:from="loc_us-gaapStatementLineItems" xlink:to="loc_us-gaapNetIncomeLoss_70" xlink:type="arc" order="9" />
      <link:loc xlink:type="locator" xlink:href="https://xbrl.fasb.org/us-gaap/2022/elts/us-gaap-2022.xsd#us-gaap_StockIssuedDuringPeriodValueStockOptionsExercised" xlink:label="loc_us-gaapStockIssuedDuringPeriodValueStockOptionsExercised_70" />
      <link:definitionArc xlink:arcrole="http://xbrl.org/int/dim/arcrole/domain-member" xlink:from="loc_us-gaapStatementLineItems" xlink:to="loc_us-gaapStockIssuedDuringPeriodValueStockOptionsExercised_70" xlink:type="arc" order="10" />
      <link:loc xlink:type="locator" xlink:href="https://xbrl.fasb.org/us-gaap/2022/elts/us-gaap-2022.xsd#us-gaap_StockIssuedDuringPeriodSharesStockOptionsExercised" xlink:label="loc_us-gaapStockIssuedDuringPeriodSharesStockOptionsExercised_70" />
      <link:definitionArc xlink:arcrole="http://xbrl.org/int/dim/arcrole/domain-member" xlink:from="loc_us-gaapStatementLineItems" xlink:to="loc_us-gaapStockIssuedDuringPeriodSharesStockOptionsExercised_70" xlink:type="arc" order="11" />
      <link:loc xlink:type="locator" xlink:href="mara-20220331.xsd#MARA_WarrantExercisedForCash" xlink:label="loc_MARAWarrantExercisedForCash_70" />
      <link:definitionArc xlink:arcrole="http://xbrl.org/int/dim/arcrole/domain-member" xlink:from="loc_us-gaapStatementLineItems" xlink:to="loc_MARAWarrantExercisedForCash_70" xlink:type="arc" order="12" />
      <link:loc xlink:type="locator" xlink:href="mara-20220331.xsd#MARA_StockIssuedDuringPeriodSharesWarrantExercisedForCashShares" xlink:label="loc_MARAStockIssuedDuringPeriodSharesWarrantExercisedForCashShares_70" />
      <link:definitionArc xlink:arcrole="http://xbrl.org/int/dim/arcrole/domain-member" xlink:from="loc_us-gaapStatementLineItems" xlink:to="loc_MARAStockIssuedDuringPeriodSharesWarrantExercisedForCashShares_70" xlink:type="arc" order="13" />
    </link:definitionLink>
    <link:definitionLink xlink:type="extended" xlink:role="http://marathondh.com/role/CondensedStatementsOfCashFlows" xlink:title="00000006 - Statement - Consolidated Condensed Statements of Cash Flows (Unaudited)" />
    <link:definitionLink xlink:type="extended" xlink:role="http://marathondh.com/role/OrganizationAndDescriptionOfBusiness" xlink:title="00000007 - Disclosure - ORGANIZATION AND DESCRIPTION OF BUSINESS" />
    <link:definitionLink xlink:type="extended" xlink:role="http://marathondh.com/role/SummaryOfSignificantAccountingPolicies" xlink:title="00000008 - Disclosure - SUMMARY OF SIGNIFICANT ACCOUNTING POLICIES" />
    <link:definitionLink xlink:type="extended" xlink:role="http://marathondh.com/role/AdvancesToVendorsAndPropertyAndEquipment" xlink:title="00000009 - Disclosure - ADVANCES TO VENDORS AND PROPERTY AND EQUIPMENT" />
    <link:definitionLink xlink:type="extended" xlink:role="http://marathondh.com/role/StockholdersEquity" xlink:title="00000010 - Disclosure - STOCKHOLDERS&#8217; EQUITY" />
    <link:definitionLink xlink:type="extended" xlink:role="http://marathondh.com/role/DebtCommitmentsAndContingencies" xlink:title="00000011 - Disclosure - DEBT, COMMITMENTS AND CONTINGENCIES" />
    <link:definitionLink xlink:type="extended" xlink:role="http://marathondh.com/role/SubsequentEvents" xlink:title="00000012 - Disclosure - Subsequent Events" />
    <link:definitionLink xlink:type="extended" xlink:role="http://marathondh.com/role/SummaryOfSignificantAccountingPoliciesPolicies" xlink:title="00000013 - Disclosure - SUMMARY OF SIGNIFICANT ACCOUNTING POLICIES (Policies)" />
    <link:definitionLink xlink:type="extended" xlink:role="http://marathondh.com/role/SummaryOfSignificantAccountingPoliciesTables" xlink:title="00000014 - Disclosure - SUMMARY OF SIGNIFICANT ACCOUNTING POLICIES (Tables)" />
    <link:definitionLink xlink:type="extended" xlink:role="http://marathondh.com/role/AdvancesToVendorsAndPropertyAndEquipmentTables" xlink:title="00000015 - Disclosure - ADVANCES TO VENDORS AND PROPERTY AND EQUIPMENT (Tables)" />
    <link:definitionLink xlink:type="extended" xlink:role="http://marathondh.com/role/StockholdersEquityTables" xlink:title="00000016 - Disclosure - STOCKHOLDERS&#8217; EQUITY (Tables)" />
    <link:definitionLink xlink:type="extended" xlink:role="http://marathondh.com/role/DebtCommitmentsAndContingenciesTables" xlink:title="00000017 - Disclosure - DEBT, COMMITMENTS AND CONTINGENCIES (Tables)" />
    <link:definitionLink xlink:type="extended" xlink:role="http://marathondh.com/role/ScheduleOfActivitiesOfDigitalCurrenciesDetails" xlink:title="00000018 - Disclosure - SCHEDULE OF ACTIVITIES OF DIGITAL CURRENCIES (Details)" />
    <link:definitionLink xlink:type="extended" xlink:role="http://marathondh.com/role/ScheduleOfAssetsAndLiabilitiesMeasuredAtFairValueOnRecurringBasisDetails" xlink:title="00000019 - Disclosure - SCHEDULE OF ASSETS AND LIABILITIES MEASURED AT FAIR VALUE ON RECURRING BASIS (Details)">
      <link:loc xlink:type="locator" xlink:href="https://xbrl.fasb.org/us-gaap/2022/elts/us-gaap-2022.xsd#us-gaap_DefinedBenefitPlanDisclosureLineItems" xlink:label="loc_us-gaapDefinedBenefitPlanDisclosureLineItems" />
      <link:loc xlink:type="locator" xlink:href="https://xbrl.fasb.org/us-gaap/2022/elts/us-gaap-2022.xsd#us-gaap_ScheduleOfDefinedBenefitPlansDisclosuresTable" xlink:label="loc_us-gaapScheduleOfDefinedBenefitPlansDisclosuresTable" />
      <link:definitionArc xlink:arcrole="http://xbrl.org/int/dim/arcrole/all" xbrldt:contextElement="segment" xlink:from="loc_us-gaapDefinedBenefitPlanDisclosureLineItems" xlink:to="loc_us-gaapScheduleOfDefinedBenefitPlansDisclosuresTable" xlink:type="arc" order="10" xbrldt:closed="true" />
      <link:loc xlink:type="locator" xlink:href="https://xbrl.fasb.org/us-gaap/2022/elts/us-gaap-2022.xsd#us-gaap_FairValueByFairValueHierarchyLevelAxis" xlink:label="loc_us-gaapFairValueByFairValueHierarchyLevelAxis" />
      <link:definitionArc xlink:arcrole="http://xbrl.org/int/dim/arcrole/hypercube-dimension" xlink:from="loc_us-gaapScheduleOfDefinedBenefitPlansDisclosuresTable" xlink:to="loc_us-gaapFairValueByFairValueHierarchyLevelAxis" xlink:type="arc" order="1" />
      <link:loc xlink:type="locator" xlink:href="https://xbrl.fasb.org/us-gaap/2022/elts/us-gaap-2022.xsd#us-gaap_FairValueMeasurementsFairValueHierarchyDomain" xlink:label="loc_us-gaapFairValueMeasurementsFairValueHierarchyDomain" />
      <link:definitionArc xlink:arcrole="http://xbrl.org/int/dim/arcrole/dimension-domain" xlink:from="loc_us-gaapFairValueByFairValueHierarchyLevelAxis" xlink:to="loc_us-gaapFairValueMeasurementsFairValueHierarchyDomain" xlink:type="arc" order="20" />
      <link:loc xlink:type="locator" xlink:href="https://xbrl.fasb.org/us-gaap/2022/elts/us-gaap-2022.xsd#us-gaap_FairValueMeasurementsFairValueHierarchyDomain" xlink:label="loc_us-gaapFairValueMeasurementsFairValueHierarchyDomain_10" />
      <link:definitionArc xlink:arcrole="http://xbrl.org/int/dim/arcrole/dimension-default" xbrldt:contextElement="segment" xlink:from="loc_us-gaapFairValueByFairValueHierarchyLevelAxis" xlink:to="loc_us-gaapFairValueMeasurementsFairValueHierarchyDomain_10" xlink:type="arc" order="30" />
      <link:loc xlink:type="locator" xlink:href="https://xbrl.fasb.org/us-gaap/2022/elts/us-gaap-2022.xsd#us-gaap_FairValueInputsLevel1Member" xlink:label="loc_us-gaapFairValueInputsLevel1Member_10" />
      <link:definitionArc xlink:arcrole="http://xbrl.org/int/dim/arcrole/domain-member" xlink:from="loc_us-gaapFairValueMeasurementsFairValueHierarchyDomain" xlink:to="loc_us-gaapFairValueInputsLevel1Member_10" xlink:type="arc" order="11" />
      <link:loc xlink:type="locator" xlink:href="https://xbrl.fasb.org/us-gaap/2022/elts/us-gaap-2022.xsd#us-gaap_FairValueInputsLevel2Member" xlink:label="loc_us-gaapFairValueInputsLevel2Member_20" />
      <link:definitionArc xlink:arcrole="http://xbrl.org/int/dim/arcrole/domain-member" xlink:from="loc_us-gaapFairValueMeasurementsFairValueHierarchyDomain" xlink:to="loc_us-gaapFairValueInputsLevel2Member_20" xlink:type="arc" order="21" />
      <link:loc xlink:type="locator" xlink:href="https://xbrl.fasb.org/us-gaap/2022/elts/us-gaap-2022.xsd#us-gaap_FairValueInputsLevel3Member" xlink:label="loc_us-gaapFairValueInputsLevel3Member_30" />
      <link:definitionArc xlink:arcrole="http://xbrl.org/int/dim/arcrole/domain-member" xlink:from="loc_us-gaapFairValueMeasurementsFairValueHierarchyDomain" xlink:to="loc_us-gaapFairValueInputsLevel3Member_30" xlink:type="arc" order="31" />
      <link:loc xlink:type="locator" xlink:href="https://xbrl.fasb.org/us-gaap/2022/elts/us-gaap-2022.xsd#us-gaap_CashAndCashEquivalentsFairValueDisclosure" xlink:label="loc_us-gaapCashAndCashEquivalentsFairValueDisclosure_90" />
      <link:definitionArc xlink:arcrole="http://xbrl.org/int/dim/arcrole/domain-member" xlink:from="loc_us-gaapDefinedBenefitPlanDisclosureLineItems" xlink:to="loc_us-gaapCashAndCashEquivalentsFairValueDisclosure_90" xlink:type="arc" order="0" />
      <link:loc xlink:type="locator" xlink:href="https://xbrl.fasb.org/us-gaap/2022/elts/us-gaap-2022.xsd#us-gaap_ShortTermInvestments" xlink:label="loc_us-gaapShortTermInvestments_90" />
      <link:definitionArc xlink:arcrole="http://xbrl.org/int/dim/arcrole/domain-member" xlink:from="loc_us-gaapDefinedBenefitPlanDisclosureLineItems" xlink:to="loc_us-gaapShortTermInvestments_90" xlink:type="arc" order="1" />
    </link:definitionLink>
    <link:definitionLink xlink:type="extended" xlink:role="http://marathondh.com/role/ScheduleOfAntidilutiveSecuritiesExcludedFromComputationOfEarningsPerShareDetails" xlink:title="00000020 - Disclosure - SCHEDULE OF ANTIDILUTIVE SECURITIES EXCLUDED FROM COMPUTATION OF EARNINGS PER SHARE (Details)">
      <link:loc xlink:type="locator" xlink:href="https://xbrl.fasb.org/us-gaap/2022/elts/us-gaap-2022.xsd#us-gaap_AntidilutiveSecuritiesExcludedFromComputationOfEarningsPerShareLineItems" xlink:label="loc_us-gaapAntidilutiveSecuritiesExcludedFromComputationOfEarningsPerShareLineItems" />
      <link:loc xlink:type="locator" xlink:href="https://xbrl.fasb.org/us-gaap/2022/elts/us-gaap-2022.xsd#us-gaap_ScheduleOfAntidilutiveSecuritiesExcludedFromComputationOfEarningsPerShareTable" xlink:label="loc_us-gaapScheduleOfAntidilutiveSecuritiesExcludedFromComputationOfEarningsPerShareTable" />
      <link:definitionArc xlink:arcrole="http://xbrl.org/int/dim/arcrole/all" xbrldt:contextElement="segment" xlink:from="loc_us-gaapAntidilutiveSecuritiesExcludedFromComputationOfEarningsPerShareLineItems" xlink:to="loc_us-gaapScheduleOfAntidilutiveSecuritiesExcludedFromComputationOfEarningsPerShareTable" xlink:type="arc" order="10" xbrldt:closed="true" />
      <link:loc xlink:type="locator" xlink:href="https://xbrl.fasb.org/us-gaap/2022/elts/us-gaap-2022.xsd#us-gaap_AntidilutiveSecuritiesExcludedFromComputationOfEarningsPerShareByAntidilutiveSecuritiesAxis" xlink:label="loc_us-gaapAntidilutiveSecuritiesExcludedFromComputationOfEarningsPerShareByAntidilutiveSecuritiesAxis" />
      <link:definitionArc xlink:arcrole="http://xbrl.org/int/dim/arcrole/hypercube-dimension" xlink:from="loc_us-gaapScheduleOfAntidilutiveSecuritiesExcludedFromComputationOfEarningsPerShareTable" xlink:to="loc_us-gaapAntidilutiveSecuritiesExcludedFromComputationOfEarningsPerShareByAntidilutiveSecuritiesAxis" xlink:type="arc" order="1" />
      <link:loc xlink:type="locator" xlink:href="https://xbrl.fasb.org/us-gaap/2022/elts/us-gaap-2022.xsd#us-gaap_AntidilutiveSecuritiesNameDomain" xlink:label="loc_us-gaapAntidilutiveSecuritiesNameDomain" />
      <link:definitionArc xlink:arcrole="http://xbrl.org/int/dim/arcrole/dimension-domain" xlink:from="loc_us-gaapAntidilutiveSecuritiesExcludedFromComputationOfEarningsPerShareByAntidilutiveSecuritiesAxis" xlink:to="loc_us-gaapAntidilutiveSecuritiesNameDomain" xlink:type="arc" order="20" />
      <link:loc xlink:type="locator" xlink:href="https://xbrl.fasb.org/us-gaap/2022/elts/us-gaap-2022.xsd#us-gaap_AntidilutiveSecuritiesNameDomain" xlink:label="loc_us-gaapAntidilutiveSecuritiesNameDomain_10" />
      <link:definitionArc xlink:arcrole="http://xbrl.org/int/dim/arcrole/dimension-default" xbrldt:contextElement="segment" xlink:from="loc_us-gaapAntidilutiveSecuritiesExcludedFromComputationOfEarningsPerShareByAntidilutiveSecuritiesAxis" xlink:to="loc_us-gaapAntidilutiveSecuritiesNameDomain_10" xlink:type="arc" order="30" />
      <link:loc xlink:type="locator" xlink:href="mara-20220331.xsd#MARA_WarrantsToPurchaseCommonStockMember" xlink:label="loc_MARAWarrantsToPurchaseCommonStockMember_0" />
      <link:definitionArc xlink:arcrole="http://xbrl.org/int/dim/arcrole/domain-member" xlink:from="loc_us-gaapAntidilutiveSecuritiesNameDomain" xlink:to="loc_MARAWarrantsToPurchaseCommonStockMember_0" xlink:type="arc" order="1" />
      <link:loc xlink:type="locator" xlink:href="mara-20220331.xsd#MARA_OptionsToPurchaseCommonStockMember" xlink:label="loc_MARAOptionsToPurchaseCommonStockMember_20" />
      <link:definitionArc xlink:arcrole="http://xbrl.org/int/dim/arcrole/domain-member" xlink:from="loc_us-gaapAntidilutiveSecuritiesNameDomain" xlink:to="loc_MARAOptionsToPurchaseCommonStockMember_20" xlink:type="arc" order="21" />
      <link:loc xlink:type="locator" xlink:href="https://xbrl.fasb.org/us-gaap/2022/elts/us-gaap-2022.xsd#us-gaap_ConvertibleDebtSecuritiesMember" xlink:label="loc_us-gaapConvertibleDebtSecuritiesMember_40" />
      <link:definitionArc xlink:arcrole="http://xbrl.org/int/dim/arcrole/domain-member" xlink:from="loc_us-gaapAntidilutiveSecuritiesNameDomain" xlink:to="loc_us-gaapConvertibleDebtSecuritiesMember_40" xlink:type="arc" order="41" />
      <link:loc xlink:type="locator" xlink:href="https://xbrl.fasb.org/us-gaap/2022/elts/us-gaap-2022.xsd#us-gaap_AntidilutiveSecuritiesExcludedFromComputationOfEarningsPerShareAmount" xlink:label="loc_us-gaapAntidilutiveSecuritiesExcludedFromComputationOfEarningsPerShareAmount_90" />
      <link:definitionArc xlink:arcrole="http://xbrl.org/int/dim/arcrole/domain-member" xlink:from="loc_us-gaapAntidilutiveSecuritiesExcludedFromComputationOfEarningsPerShareLineItems" xlink:to="loc_us-gaapAntidilutiveSecuritiesExcludedFromComputationOfEarningsPerShareAmount_90" xlink:type="arc" order="0" />
    </link:definitionLink>
    <link:definitionLink xlink:type="extended" xlink:role="http://marathondh.com/role/ScheduleOfComputationOfBasicAndDilutedLossPerShareDetails" xlink:title="00000021 - Disclosure - SCHEDULE OF COMPUTATION OF BASIC AND DILUTED LOSS PER SHARE (Details)" />
    <link:definitionLink xlink:type="extended" xlink:role="http://marathondh.com/role/SummaryOfSignificantAccountingPoliciesDetailsNarrative" xlink:title="00000022 - Disclosure - SUMMARY OF SIGNIFICANT ACCOUNTING POLICIES (Details Narrative)">
      <link:loc xlink:type="locator" xlink:href="https://xbrl.fasb.org/us-gaap/2022/elts/us-gaap-2022.xsd#us-gaap_StatementLineItems" xlink:label="loc_us-gaapStatementLineItems" />
      <link:loc xlink:type="locator" xlink:href="https://xbrl.fasb.org/us-gaap/2022/elts/us-gaap-2022.xsd#us-gaap_StatementTable" xlink:label="loc_us-gaapStatementTable" />
      <link:definitionArc xlink:arcrole="http://xbrl.org/int/dim/arcrole/all" xbrldt:contextElement="segment" xlink:from="loc_us-gaapStatementLineItems" xlink:to="loc_us-gaapStatementTable" xlink:type="arc" order="10" xbrldt:closed="true" />
      <link:loc xlink:type="locator" xlink:href="https://xbrl.fasb.org/us-gaap/2022/elts/us-gaap-2022.xsd#us-gaap_FiniteLivedIntangibleAssetsByMajorClassAxis" xlink:label="loc_us-gaapFiniteLivedIntangibleAssetsByMajorClassAxis" />
      <link:definitionArc xlink:arcrole="http://xbrl.org/int/dim/arcrole/hypercube-dimension" xlink:from="loc_us-gaapStatementTable" xlink:to="loc_us-gaapFiniteLivedIntangibleAssetsByMajorClassAxis" xlink:type="arc" order="1" />
      <link:loc xlink:type="locator" xlink:href="https://xbrl.fasb.org/us-gaap/2022/elts/us-gaap-2022.xsd#us-gaap_FiniteLivedIntangibleAssetsMajorClassNameDomain" xlink:label="loc_us-gaapFiniteLivedIntangibleAssetsMajorClassNameDomain" />
      <link:definitionArc xlink:arcrole="http://xbrl.org/int/dim/arcrole/dimension-domain" xlink:from="loc_us-gaapFiniteLivedIntangibleAssetsByMajorClassAxis" xlink:to="loc_us-gaapFiniteLivedIntangibleAssetsMajorClassNameDomain" xlink:type="arc" order="20" />
      <link:loc xlink:type="locator" xlink:href="https://xbrl.fasb.org/us-gaap/2022/elts/us-gaap-2022.xsd#us-gaap_FiniteLivedIntangibleAssetsMajorClassNameDomain" xlink:label="loc_us-gaapFiniteLivedIntangibleAssetsMajorClassNameDomain_10" />
      <link:definitionArc xlink:arcrole="http://xbrl.org/int/dim/arcrole/dimension-default" xbrldt:contextElement="segment" xlink:from="loc_us-gaapFiniteLivedIntangibleAssetsByMajorClassAxis" xlink:to="loc_us-gaapFiniteLivedIntangibleAssetsMajorClassNameDomain_10" xlink:type="arc" order="30" />
      <link:loc xlink:type="locator" xlink:href="mara-20220331.xsd#MARA_SelfminedBitcoinMember" xlink:label="loc_MARASelfminedBitcoinMember_20" />
      <link:definitionArc xlink:arcrole="http://xbrl.org/int/dim/arcrole/domain-member" xlink:from="loc_us-gaapFiniteLivedIntangibleAssetsMajorClassNameDomain" xlink:to="loc_MARASelfminedBitcoinMember_20" xlink:type="arc" order="21" />
      <link:loc xlink:type="locator" xlink:href="mara-20220331.xsd#MARA_BitcoinMember" xlink:label="loc_MARABitcoinMember_30" />
      <link:definitionArc xlink:arcrole="http://xbrl.org/int/dim/arcrole/domain-member" xlink:from="loc_us-gaapFiniteLivedIntangibleAssetsMajorClassNameDomain" xlink:to="loc_MARABitcoinMember_30" xlink:type="arc" order="31" />
      <link:loc xlink:type="locator" xlink:href="https://xbrl.sec.gov/dei/2022/dei-2022.xsd#dei_LegalEntityAxis" xlink:label="loc_deiLegalEntityAxis" />
      <link:definitionArc xlink:arcrole="http://xbrl.org/int/dim/arcrole/hypercube-dimension" xlink:from="loc_us-gaapStatementTable" xlink:to="loc_deiLegalEntityAxis" xlink:type="arc" order="2" />
      <link:loc xlink:type="locator" xlink:href="https://xbrl.sec.gov/dei/2022/dei-2022.xsd#dei_EntityDomain" xlink:label="loc_deiEntityDomain" />
      <link:definitionArc xlink:arcrole="http://xbrl.org/int/dim/arcrole/dimension-domain" xlink:from="loc_deiLegalEntityAxis" xlink:to="loc_deiEntityDomain" xlink:type="arc" order="20" />
      <link:loc xlink:type="locator" xlink:href="https://xbrl.sec.gov/dei/2022/dei-2022.xsd#dei_EntityDomain" xlink:label="loc_deiEntityDomain_10" />
      <link:definitionArc xlink:arcrole="http://xbrl.org/int/dim/arcrole/dimension-default" xbrldt:contextElement="segment" xlink:from="loc_deiLegalEntityAxis" xlink:to="loc_deiEntityDomain_10" xlink:type="arc" order="30" />
      <link:loc xlink:type="locator" xlink:href="mara-20220331.xsd#MARA_NYDIGDigitlAssetsFundIIILPMember" xlink:label="loc_MARANYDIGDigitlAssetsFundIIILPMember_40" />
      <link:definitionArc xlink:arcrole="http://xbrl.org/int/dim/arcrole/domain-member" xlink:from="loc_deiEntityDomain" xlink:to="loc_MARANYDIGDigitlAssetsFundIIILPMember_40" xlink:type="arc" order="41" />
      <link:loc xlink:type="locator" xlink:href="https://xbrl.fasb.org/srt/2022/elts/srt-2022.xsd#srt_OwnershipAxis" xlink:label="loc_srtOwnershipAxis" />
      <link:definitionArc xlink:arcrole="http://xbrl.org/int/dim/arcrole/hypercube-dimension" xlink:from="loc_us-gaapStatementTable" xlink:to="loc_srtOwnershipAxis" xlink:type="arc" order="3" />
      <link:loc xlink:type="locator" xlink:href="https://xbrl.fasb.org/srt/2022/elts/srt-2022.xsd#srt_OwnershipDomain" xlink:label="loc_srtOwnershipDomain" />
      <link:definitionArc xlink:arcrole="http://xbrl.org/int/dim/arcrole/dimension-domain" xlink:from="loc_srtOwnershipAxis" xlink:to="loc_srtOwnershipDomain" xlink:type="arc" order="20" />
      <link:loc xlink:type="locator" xlink:href="https://xbrl.fasb.org/srt/2022/elts/srt-2022.xsd#srt_OwnershipDomain" xlink:label="loc_srtOwnershipDomain_10" />
      <link:definitionArc xlink:arcrole="http://xbrl.org/int/dim/arcrole/dimension-default" xbrldt:contextElement="segment" xlink:from="loc_srtOwnershipAxis" xlink:to="loc_srtOwnershipDomain_10" xlink:type="arc" order="30" />
      <link:loc xlink:type="locator" xlink:href="mara-20220331.xsd#MARA_NYDIGDigitlAssetsFundIIILPMember" xlink:label="loc_MARANYDIGDigitlAssetsFundIIILPMember_50" />
      <link:definitionArc xlink:arcrole="http://xbrl.org/int/dim/arcrole/domain-member" xlink:from="loc_srtOwnershipDomain" xlink:to="loc_MARANYDIGDigitlAssetsFundIIILPMember_50" xlink:type="arc" order="51" />
      <link:loc xlink:type="locator" xlink:href="mara-20220331.xsd#MARA_AcquisitionOfBitcoins" xlink:label="loc_MARAAcquisitionOfBitcoins_70" />
      <link:definitionArc xlink:arcrole="http://xbrl.org/int/dim/arcrole/domain-member" xlink:from="loc_us-gaapStatementLineItems" xlink:to="loc_MARAAcquisitionOfBitcoins_70" xlink:type="arc" order="0" />
      <link:loc xlink:type="locator" xlink:href="mara-20220331.xsd#MARA_AggregatePurchasePriceOfBitcoins" xlink:label="loc_MARAAggregatePurchasePriceOfBitcoins_70" />
      <link:definitionArc xlink:arcrole="http://xbrl.org/int/dim/arcrole/domain-member" xlink:from="loc_us-gaapStatementLineItems" xlink:to="loc_MARAAggregatePurchasePriceOfBitcoins_70" xlink:type="arc" order="1" />
      <link:loc xlink:type="locator" xlink:href="mara-20220331.xsd#MARA_DigitalCurrencies" xlink:label="loc_MARADigitalCurrencies_70" />
      <link:definitionArc xlink:arcrole="http://xbrl.org/int/dim/arcrole/domain-member" xlink:from="loc_us-gaapStatementLineItems" xlink:to="loc_MARADigitalCurrencies_70" xlink:type="arc" order="2" />
      <link:loc xlink:type="locator" xlink:href="mara-20220331.xsd#MARA_RestrictedCurrenciesRestricted" xlink:label="loc_MARARestrictedCurrenciesRestricted_70" />
      <link:definitionArc xlink:arcrole="http://xbrl.org/int/dim/arcrole/domain-member" xlink:from="loc_us-gaapStatementLineItems" xlink:to="loc_MARARestrictedCurrenciesRestricted_70" xlink:type="arc" order="3" />
      <link:loc xlink:type="locator" xlink:href="https://xbrl.fasb.org/us-gaap/2022/elts/us-gaap-2022.xsd#us-gaap_OtherAssetsFairValueDisclosure" xlink:label="loc_us-gaapOtherAssetsFairValueDisclosure_70" />
      <link:definitionArc xlink:arcrole="http://xbrl.org/int/dim/arcrole/domain-member" xlink:from="loc_us-gaapStatementLineItems" xlink:to="loc_us-gaapOtherAssetsFairValueDisclosure_70" xlink:type="arc" order="4" />
      <link:loc xlink:type="locator" xlink:href="mara-20220331.xsd#MARA_InvestmentsInBitcoin" xlink:label="loc_MARAInvestmentsInBitcoin_70" />
      <link:definitionArc xlink:arcrole="http://xbrl.org/int/dim/arcrole/domain-member" xlink:from="loc_us-gaapStatementLineItems" xlink:to="loc_MARAInvestmentsInBitcoin_70" xlink:type="arc" order="5" />
      <link:loc xlink:type="locator" xlink:href="https://xbrl.fasb.org/us-gaap/2022/elts/us-gaap-2022.xsd#us-gaap_InvestmentOwnedAtFairValue" xlink:label="loc_us-gaapInvestmentOwnedAtFairValue_70" />
      <link:definitionArc xlink:arcrole="http://xbrl.org/int/dim/arcrole/domain-member" xlink:from="loc_us-gaapStatementLineItems" xlink:to="loc_us-gaapInvestmentOwnedAtFairValue_70" xlink:type="arc" order="6" />
      <link:loc xlink:type="locator" xlink:href="https://xbrl.fasb.org/us-gaap/2022/elts/us-gaap-2022.xsd#us-gaap_LimitedLiabilityCompanyLLCOrLimitedPartnershipLPMembersOrLimitedPartnersOwnershipInterest" xlink:label="loc_us-gaapLimitedLiabilityCompanyLLCOrLimitedPartnershipLPMembersOrLimitedPartnersOwnershipInterest_70" />
      <link:definitionArc xlink:arcrole="http://xbrl.org/int/dim/arcrole/domain-member" xlink:from="loc_us-gaapStatementLineItems" xlink:to="loc_us-gaapLimitedLiabilityCompanyLLCOrLimitedPartnershipLPMembersOrLimitedPartnersOwnershipInterest_70" xlink:type="arc" order="7" />
    </link:definitionLink>
    <link:definitionLink xlink:type="extended" xlink:role="http://marathondh.com/role/ScheduleOfComponentsOfPropertyEquipmentAndIntangibleAssetsDetails" xlink:title="00000023 - Disclosure - SCHEDULE OF COMPONENTS OF PROPERTY, EQUIPMENT AND INTANGIBLE ASSETS (Details)">
      <link:loc xlink:type="locator" xlink:href="https://xbrl.fasb.org/us-gaap/2022/elts/us-gaap-2022.xsd#us-gaap_PropertyPlantAndEquipmentLineItems" xlink:label="loc_us-gaapPropertyPlantAndEquipmentLineItems" />
      <link:loc xlink:type="locator" xlink:href="https://xbrl.fasb.org/us-gaap/2022/elts/us-gaap-2022.xsd#us-gaap_ScheduleOfPropertyPlantAndEquipmentTable" xlink:label="loc_us-gaapScheduleOfPropertyPlantAndEquipmentTable" />
      <link:definitionArc xlink:arcrole="http://xbrl.org/int/dim/arcrole/all" xbrldt:contextElement="segment" xlink:from="loc_us-gaapPropertyPlantAndEquipmentLineItems" xlink:to="loc_us-gaapScheduleOfPropertyPlantAndEquipmentTable" xlink:type="arc" order="10" xbrldt:closed="true" />
      <link:loc xlink:type="locator" xlink:href="https://xbrl.fasb.org/us-gaap/2022/elts/us-gaap-2022.xsd#us-gaap_PropertyPlantAndEquipmentByTypeAxis" xlink:label="loc_us-gaapPropertyPlantAndEquipmentByTypeAxis" />
      <link:definitionArc xlink:arcrole="http://xbrl.org/int/dim/arcrole/hypercube-dimension" xlink:from="loc_us-gaapScheduleOfPropertyPlantAndEquipmentTable" xlink:to="loc_us-gaapPropertyPlantAndEquipmentByTypeAxis" xlink:type="arc" order="1" />
      <link:loc xlink:type="locator" xlink:href="https://xbrl.fasb.org/us-gaap/2022/elts/us-gaap-2022.xsd#us-gaap_PropertyPlantAndEquipmentTypeDomain" xlink:label="loc_us-gaapPropertyPlantAndEquipmentTypeDomain" />
      <link:definitionArc xlink:arcrole="http://xbrl.org/int/dim/arcrole/dimension-domain" xlink:from="loc_us-gaapPropertyPlantAndEquipmentByTypeAxis" xlink:to="loc_us-gaapPropertyPlantAndEquipmentTypeDomain" xlink:type="arc" order="20" />
      <link:loc xlink:type="locator" xlink:href="https://xbrl.fasb.org/us-gaap/2022/elts/us-gaap-2022.xsd#us-gaap_PropertyPlantAndEquipmentTypeDomain" xlink:label="loc_us-gaapPropertyPlantAndEquipmentTypeDomain_10" />
      <link:definitionArc xlink:arcrole="http://xbrl.org/int/dim/arcrole/dimension-default" xbrldt:contextElement="segment" xlink:from="loc_us-gaapPropertyPlantAndEquipmentByTypeAxis" xlink:to="loc_us-gaapPropertyPlantAndEquipmentTypeDomain_10" xlink:type="arc" order="30" />
      <link:loc xlink:type="locator" xlink:href="mara-20220331.xsd#MARA_WebsiteMember" xlink:label="loc_MARAWebsiteMember_0" />
      <link:definitionArc xlink:arcrole="http://xbrl.org/int/dim/arcrole/domain-member" xlink:from="loc_us-gaapPropertyPlantAndEquipmentTypeDomain" xlink:to="loc_MARAWebsiteMember_0" xlink:type="arc" order="1" />
      <link:loc xlink:type="locator" xlink:href="mara-20220331.xsd#MARA_MiningEquipmentMember" xlink:label="loc_MARAMiningEquipmentMember_30" />
      <link:definitionArc xlink:arcrole="http://xbrl.org/int/dim/arcrole/domain-member" xlink:from="loc_us-gaapPropertyPlantAndEquipmentTypeDomain" xlink:to="loc_MARAMiningEquipmentMember_30" xlink:type="arc" order="31" />
      <link:loc xlink:type="locator" xlink:href="https://xbrl.fasb.org/us-gaap/2022/elts/us-gaap-2022.xsd#us-gaap_ConstructionInProgressMember" xlink:label="loc_us-gaapConstructionInProgressMember_60" />
      <link:definitionArc xlink:arcrole="http://xbrl.org/int/dim/arcrole/domain-member" xlink:from="loc_us-gaapPropertyPlantAndEquipmentTypeDomain" xlink:to="loc_us-gaapConstructionInProgressMember_60" xlink:type="arc" order="61" />
      <link:loc xlink:type="locator" xlink:href="mara-20220331.xsd#MARA_MiningPatentMember" xlink:label="loc_MARAMiningPatentMember_80" />
      <link:definitionArc xlink:arcrole="http://xbrl.org/int/dim/arcrole/domain-member" xlink:from="loc_us-gaapPropertyPlantAndEquipmentTypeDomain" xlink:to="loc_MARAMiningPatentMember_80" xlink:type="arc" order="81" />
      <link:loc xlink:type="locator" xlink:href="mara-20220331.xsd#MARA_PropertyEquipmentAndIntangibleAssetsUsefulLife" xlink:label="loc_MARAPropertyEquipmentAndIntangibleAssetsUsefulLife_140" />
      <link:definitionArc xlink:arcrole="http://xbrl.org/int/dim/arcrole/domain-member" xlink:from="loc_us-gaapPropertyPlantAndEquipmentLineItems" xlink:to="loc_MARAPropertyEquipmentAndIntangibleAssetsUsefulLife_140" xlink:type="arc" order="0" />
      <link:loc xlink:type="locator" xlink:href="mara-20220331.xsd#MARA_PropertyEquipmentAndIntangibleAssetsGross" xlink:label="loc_MARAPropertyEquipmentAndIntangibleAssetsGross_140" />
      <link:definitionArc xlink:arcrole="http://xbrl.org/int/dim/arcrole/domain-member" xlink:from="loc_us-gaapPropertyPlantAndEquipmentLineItems" xlink:to="loc_MARAPropertyEquipmentAndIntangibleAssetsGross_140" xlink:type="arc" order="1" />
      <link:loc xlink:type="locator" xlink:href="mara-20220331.xsd#MARA_AccumulatedDepreciationDepletionAndAmortizationPropertyEquipmentAndIntangibleAssets" xlink:label="loc_MARAAccumulatedDepreciationDepletionAndAmortizationPropertyEquipmentAndIntangibleAssets_140" />
      <link:definitionArc xlink:arcrole="http://xbrl.org/int/dim/arcrole/domain-member" xlink:from="loc_us-gaapPropertyPlantAndEquipmentLineItems" xlink:to="loc_MARAAccumulatedDepreciationDepletionAndAmortizationPropertyEquipmentAndIntangibleAssets_140" xlink:type="arc" order="2" />
      <link:loc xlink:type="locator" xlink:href="mara-20220331.xsd#MARA_PropertyEquipmentAndIntangibleAssetsNet" xlink:label="loc_MARAPropertyEquipmentAndIntangibleAssetsNet_140" />
      <link:definitionArc xlink:arcrole="http://xbrl.org/int/dim/arcrole/domain-member" xlink:from="loc_us-gaapPropertyPlantAndEquipmentLineItems" xlink:to="loc_MARAPropertyEquipmentAndIntangibleAssetsNet_140" xlink:type="arc" order="3" />
    </link:definitionLink>
    <link:definitionLink xlink:type="extended" xlink:role="http://marathondh.com/role/AdvancesToVendorsAndPropertyAndEquipmentDetailsNarrative" xlink:title="00000024 - Disclosure - ADVANCES TO VENDORS AND PROPERTY AND EQUIPMENT (Details Narrative)" />
    <link:definitionLink xlink:type="extended" xlink:role="http://marathondh.com/role/SummaryOfOutstandingStockWarrantsDetails" xlink:title="00000025 - Disclosure - SUMMARY OF OUTSTANDING STOCK WARRANTS (Details)">
      <link:loc xlink:type="locator" xlink:href="https://xbrl.fasb.org/us-gaap/2022/elts/us-gaap-2022.xsd#us-gaap_AccumulatedOtherComprehensiveIncomeLossLineItems" xlink:label="loc_us-gaapAccumulatedOtherComprehensiveIncomeLossLineItems" />
      <link:loc xlink:type="locator" xlink:href="https://xbrl.fasb.org/us-gaap/2022/elts/us-gaap-2022.xsd#us-gaap_AccumulatedOtherComprehensiveIncomeLossTable" xlink:label="loc_us-gaapAccumulatedOtherComprehensiveIncomeLossTable" />
      <link:definitionArc xlink:arcrole="http://xbrl.org/int/dim/arcrole/all" xbrldt:contextElement="segment" xlink:from="loc_us-gaapAccumulatedOtherComprehensiveIncomeLossLineItems" xlink:to="loc_us-gaapAccumulatedOtherComprehensiveIncomeLossTable" xlink:type="arc" order="10" xbrldt:closed="true" />
      <link:loc xlink:type="locator" xlink:href="https://xbrl.fasb.org/us-gaap/2022/elts/us-gaap-2022.xsd#us-gaap_StatementEquityComponentsAxis" xlink:label="loc_us-gaapStatementEquityComponentsAxis" />
      <link:definitionArc xlink:arcrole="http://xbrl.org/int/dim/arcrole/hypercube-dimension" xlink:from="loc_us-gaapAccumulatedOtherComprehensiveIncomeLossTable" xlink:to="loc_us-gaapStatementEquityComponentsAxis" xlink:type="arc" order="1" />
      <link:loc xlink:type="locator" xlink:href="https://xbrl.fasb.org/us-gaap/2022/elts/us-gaap-2022.xsd#us-gaap_EquityComponentDomain" xlink:label="loc_us-gaapEquityComponentDomain" />
      <link:definitionArc xlink:arcrole="http://xbrl.org/int/dim/arcrole/dimension-domain" xlink:from="loc_us-gaapStatementEquityComponentsAxis" xlink:to="loc_us-gaapEquityComponentDomain" xlink:type="arc" order="20" />
      <link:loc xlink:type="locator" xlink:href="https://xbrl.fasb.org/us-gaap/2022/elts/us-gaap-2022.xsd#us-gaap_EquityComponentDomain" xlink:label="loc_us-gaapEquityComponentDomain_10" />
      <link:definitionArc xlink:arcrole="http://xbrl.org/int/dim/arcrole/dimension-default" xbrldt:contextElement="segment" xlink:from="loc_us-gaapStatementEquityComponentsAxis" xlink:to="loc_us-gaapEquityComponentDomain_10" xlink:type="arc" order="30" />
      <link:loc xlink:type="locator" xlink:href="https://xbrl.fasb.org/us-gaap/2022/elts/us-gaap-2022.xsd#us-gaap_WarrantMember" xlink:label="loc_us-gaapWarrantMember_40" />
      <link:definitionArc xlink:arcrole="http://xbrl.org/int/dim/arcrole/domain-member" xlink:from="loc_us-gaapEquityComponentDomain" xlink:to="loc_us-gaapWarrantMember_40" xlink:type="arc" order="41" />
      <link:loc xlink:type="locator" xlink:href="https://xbrl.fasb.org/us-gaap/2022/elts/us-gaap-2022.xsd#us-gaap_ShareBasedCompensationArrangementByShareBasedPaymentAwardNonOptionEquityInstrumentsOutstandingNumber" xlink:label="loc_us-gaapShareBasedCompensationArrangementByShareBasedPaymentAwardNonOptionEquityInstrumentsOutstandingNumber_60" />
      <link:definitionArc xlink:arcrole="http://xbrl.org/int/dim/arcrole/domain-member" xlink:from="loc_us-gaapAccumulatedOtherComprehensiveIncomeLossLineItems" xlink:to="loc_us-gaapShareBasedCompensationArrangementByShareBasedPaymentAwardNonOptionEquityInstrumentsOutstandingNumber_60" xlink:type="arc" order="0" />
      <link:loc xlink:type="locator" xlink:href="mara-20220331.xsd#MARA_ShareBasedCompensationArrangementByShareBasedPaymentNonOptionEquityInstrumentsWeightedAverageExercisePriceOutstanding" xlink:label="loc_MARAShareBasedCompensationArrangementByShareBasedPaymentNonOptionEquityInstrumentsWeightedAverageExercisePriceOutstanding_60" />
      <link:definitionArc xlink:arcrole="http://xbrl.org/int/dim/arcrole/domain-member" xlink:from="loc_us-gaapAccumulatedOtherComprehensiveIncomeLossLineItems" xlink:to="loc_MARAShareBasedCompensationArrangementByShareBasedPaymentNonOptionEquityInstrumentsWeightedAverageExercisePriceOutstanding_60" xlink:type="arc" order="1" />
      <link:loc xlink:type="locator" xlink:href="https://xbrl.fasb.org/us-gaap/2022/elts/us-gaap-2022.xsd#us-gaap_ShareBasedCompensationArrangementByShareBasedPaymentAwardEquityInstrumentsOtherThanOptionsOutstandingWeightedAverageRemainingContractualTerms" xlink:label="loc_us-gaapShareBasedCompensationArrangementByShareBasedPaymentAwardEquityInstrumentsOtherThanOptionsOutstandingWeightedAverageRemainingContractualTerms_60" />
      <link:definitionArc xlink:arcrole="http://xbrl.org/int/dim/arcrole/domain-member" xlink:from="loc_us-gaapAccumulatedOtherComprehensiveIncomeLossLineItems" xlink:to="loc_us-gaapShareBasedCompensationArrangementByShareBasedPaymentAwardEquityInstrumentsOtherThanOptionsOutstandingWeightedAverageRemainingContractualTerms_60" xlink:type="arc" order="2" />
      <link:loc xlink:type="locator" xlink:href="https://xbrl.fasb.org/us-gaap/2022/elts/us-gaap-2022.xsd#us-gaap_ShareBasedCompensationArrangementByShareBasedPaymentAwardNonOptionEquityInstrumentsGranted" xlink:label="loc_us-gaapShareBasedCompensationArrangementByShareBasedPaymentAwardNonOptionEquityInstrumentsGranted_60" />
      <link:definitionArc xlink:arcrole="http://xbrl.org/int/dim/arcrole/domain-member" xlink:from="loc_us-gaapAccumulatedOtherComprehensiveIncomeLossLineItems" xlink:to="loc_us-gaapShareBasedCompensationArrangementByShareBasedPaymentAwardNonOptionEquityInstrumentsGranted_60" xlink:type="arc" order="3" />
      <link:loc xlink:type="locator" xlink:href="mara-20220331.xsd#MARA_ShareBasedCompensationArrangementByShareBasedPaymentNonOptionEquityInstrumentsWeightedAverageExercisePriceIssued" xlink:label="loc_MARAShareBasedCompensationArrangementByShareBasedPaymentNonOptionEquityInstrumentsWeightedAverageExercisePriceIssued_60" />
      <link:definitionArc xlink:arcrole="http://xbrl.org/int/dim/arcrole/domain-member" xlink:from="loc_us-gaapAccumulatedOtherComprehensiveIncomeLossLineItems" xlink:to="loc_MARAShareBasedCompensationArrangementByShareBasedPaymentNonOptionEquityInstrumentsWeightedAverageExercisePriceIssued_60" xlink:type="arc" order="4" />
      <link:loc xlink:type="locator" xlink:href="https://xbrl.fasb.org/us-gaap/2022/elts/us-gaap-2022.xsd#us-gaap_ShareBasedCompensationArrangementByShareBasedPaymentAwardNonOptionEquityInstrumentsExpirations" xlink:label="loc_us-gaapShareBasedCompensationArrangementByShareBasedPaymentAwardNonOptionEquityInstrumentsExpirations_60" />
      <link:definitionArc xlink:arcrole="http://xbrl.org/int/dim/arcrole/domain-member" xlink:from="loc_us-gaapAccumulatedOtherComprehensiveIncomeLossLineItems" xlink:to="loc_us-gaapShareBasedCompensationArrangementByShareBasedPaymentAwardNonOptionEquityInstrumentsExpirations_60" xlink:type="arc" order="5" />
      <link:loc xlink:type="locator" xlink:href="mara-20220331.xsd#MARA_ShareBasedCompensationArrangementByShareBasedPaymentNonOptionEquityInstrumentsWeightedAverageExercisePriceExpired" xlink:label="loc_MARAShareBasedCompensationArrangementByShareBasedPaymentNonOptionEquityInstrumentsWeightedAverageExercisePriceExpired_60" />
      <link:definitionArc xlink:arcrole="http://xbrl.org/int/dim/arcrole/domain-member" xlink:from="loc_us-gaapAccumulatedOtherComprehensiveIncomeLossLineItems" xlink:to="loc_MARAShareBasedCompensationArrangementByShareBasedPaymentNonOptionEquityInstrumentsWeightedAverageExercisePriceExpired_60" xlink:type="arc" order="6" />
      <link:loc xlink:type="locator" xlink:href="https://xbrl.fasb.org/us-gaap/2022/elts/us-gaap-2022.xsd#us-gaap_ShareBasedCompensationArrangementByShareBasedPaymentAwardNonOptionEquityInstrumentsExercised" xlink:label="loc_us-gaapShareBasedCompensationArrangementByShareBasedPaymentAwardNonOptionEquityInstrumentsExercised_60" />
      <link:definitionArc xlink:arcrole="http://xbrl.org/int/dim/arcrole/domain-member" xlink:from="loc_us-gaapAccumulatedOtherComprehensiveIncomeLossLineItems" xlink:to="loc_us-gaapShareBasedCompensationArrangementByShareBasedPaymentAwardNonOptionEquityInstrumentsExercised_60" xlink:type="arc" order="7" />
      <link:loc xlink:type="locator" xlink:href="mara-20220331.xsd#MARA_ShareBasedCompensationArrangementByShareBasedPaymentNonOptionEquityInstrumentsWeightedAverageExercisePriceExercised" xlink:label="loc_MARAShareBasedCompensationArrangementByShareBasedPaymentNonOptionEquityInstrumentsWeightedAverageExercisePriceExercised_60" />
      <link:definitionArc xlink:arcrole="http://xbrl.org/int/dim/arcrole/domain-member" xlink:from="loc_us-gaapAccumulatedOtherComprehensiveIncomeLossLineItems" xlink:to="loc_MARAShareBasedCompensationArrangementByShareBasedPaymentNonOptionEquityInstrumentsWeightedAverageExercisePriceExercised_60" xlink:type="arc" order="8" />
      <link:loc xlink:type="locator" xlink:href="mara-20220331.xsd#MARA_ShareBasedCompensationArrangementByShareBasedPaymentAwardNonOptionEquityInstrumentsExercisableNumber" xlink:label="loc_MARAShareBasedCompensationArrangementByShareBasedPaymentAwardNonOptionEquityInstrumentsExercisableNumber_60" />
      <link:definitionArc xlink:arcrole="http://xbrl.org/int/dim/arcrole/domain-member" xlink:from="loc_us-gaapAccumulatedOtherComprehensiveIncomeLossLineItems" xlink:to="loc_MARAShareBasedCompensationArrangementByShareBasedPaymentAwardNonOptionEquityInstrumentsExercisableNumber_60" xlink:type="arc" order="11" />
      <link:loc xlink:type="locator" xlink:href="mara-20220331.xsd#MARA_ShareBasedCompensationArrangementByShareBasedPaymentNonOptionEquityInstrumentWeightedAverageExercisePriceExercisable" xlink:label="loc_MARAShareBasedCompensationArrangementByShareBasedPaymentNonOptionEquityInstrumentWeightedAverageExercisePriceExercisable_60" />
      <link:definitionArc xlink:arcrole="http://xbrl.org/int/dim/arcrole/domain-member" xlink:from="loc_us-gaapAccumulatedOtherComprehensiveIncomeLossLineItems" xlink:to="loc_MARAShareBasedCompensationArrangementByShareBasedPaymentNonOptionEquityInstrumentWeightedAverageExercisePriceExercisable_60" xlink:type="arc" order="12" />
      <link:loc xlink:type="locator" xlink:href="mara-20220331.xsd#MARA_SharebasedCompensationArrangementBySharebasedPaymentNonEquityOptionsOutstandingWeightedAverageRemainingContractualTermExercisableEnding" xlink:label="loc_MARASharebasedCompensationArrangementBySharebasedPaymentNonEquityOptionsOutstandingWeightedAverageRemainingContractualTermExercisableEnding_60" />
      <link:definitionArc xlink:arcrole="http://xbrl.org/int/dim/arcrole/domain-member" xlink:from="loc_us-gaapAccumulatedOtherComprehensiveIncomeLossLineItems" xlink:to="loc_MARASharebasedCompensationArrangementBySharebasedPaymentNonEquityOptionsOutstandingWeightedAverageRemainingContractualTermExercisableEnding_60" xlink:type="arc" order="13" />
      <link:loc xlink:type="locator" xlink:href="https://xbrl.fasb.org/us-gaap/2022/elts/us-gaap-2022.xsd#us-gaap_SharebasedCompensationArrangementBySharebasedPaymentAwardEquityInstrumentsOtherThanOptionsAggregateIntrinsicValueOutstanding" xlink:label="loc_us-gaapSharebasedCompensationArrangementBySharebasedPaymentAwardEquityInstrumentsOtherThanOptionsAggregateIntrinsicValueOutstanding_60" />
      <link:definitionArc xlink:arcrole="http://xbrl.org/int/dim/arcrole/domain-member" xlink:from="loc_us-gaapAccumulatedOtherComprehensiveIncomeLossLineItems" xlink:to="loc_us-gaapSharebasedCompensationArrangementBySharebasedPaymentAwardEquityInstrumentsOtherThanOptionsAggregateIntrinsicValueOutstanding_60" xlink:type="arc" order="14" />
    </link:definitionLink>
    <link:definitionLink xlink:type="extended" xlink:role="http://marathondh.com/role/SummaryOfRestrictedStockAwardActivityDetails" xlink:title="00000026 - Disclosure - SUMMARY OF RESTRICTED STOCK AWARD ACTIVITY (Details)">
      <link:loc xlink:type="locator" xlink:href="https://xbrl.fasb.org/us-gaap/2022/elts/us-gaap-2022.xsd#us-gaap_ShareBasedCompensationArrangementByShareBasedPaymentAwardLineItems" xlink:label="loc_us-gaapShareBasedCompensationArrangementByShareBasedPaymentAwardLineItems" />
      <link:loc xlink:type="locator" xlink:href="https://xbrl.fasb.org/us-gaap/2022/elts/us-gaap-2022.xsd#us-gaap_ScheduleOfShareBasedCompensationArrangementsByShareBasedPaymentAwardTable" xlink:label="loc_us-gaapScheduleOfShareBasedCompensationArrangementsByShareBasedPaymentAwardTable" />
      <link:definitionArc xlink:arcrole="http://xbrl.org/int/dim/arcrole/all" xbrldt:contextElement="segment" xlink:from="loc_us-gaapShareBasedCompensationArrangementByShareBasedPaymentAwardLineItems" xlink:to="loc_us-gaapScheduleOfShareBasedCompensationArrangementsByShareBasedPaymentAwardTable" xlink:type="arc" order="10" xbrldt:closed="true" />
      <link:loc xlink:type="locator" xlink:href="https://xbrl.fasb.org/us-gaap/2022/elts/us-gaap-2022.xsd#us-gaap_AwardTypeAxis" xlink:label="loc_us-gaapAwardTypeAxis" />
      <link:definitionArc xlink:arcrole="http://xbrl.org/int/dim/arcrole/hypercube-dimension" xlink:from="loc_us-gaapScheduleOfShareBasedCompensationArrangementsByShareBasedPaymentAwardTable" xlink:to="loc_us-gaapAwardTypeAxis" xlink:type="arc" order="1" />
      <link:loc xlink:type="locator" xlink:href="https://xbrl.fasb.org/us-gaap/2022/elts/us-gaap-2022.xsd#us-gaap_ShareBasedCompensationArrangementsByShareBasedPaymentAwardAwardTypeAndPlanNameDomain" xlink:label="loc_us-gaapShareBasedCompensationArrangementsByShareBasedPaymentAwardAwardTypeAndPlanNameDomain" />
      <link:definitionArc xlink:arcrole="http://xbrl.org/int/dim/arcrole/dimension-domain" xlink:from="loc_us-gaapAwardTypeAxis" xlink:to="loc_us-gaapShareBasedCompensationArrangementsByShareBasedPaymentAwardAwardTypeAndPlanNameDomain" xlink:type="arc" order="20" />
      <link:loc xlink:type="locator" xlink:href="https://xbrl.fasb.org/us-gaap/2022/elts/us-gaap-2022.xsd#us-gaap_ShareBasedCompensationArrangementsByShareBasedPaymentAwardAwardTypeAndPlanNameDomain" xlink:label="loc_us-gaapShareBasedCompensationArrangementsByShareBasedPaymentAwardAwardTypeAndPlanNameDomain_10" />
      <link:definitionArc xlink:arcrole="http://xbrl.org/int/dim/arcrole/dimension-default" xbrldt:contextElement="segment" xlink:from="loc_us-gaapAwardTypeAxis" xlink:to="loc_us-gaapShareBasedCompensationArrangementsByShareBasedPaymentAwardAwardTypeAndPlanNameDomain_10" xlink:type="arc" order="30" />
      <link:loc xlink:type="locator" xlink:href="https://xbrl.fasb.org/us-gaap/2022/elts/us-gaap-2022.xsd#us-gaap_RestrictedStockMember" xlink:label="loc_us-gaapRestrictedStockMember_0" />
      <link:definitionArc xlink:arcrole="http://xbrl.org/int/dim/arcrole/domain-member" xlink:from="loc_us-gaapShareBasedCompensationArrangementsByShareBasedPaymentAwardAwardTypeAndPlanNameDomain" xlink:to="loc_us-gaapRestrictedStockMember_0" xlink:type="arc" order="1" />
      <link:loc xlink:type="locator" xlink:href="https://xbrl.fasb.org/us-gaap/2022/elts/us-gaap-2022.xsd#us-gaap_ShareBasedCompensationArrangementByShareBasedPaymentAwardEquityInstrumentsOtherThanOptionsNonvestedNumber" xlink:label="loc_us-gaapShareBasedCompensationArrangementByShareBasedPaymentAwardEquityInstrumentsOtherThanOptionsNonvestedNumber_40" />
      <link:definitionArc xlink:arcrole="http://xbrl.org/int/dim/arcrole/domain-member" xlink:from="loc_us-gaapShareBasedCompensationArrangementByShareBasedPaymentAwardLineItems" xlink:to="loc_us-gaapShareBasedCompensationArrangementByShareBasedPaymentAwardEquityInstrumentsOtherThanOptionsNonvestedNumber_40" xlink:type="arc" order="0" />
      <link:loc xlink:type="locator" xlink:href="https://xbrl.fasb.org/us-gaap/2022/elts/us-gaap-2022.xsd#us-gaap_ShareBasedCompensationArrangementByShareBasedPaymentAwardEquityInstrumentsOtherThanOptionsNonvestedWeightedAverageGrantDateFairValue" xlink:label="loc_us-gaapShareBasedCompensationArrangementByShareBasedPaymentAwardEquityInstrumentsOtherThanOptionsNonvestedWeightedAverageGrantDateFairValue_40" />
      <link:definitionArc xlink:arcrole="http://xbrl.org/int/dim/arcrole/domain-member" xlink:from="loc_us-gaapShareBasedCompensationArrangementByShareBasedPaymentAwardLineItems" xlink:to="loc_us-gaapShareBasedCompensationArrangementByShareBasedPaymentAwardEquityInstrumentsOtherThanOptionsNonvestedWeightedAverageGrantDateFairValue_40" xlink:type="arc" order="1" />
      <link:loc xlink:type="locator" xlink:href="https://xbrl.fasb.org/us-gaap/2022/elts/us-gaap-2022.xsd#us-gaap_ShareBasedCompensationArrangementByShareBasedPaymentAwardEquityInstrumentsOtherThanOptionsGrantsInPeriod" xlink:label="loc_us-gaapShareBasedCompensationArrangementByShareBasedPaymentAwardEquityInstrumentsOtherThanOptionsGrantsInPeriod_40" />
      <link:definitionArc xlink:arcrole="http://xbrl.org/int/dim/arcrole/domain-member" xlink:from="loc_us-gaapShareBasedCompensationArrangementByShareBasedPaymentAwardLineItems" xlink:to="loc_us-gaapShareBasedCompensationArrangementByShareBasedPaymentAwardEquityInstrumentsOtherThanOptionsGrantsInPeriod_40" xlink:type="arc" order="2" />
      <link:loc xlink:type="locator" xlink:href="https://xbrl.fasb.org/us-gaap/2022/elts/us-gaap-2022.xsd#us-gaap_ShareBasedCompensationArrangementByShareBasedPaymentAwardEquityInstrumentsOtherThanOptionsGrantsInPeriodWeightedAverageGrantDateFairValue" xlink:label="loc_us-gaapShareBasedCompensationArrangementByShareBasedPaymentAwardEquityInstrumentsOtherThanOptionsGrantsInPeriodWeightedAverageGrantDateFairValue_40" />
      <link:definitionArc xlink:arcrole="http://xbrl.org/int/dim/arcrole/domain-member" xlink:from="loc_us-gaapShareBasedCompensationArrangementByShareBasedPaymentAwardLineItems" xlink:to="loc_us-gaapShareBasedCompensationArrangementByShareBasedPaymentAwardEquityInstrumentsOtherThanOptionsGrantsInPeriodWeightedAverageGrantDateFairValue_40" xlink:type="arc" order="3" />
      <link:loc xlink:type="locator" xlink:href="https://xbrl.fasb.org/us-gaap/2022/elts/us-gaap-2022.xsd#us-gaap_ShareBasedCompensationArrangementByShareBasedPaymentAwardEquityInstrumentsOtherThanOptionsVestedInPeriod" xlink:label="loc_us-gaapShareBasedCompensationArrangementByShareBasedPaymentAwardEquityInstrumentsOtherThanOptionsVestedInPeriod_40" />
      <link:definitionArc xlink:arcrole="http://xbrl.org/int/dim/arcrole/domain-member" xlink:from="loc_us-gaapShareBasedCompensationArrangementByShareBasedPaymentAwardLineItems" xlink:to="loc_us-gaapShareBasedCompensationArrangementByShareBasedPaymentAwardEquityInstrumentsOtherThanOptionsVestedInPeriod_40" xlink:type="arc" order="4" />
      <link:loc xlink:type="locator" xlink:href="https://xbrl.fasb.org/us-gaap/2022/elts/us-gaap-2022.xsd#us-gaap_ShareBasedCompensationArrangementByShareBasedPaymentAwardEquityInstrumentsOtherThanOptionsVestedInPeriodWeightedAverageGrantDateFairValue" xlink:label="loc_us-gaapShareBasedCompensationArrangementByShareBasedPaymentAwardEquityInstrumentsOtherThanOptionsVestedInPeriodWeightedAverageGrantDateFairValue_40" />
      <link:definitionArc xlink:arcrole="http://xbrl.org/int/dim/arcrole/domain-member" xlink:from="loc_us-gaapShareBasedCompensationArrangementByShareBasedPaymentAwardLineItems" xlink:to="loc_us-gaapShareBasedCompensationArrangementByShareBasedPaymentAwardEquityInstrumentsOtherThanOptionsVestedInPeriodWeightedAverageGrantDateFairValue_40" xlink:type="arc" order="5" />
    </link:definitionLink>
    <link:definitionLink xlink:type="extended" xlink:role="http://marathondh.com/role/StockholdersEquityDetailsNarrative" xlink:title="00000027 - Disclosure - STOCKHOLDERS&#8217; EQUITY (Details Narrative)">
      <link:loc xlink:type="locator" xlink:href="https://xbrl.fasb.org/us-gaap/2022/elts/us-gaap-2022.xsd#us-gaap_ClassOfStockLineItems" xlink:label="loc_us-gaapClassOfStockLineItems" />
      <link:loc xlink:type="locator" xlink:href="https://xbrl.fasb.org/us-gaap/2022/elts/us-gaap-2022.xsd#us-gaap_ScheduleOfStockByClassTable" xlink:label="loc_us-gaapScheduleOfStockByClassTable" />
      <link:definitionArc xlink:arcrole="http://xbrl.org/int/dim/arcrole/all" xbrldt:contextElement="segment" xlink:from="loc_us-gaapClassOfStockLineItems" xlink:to="loc_us-gaapScheduleOfStockByClassTable" xlink:type="arc" order="10" xbrldt:closed="true" />
      <link:loc xlink:type="locator" xlink:href="https://xbrl.fasb.org/us-gaap/2022/elts/us-gaap-2022.xsd#us-gaap_TypeOfArrangementAxis" xlink:label="loc_us-gaapTypeOfArrangementAxis" />
      <link:definitionArc xlink:arcrole="http://xbrl.org/int/dim/arcrole/hypercube-dimension" xlink:from="loc_us-gaapScheduleOfStockByClassTable" xlink:to="loc_us-gaapTypeOfArrangementAxis" xlink:type="arc" order="1" />
      <link:loc xlink:type="locator" xlink:href="https://xbrl.fasb.org/us-gaap/2022/elts/us-gaap-2022.xsd#us-gaap_ArrangementsAndNonarrangementTransactionsMember" xlink:label="loc_us-gaapArrangementsAndNonarrangementTransactionsMember" />
      <link:definitionArc xlink:arcrole="http://xbrl.org/int/dim/arcrole/dimension-domain" xlink:from="loc_us-gaapTypeOfArrangementAxis" xlink:to="loc_us-gaapArrangementsAndNonarrangementTransactionsMember" xlink:type="arc" order="20" />
      <link:loc xlink:type="locator" xlink:href="https://xbrl.fasb.org/us-gaap/2022/elts/us-gaap-2022.xsd#us-gaap_ArrangementsAndNonarrangementTransactionsMember" xlink:label="loc_us-gaapArrangementsAndNonarrangementTransactionsMember_10" />
      <link:definitionArc xlink:arcrole="http://xbrl.org/int/dim/arcrole/dimension-default" xbrldt:contextElement="segment" xlink:from="loc_us-gaapTypeOfArrangementAxis" xlink:to="loc_us-gaapArrangementsAndNonarrangementTransactionsMember_10" xlink:type="arc" order="30" />
      <link:loc xlink:type="locator" xlink:href="mara-20220331.xsd#MARA_AtTheMarketOfferingAgreementMember" xlink:label="loc_MARAAtTheMarketOfferingAgreementMember_0" />
      <link:definitionArc xlink:arcrole="http://xbrl.org/int/dim/arcrole/domain-member" xlink:from="loc_us-gaapArrangementsAndNonarrangementTransactionsMember" xlink:to="loc_MARAAtTheMarketOfferingAgreementMember_0" xlink:type="arc" order="1" />
      <link:loc xlink:type="locator" xlink:href="https://xbrl.fasb.org/srt/2022/elts/srt-2022.xsd#srt_RangeAxis" xlink:label="loc_srtRangeAxis" />
      <link:definitionArc xlink:arcrole="http://xbrl.org/int/dim/arcrole/hypercube-dimension" xlink:from="loc_us-gaapScheduleOfStockByClassTable" xlink:to="loc_srtRangeAxis" xlink:type="arc" order="2" />
      <link:loc xlink:type="locator" xlink:href="https://xbrl.fasb.org/srt/2022/elts/srt-2022.xsd#srt_RangeMember" xlink:label="loc_srtRangeMember" />
      <link:definitionArc xlink:arcrole="http://xbrl.org/int/dim/arcrole/dimension-domain" xlink:from="loc_srtRangeAxis" xlink:to="loc_srtRangeMember" xlink:type="arc" order="20" />
      <link:loc xlink:type="locator" xlink:href="https://xbrl.fasb.org/srt/2022/elts/srt-2022.xsd#srt_RangeMember" xlink:label="loc_srtRangeMember_10" />
      <link:definitionArc xlink:arcrole="http://xbrl.org/int/dim/arcrole/dimension-default" xbrldt:contextElement="segment" xlink:from="loc_srtRangeAxis" xlink:to="loc_srtRangeMember_10" xlink:type="arc" order="30" />
      <link:loc xlink:type="locator" xlink:href="https://xbrl.fasb.org/srt/2022/elts/srt-2022.xsd#srt_MaximumMember" xlink:label="loc_srtMaximumMember_0" />
      <link:definitionArc xlink:arcrole="http://xbrl.org/int/dim/arcrole/domain-member" xlink:from="loc_srtRangeMember" xlink:to="loc_srtMaximumMember_0" xlink:type="arc" order="2" />
      <link:loc xlink:type="locator" xlink:href="https://xbrl.fasb.org/us-gaap/2022/elts/us-gaap-2022.xsd#us-gaap_StatementClassOfStockAxis" xlink:label="loc_us-gaapStatementClassOfStockAxis" />
      <link:definitionArc xlink:arcrole="http://xbrl.org/int/dim/arcrole/hypercube-dimension" xlink:from="loc_us-gaapScheduleOfStockByClassTable" xlink:to="loc_us-gaapStatementClassOfStockAxis" xlink:type="arc" order="3" />
      <link:loc xlink:type="locator" xlink:href="https://xbrl.fasb.org/us-gaap/2022/elts/us-gaap-2022.xsd#us-gaap_ClassOfStockDomain" xlink:label="loc_us-gaapClassOfStockDomain" />
      <link:definitionArc xlink:arcrole="http://xbrl.org/int/dim/arcrole/dimension-domain" xlink:from="loc_us-gaapStatementClassOfStockAxis" xlink:to="loc_us-gaapClassOfStockDomain" xlink:type="arc" order="20" />
      <link:loc xlink:type="locator" xlink:href="https://xbrl.fasb.org/us-gaap/2022/elts/us-gaap-2022.xsd#us-gaap_ClassOfStockDomain" xlink:label="loc_us-gaapClassOfStockDomain_10" />
      <link:definitionArc xlink:arcrole="http://xbrl.org/int/dim/arcrole/dimension-default" xbrldt:contextElement="segment" xlink:from="loc_us-gaapStatementClassOfStockAxis" xlink:to="loc_us-gaapClassOfStockDomain_10" xlink:type="arc" order="30" />
      <link:loc xlink:type="locator" xlink:href="mara-20220331.xsd#MARA_SeriesBConvertiblePreferredStockMember" xlink:label="loc_MARASeriesBConvertiblePreferredStockMember_20" />
      <link:definitionArc xlink:arcrole="http://xbrl.org/int/dim/arcrole/domain-member" xlink:from="loc_us-gaapClassOfStockDomain" xlink:to="loc_MARASeriesBConvertiblePreferredStockMember_20" xlink:type="arc" order="21" />
      <link:loc xlink:type="locator" xlink:href="mara-20220331.xsd#MARA_SeriesEConvertiblePreferredStockMember" xlink:label="loc_MARASeriesEConvertiblePreferredStockMember_30" />
      <link:definitionArc xlink:arcrole="http://xbrl.org/int/dim/arcrole/domain-member" xlink:from="loc_us-gaapClassOfStockDomain" xlink:to="loc_MARASeriesEConvertiblePreferredStockMember_30" xlink:type="arc" order="31" />
      <link:loc xlink:type="locator" xlink:href="https://xbrl.fasb.org/us-gaap/2022/elts/us-gaap-2022.xsd#us-gaap_AwardTypeAxis" xlink:label="loc_us-gaapAwardTypeAxis" />
      <link:definitionArc xlink:arcrole="http://xbrl.org/int/dim/arcrole/hypercube-dimension" xlink:from="loc_us-gaapScheduleOfStockByClassTable" xlink:to="loc_us-gaapAwardTypeAxis" xlink:type="arc" order="4" />
      <link:loc xlink:type="locator" xlink:href="https://xbrl.fasb.org/us-gaap/2022/elts/us-gaap-2022.xsd#us-gaap_ShareBasedCompensationArrangementsByShareBasedPaymentAwardAwardTypeAndPlanNameDomain" xlink:label="loc_us-gaapShareBasedCompensationArrangementsByShareBasedPaymentAwardAwardTypeAndPlanNameDomain" />
      <link:definitionArc xlink:arcrole="http://xbrl.org/int/dim/arcrole/dimension-domain" xlink:from="loc_us-gaapAwardTypeAxis" xlink:to="loc_us-gaapShareBasedCompensationArrangementsByShareBasedPaymentAwardAwardTypeAndPlanNameDomain" xlink:type="arc" order="20" />
      <link:loc xlink:type="locator" xlink:href="https://xbrl.fasb.org/us-gaap/2022/elts/us-gaap-2022.xsd#us-gaap_ShareBasedCompensationArrangementsByShareBasedPaymentAwardAwardTypeAndPlanNameDomain" xlink:label="loc_us-gaapShareBasedCompensationArrangementsByShareBasedPaymentAwardAwardTypeAndPlanNameDomain_10" />
      <link:definitionArc xlink:arcrole="http://xbrl.org/int/dim/arcrole/dimension-default" xbrldt:contextElement="segment" xlink:from="loc_us-gaapAwardTypeAxis" xlink:to="loc_us-gaapShareBasedCompensationArrangementsByShareBasedPaymentAwardAwardTypeAndPlanNameDomain_10" xlink:type="arc" order="30" />
      <link:loc xlink:type="locator" xlink:href="https://xbrl.fasb.org/us-gaap/2022/elts/us-gaap-2022.xsd#us-gaap_EmployeeStockOptionMember" xlink:label="loc_us-gaapEmployeeStockOptionMember_40" />
      <link:definitionArc xlink:arcrole="http://xbrl.org/int/dim/arcrole/domain-member" xlink:from="loc_us-gaapShareBasedCompensationArrangementsByShareBasedPaymentAwardAwardTypeAndPlanNameDomain" xlink:to="loc_us-gaapEmployeeStockOptionMember_40" xlink:type="arc" order="41" />
      <link:loc xlink:type="locator" xlink:href="https://xbrl.fasb.org/us-gaap/2022/elts/us-gaap-2022.xsd#us-gaap_RestrictedStockMember" xlink:label="loc_us-gaapRestrictedStockMember_70" />
      <link:definitionArc xlink:arcrole="http://xbrl.org/int/dim/arcrole/domain-member" xlink:from="loc_us-gaapShareBasedCompensationArrangementsByShareBasedPaymentAwardAwardTypeAndPlanNameDomain" xlink:to="loc_us-gaapRestrictedStockMember_70" xlink:type="arc" order="71" />
      <link:loc xlink:type="locator" xlink:href="https://xbrl.fasb.org/us-gaap/2022/elts/us-gaap-2022.xsd#us-gaap_SaleOfStockConsiderationReceivedOnTransaction" xlink:label="loc_us-gaapSaleOfStockConsiderationReceivedOnTransaction_90" />
      <link:definitionArc xlink:arcrole="http://xbrl.org/int/dim/arcrole/domain-member" xlink:from="loc_us-gaapClassOfStockLineItems" xlink:to="loc_us-gaapSaleOfStockConsiderationReceivedOnTransaction_90" xlink:type="arc" order="0" />
      <link:loc xlink:type="locator" xlink:href="https://xbrl.fasb.org/us-gaap/2022/elts/us-gaap-2022.xsd#us-gaap_SaleOfStockNumberOfSharesIssuedInTransaction" xlink:label="loc_us-gaapSaleOfStockNumberOfSharesIssuedInTransaction_90" />
      <link:definitionArc xlink:arcrole="http://xbrl.org/int/dim/arcrole/domain-member" xlink:from="loc_us-gaapClassOfStockLineItems" xlink:to="loc_us-gaapSaleOfStockNumberOfSharesIssuedInTransaction_90" xlink:type="arc" order="1" />
      <link:loc xlink:type="locator" xlink:href="https://xbrl.fasb.org/us-gaap/2022/elts/us-gaap-2022.xsd#us-gaap_PaymentsOfStockIssuanceCosts" xlink:label="loc_us-gaapPaymentsOfStockIssuanceCosts_90" />
      <link:definitionArc xlink:arcrole="http://xbrl.org/int/dim/arcrole/domain-member" xlink:from="loc_us-gaapClassOfStockLineItems" xlink:to="loc_us-gaapPaymentsOfStockIssuanceCosts_90" xlink:type="arc" order="2" />
      <link:loc xlink:type="locator" xlink:href="https://xbrl.fasb.org/us-gaap/2022/elts/us-gaap-2022.xsd#us-gaap_PreferredStockSharesOutstanding" xlink:label="loc_us-gaapPreferredStockSharesOutstanding_90" />
      <link:definitionArc xlink:arcrole="http://xbrl.org/int/dim/arcrole/domain-member" xlink:from="loc_us-gaapClassOfStockLineItems" xlink:to="loc_us-gaapPreferredStockSharesOutstanding_90" xlink:type="arc" order="3" />
      <link:loc xlink:type="locator" xlink:href="https://xbrl.fasb.org/us-gaap/2022/elts/us-gaap-2022.xsd#us-gaap_StockOptionPlanExpense" xlink:label="loc_us-gaapStockOptionPlanExpense_90" />
      <link:definitionArc xlink:arcrole="http://xbrl.org/int/dim/arcrole/domain-member" xlink:from="loc_us-gaapClassOfStockLineItems" xlink:to="loc_us-gaapStockOptionPlanExpense_90" xlink:type="arc" order="4" />
      <link:loc xlink:type="locator" xlink:href="https://xbrl.fasb.org/us-gaap/2022/elts/us-gaap-2022.xsd#us-gaap_ShareBasedCompensationArrangementByShareBasedPaymentAwardAwardVestingPeriod1" xlink:label="loc_us-gaapShareBasedCompensationArrangementByShareBasedPaymentAwardAwardVestingPeriod1_90" />
      <link:definitionArc xlink:arcrole="http://xbrl.org/int/dim/arcrole/domain-member" xlink:from="loc_us-gaapClassOfStockLineItems" xlink:to="loc_us-gaapShareBasedCompensationArrangementByShareBasedPaymentAwardAwardVestingPeriod1_90" xlink:type="arc" order="5" />
      <link:loc xlink:type="locator" xlink:href="https://xbrl.fasb.org/us-gaap/2022/elts/us-gaap-2022.xsd#us-gaap_ShareBasedCompensation" xlink:label="loc_us-gaapShareBasedCompensation_90" />
      <link:definitionArc xlink:arcrole="http://xbrl.org/int/dim/arcrole/domain-member" xlink:from="loc_us-gaapClassOfStockLineItems" xlink:to="loc_us-gaapShareBasedCompensation_90" xlink:type="arc" order="6" />
    </link:definitionLink>
    <link:definitionLink xlink:type="extended" xlink:role="http://marathondh.com/role/ScheduleOfComponentsOfLeaseCostDetails" xlink:title="00000028 - Disclosure - SCHEDULE OF COMPONENTS OF LEASE COST (Details)" />
    <link:definitionLink xlink:type="extended" xlink:role="http://marathondh.com/role/SummaryOfMinimumLeasePaymentsDetails" xlink:title="00000029 - Disclosure - SUMMARY OF MINIMUM LEASE PAYMENTS (Details)" />
    <link:definitionLink xlink:type="extended" xlink:role="http://marathondh.com/role/ScheduleOfContractualMinimumLeaseDetails" xlink:title="00000030 - Disclosure - SCHEDULE OF CONTRACTUAL MINIMUM LEASE (Details)" />
    <link:definitionLink xlink:type="extended" xlink:role="http://marathondh.com/role/DebtCommitmentsAndContingenciesDetailsNarrative" xlink:title="00000031 - Disclosure - DEBT, COMMITMENTS AND CONTINGENCIES (Details Narrative)">
      <link:loc xlink:type="locator" xlink:href="https://xbrl.fasb.org/us-gaap/2022/elts/us-gaap-2022.xsd#us-gaap_StatementLineItems" xlink:label="loc_us-gaapStatementLineItems" />
      <link:loc xlink:type="locator" xlink:href="https://xbrl.fasb.org/us-gaap/2022/elts/us-gaap-2022.xsd#us-gaap_StatementTable" xlink:label="loc_us-gaapStatementTable" />
      <link:definitionArc xlink:arcrole="http://xbrl.org/int/dim/arcrole/all" xbrldt:contextElement="segment" xlink:from="loc_us-gaapStatementLineItems" xlink:to="loc_us-gaapStatementTable" xlink:type="arc" order="10" xbrldt:closed="true" />
      <link:loc xlink:type="locator" xlink:href="https://xbrl.fasb.org/us-gaap/2022/elts/us-gaap-2022.xsd#us-gaap_TypeOfArrangementAxis" xlink:label="loc_us-gaapTypeOfArrangementAxis" />
      <link:definitionArc xlink:arcrole="http://xbrl.org/int/dim/arcrole/hypercube-dimension" xlink:from="loc_us-gaapStatementTable" xlink:to="loc_us-gaapTypeOfArrangementAxis" xlink:type="arc" order="1" />
      <link:loc xlink:type="locator" xlink:href="https://xbrl.fasb.org/us-gaap/2022/elts/us-gaap-2022.xsd#us-gaap_ArrangementsAndNonarrangementTransactionsMember" xlink:label="loc_us-gaapArrangementsAndNonarrangementTransactionsMember" />
      <link:definitionArc xlink:arcrole="http://xbrl.org/int/dim/arcrole/dimension-domain" xlink:from="loc_us-gaapTypeOfArrangementAxis" xlink:to="loc_us-gaapArrangementsAndNonarrangementTransactionsMember" xlink:type="arc" order="20" />
      <link:loc xlink:type="locator" xlink:href="https://xbrl.fasb.org/us-gaap/2022/elts/us-gaap-2022.xsd#us-gaap_ArrangementsAndNonarrangementTransactionsMember" xlink:label="loc_us-gaapArrangementsAndNonarrangementTransactionsMember_10" />
      <link:definitionArc xlink:arcrole="http://xbrl.org/int/dim/arcrole/dimension-default" xbrldt:contextElement="segment" xlink:from="loc_us-gaapTypeOfArrangementAxis" xlink:to="loc_us-gaapArrangementsAndNonarrangementTransactionsMember_10" xlink:type="arc" order="30" />
      <link:loc xlink:type="locator" xlink:href="mara-20220331.xsd#MARA_RevolvingCreditAndSecurityAgreementMember" xlink:label="loc_MARARevolvingCreditAndSecurityAgreementMember_0" />
      <link:definitionArc xlink:arcrole="http://xbrl.org/int/dim/arcrole/domain-member" xlink:from="loc_us-gaapArrangementsAndNonarrangementTransactionsMember" xlink:to="loc_MARARevolvingCreditAndSecurityAgreementMember_0" xlink:type="arc" order="1" />
      <link:loc xlink:type="locator" xlink:href="https://xbrl.fasb.org/us-gaap/2022/elts/us-gaap-2022.xsd#us-gaap_DebtInstrumentAxis" xlink:label="loc_us-gaapDebtInstrumentAxis" />
      <link:definitionArc xlink:arcrole="http://xbrl.org/int/dim/arcrole/hypercube-dimension" xlink:from="loc_us-gaapStatementTable" xlink:to="loc_us-gaapDebtInstrumentAxis" xlink:type="arc" order="2" />
      <link:loc xlink:type="locator" xlink:href="https://xbrl.fasb.org/us-gaap/2022/elts/us-gaap-2022.xsd#us-gaap_DebtInstrumentNameDomain" xlink:label="loc_us-gaapDebtInstrumentNameDomain" />
      <link:definitionArc xlink:arcrole="http://xbrl.org/int/dim/arcrole/dimension-domain" xlink:from="loc_us-gaapDebtInstrumentAxis" xlink:to="loc_us-gaapDebtInstrumentNameDomain" xlink:type="arc" order="20" />
      <link:loc xlink:type="locator" xlink:href="https://xbrl.fasb.org/us-gaap/2022/elts/us-gaap-2022.xsd#us-gaap_DebtInstrumentNameDomain" xlink:label="loc_us-gaapDebtInstrumentNameDomain_10" />
      <link:definitionArc xlink:arcrole="http://xbrl.org/int/dim/arcrole/dimension-default" xbrldt:contextElement="segment" xlink:from="loc_us-gaapDebtInstrumentAxis" xlink:to="loc_us-gaapDebtInstrumentNameDomain_10" xlink:type="arc" order="30" />
      <link:loc xlink:type="locator" xlink:href="mara-20220331.xsd#MARA_ConvertibleSeniorNotesDueTwoThousandAndTwentySixMember" xlink:label="loc_MARAConvertibleSeniorNotesDueTwoThousandAndTwentySixMember_20" />
      <link:definitionArc xlink:arcrole="http://xbrl.org/int/dim/arcrole/domain-member" xlink:from="loc_us-gaapDebtInstrumentNameDomain" xlink:to="loc_MARAConvertibleSeniorNotesDueTwoThousandAndTwentySixMember_20" xlink:type="arc" order="21" />
      <link:loc xlink:type="locator" xlink:href="https://xbrl.fasb.org/srt/2022/elts/srt-2022.xsd#srt_StatementGeographicalAxis" xlink:label="loc_srtStatementGeographicalAxis" />
      <link:definitionArc xlink:arcrole="http://xbrl.org/int/dim/arcrole/hypercube-dimension" xlink:from="loc_us-gaapStatementTable" xlink:to="loc_srtStatementGeographicalAxis" xlink:type="arc" order="3" />
      <link:loc xlink:type="locator" xlink:href="https://xbrl.fasb.org/srt/2022/elts/srt-2022.xsd#srt_SegmentGeographicalDomain" xlink:label="loc_srtSegmentGeographicalDomain" />
      <link:definitionArc xlink:arcrole="http://xbrl.org/int/dim/arcrole/dimension-domain" xlink:from="loc_srtStatementGeographicalAxis" xlink:to="loc_srtSegmentGeographicalDomain" xlink:type="arc" order="20" />
      <link:loc xlink:type="locator" xlink:href="https://xbrl.fasb.org/srt/2022/elts/srt-2022.xsd#srt_SegmentGeographicalDomain" xlink:label="loc_srtSegmentGeographicalDomain_10" />
      <link:definitionArc xlink:arcrole="http://xbrl.org/int/dim/arcrole/dimension-default" xbrldt:contextElement="segment" xlink:from="loc_srtStatementGeographicalAxis" xlink:to="loc_srtSegmentGeographicalDomain_10" xlink:type="arc" order="30" />
      <link:loc xlink:type="locator" xlink:href="https://xbrl.sec.gov/country/2022/country-2022.xsd#country_US" xlink:label="loc_countryUS_60" />
      <link:definitionArc xlink:arcrole="http://xbrl.org/int/dim/arcrole/domain-member" xlink:from="loc_srtSegmentGeographicalDomain" xlink:to="loc_countryUS_60" xlink:type="arc" order="61" />
      <link:loc xlink:type="locator" xlink:href="https://xbrl.fasb.org/us-gaap/2022/elts/us-gaap-2022.xsd#us-gaap_LossContingenciesByNatureOfContingencyAxis" xlink:label="loc_us-gaapLossContingenciesByNatureOfContingencyAxis" />
      <link:definitionArc xlink:arcrole="http://xbrl.org/int/dim/arcrole/hypercube-dimension" xlink:from="loc_us-gaapStatementTable" xlink:to="loc_us-gaapLossContingenciesByNatureOfContingencyAxis" xlink:type="arc" order="4" />
      <link:loc xlink:type="locator" xlink:href="https://xbrl.fasb.org/us-gaap/2022/elts/us-gaap-2022.xsd#us-gaap_LossContingencyNatureDomain" xlink:label="loc_us-gaapLossContingencyNatureDomain" />
      <link:definitionArc xlink:arcrole="http://xbrl.org/int/dim/arcrole/dimension-domain" xlink:from="loc_us-gaapLossContingenciesByNatureOfContingencyAxis" xlink:to="loc_us-gaapLossContingencyNatureDomain" xlink:type="arc" order="20" />
      <link:loc xlink:type="locator" xlink:href="https://xbrl.fasb.org/us-gaap/2022/elts/us-gaap-2022.xsd#us-gaap_LossContingencyNatureDomain" xlink:label="loc_us-gaapLossContingencyNatureDomain_10" />
      <link:definitionArc xlink:arcrole="http://xbrl.org/int/dim/arcrole/dimension-default" xbrldt:contextElement="segment" xlink:from="loc_us-gaapLossContingenciesByNatureOfContingencyAxis" xlink:to="loc_us-gaapLossContingencyNatureDomain_10" xlink:type="arc" order="30" />
      <link:loc xlink:type="locator" xlink:href="mara-20220331.xsd#MARA_PlaintiffMichaelHoMember" xlink:label="loc_MARAPlaintiffMichaelHoMember_80" />
      <link:definitionArc xlink:arcrole="http://xbrl.org/int/dim/arcrole/domain-member" xlink:from="loc_us-gaapLossContingencyNatureDomain" xlink:to="loc_MARAPlaintiffMichaelHoMember_80" xlink:type="arc" order="81" />
      <link:loc xlink:type="locator" xlink:href="https://xbrl.sec.gov/dei/2022/dei-2022.xsd#dei_LegalEntityAxis" xlink:label="loc_deiLegalEntityAxis" />
      <link:definitionArc xlink:arcrole="http://xbrl.org/int/dim/arcrole/hypercube-dimension" xlink:from="loc_us-gaapStatementTable" xlink:to="loc_deiLegalEntityAxis" xlink:type="arc" order="5" />
      <link:loc xlink:type="locator" xlink:href="https://xbrl.sec.gov/dei/2022/dei-2022.xsd#dei_EntityDomain" xlink:label="loc_deiEntityDomain" />
      <link:definitionArc xlink:arcrole="http://xbrl.org/int/dim/arcrole/dimension-domain" xlink:from="loc_deiLegalEntityAxis" xlink:to="loc_deiEntityDomain" xlink:type="arc" order="20" />
      <link:loc xlink:type="locator" xlink:href="https://xbrl.sec.gov/dei/2022/dei-2022.xsd#dei_EntityDomain" xlink:label="loc_deiEntityDomain_10" />
      <link:definitionArc xlink:arcrole="http://xbrl.org/int/dim/arcrole/dimension-default" xbrldt:contextElement="segment" xlink:from="loc_deiLegalEntityAxis" xlink:to="loc_deiEntityDomain_10" xlink:type="arc" order="30" />
      <link:loc xlink:type="locator" xlink:href="mara-20220331.xsd#MARA_HardinMTMember" xlink:label="loc_MARAHardinMTMember_90" />
      <link:definitionArc xlink:arcrole="http://xbrl.org/int/dim/arcrole/domain-member" xlink:from="loc_deiEntityDomain" xlink:to="loc_MARAHardinMTMember_90" xlink:type="arc" order="91" />
      <link:loc xlink:type="locator" xlink:href="https://xbrl.fasb.org/us-gaap/2022/elts/us-gaap-2022.xsd#us-gaap_LineOfCreditFacilityMaximumBorrowingCapacity" xlink:label="loc_us-gaapLineOfCreditFacilityMaximumBorrowingCapacity_110" />
      <link:definitionArc xlink:arcrole="http://xbrl.org/int/dim/arcrole/domain-member" xlink:from="loc_us-gaapStatementLineItems" xlink:to="loc_us-gaapLineOfCreditFacilityMaximumBorrowingCapacity_110" xlink:type="arc" order="0" />
      <link:loc xlink:type="locator" xlink:href="https://xbrl.fasb.org/us-gaap/2022/elts/us-gaap-2022.xsd#us-gaap_LineOfCredit" xlink:label="loc_us-gaapLineOfCredit_110" />
      <link:definitionArc xlink:arcrole="http://xbrl.org/int/dim/arcrole/domain-member" xlink:from="loc_us-gaapStatementLineItems" xlink:to="loc_us-gaapLineOfCredit_110" xlink:type="arc" order="1" />
      <link:loc xlink:type="locator" xlink:href="https://xbrl.fasb.org/us-gaap/2022/elts/us-gaap-2022.xsd#us-gaap_DebtInstrumentFaceAmount" xlink:label="loc_us-gaapDebtInstrumentFaceAmount_110" />
      <link:definitionArc xlink:arcrole="http://xbrl.org/int/dim/arcrole/domain-member" xlink:from="loc_us-gaapStatementLineItems" xlink:to="loc_us-gaapDebtInstrumentFaceAmount_110" xlink:type="arc" order="2" />
      <link:loc xlink:type="locator" xlink:href="https://xbrl.fasb.org/us-gaap/2022/elts/us-gaap-2022.xsd#us-gaap_DebtInstrumentInterestRateStatedPercentage" xlink:label="loc_us-gaapDebtInstrumentInterestRateStatedPercentage_110" />
      <link:definitionArc xlink:arcrole="http://xbrl.org/int/dim/arcrole/domain-member" xlink:from="loc_us-gaapStatementLineItems" xlink:to="loc_us-gaapDebtInstrumentInterestRateStatedPercentage_110" xlink:type="arc" order="3" />
      <link:loc xlink:type="locator" xlink:href="https://xbrl.fasb.org/us-gaap/2022/elts/us-gaap-2022.xsd#us-gaap_DebtInstrumentFeeAmount" xlink:label="loc_us-gaapDebtInstrumentFeeAmount_110" />
      <link:definitionArc xlink:arcrole="http://xbrl.org/int/dim/arcrole/domain-member" xlink:from="loc_us-gaapStatementLineItems" xlink:to="loc_us-gaapDebtInstrumentFeeAmount_110" xlink:type="arc" order="4" />
      <link:loc xlink:type="locator" xlink:href="https://xbrl.fasb.org/us-gaap/2022/elts/us-gaap-2022.xsd#us-gaap_NotesPayable" xlink:label="loc_us-gaapNotesPayable_110" />
      <link:definitionArc xlink:arcrole="http://xbrl.org/int/dim/arcrole/domain-member" xlink:from="loc_us-gaapStatementLineItems" xlink:to="loc_us-gaapNotesPayable_110" xlink:type="arc" order="5" />
      <link:loc xlink:type="locator" xlink:href="https://xbrl.fasb.org/us-gaap/2022/elts/us-gaap-2022.xsd#us-gaap_DebtInstrumentUnamortizedDiscount" xlink:label="loc_us-gaapDebtInstrumentUnamortizedDiscount_110" />
      <link:definitionArc xlink:arcrole="http://xbrl.org/int/dim/arcrole/domain-member" xlink:from="loc_us-gaapStatementLineItems" xlink:to="loc_us-gaapDebtInstrumentUnamortizedDiscount_110" xlink:type="arc" order="6" />
      <link:loc xlink:type="locator" xlink:href="https://xbrl.fasb.org/us-gaap/2022/elts/us-gaap-2022.xsd#us-gaap_OperatingLeaseRightOfUseAsset" xlink:label="loc_us-gaapOperatingLeaseRightOfUseAsset_110" />
      <link:definitionArc xlink:arcrole="http://xbrl.org/int/dim/arcrole/domain-member" xlink:from="loc_us-gaapStatementLineItems" xlink:to="loc_us-gaapOperatingLeaseRightOfUseAsset_110" xlink:type="arc" order="7" />
      <link:loc xlink:type="locator" xlink:href="https://xbrl.fasb.org/us-gaap/2022/elts/us-gaap-2022.xsd#us-gaap_OperatingLeaseLiability" xlink:label="loc_us-gaapOperatingLeaseLiability_110" />
      <link:definitionArc xlink:arcrole="http://xbrl.org/int/dim/arcrole/domain-member" xlink:from="loc_us-gaapStatementLineItems" xlink:to="loc_us-gaapOperatingLeaseLiability_110" xlink:type="arc" order="8" />
      <link:loc xlink:type="locator" xlink:href="https://xbrl.fasb.org/us-gaap/2022/elts/us-gaap-2022.xsd#us-gaap_PaymentsForRent" xlink:label="loc_us-gaapPaymentsForRent_110" />
      <link:definitionArc xlink:arcrole="http://xbrl.org/int/dim/arcrole/domain-member" xlink:from="loc_us-gaapStatementLineItems" xlink:to="loc_us-gaapPaymentsForRent_110" xlink:type="arc" order="9" />
      <link:loc xlink:type="locator" xlink:href="https://xbrl.fasb.org/us-gaap/2022/elts/us-gaap-2022.xsd#us-gaap_OperatingLeaseRightOfUseAssetAmortizationExpense" xlink:label="loc_us-gaapOperatingLeaseRightOfUseAssetAmortizationExpense_110" />
      <link:definitionArc xlink:arcrole="http://xbrl.org/int/dim/arcrole/domain-member" xlink:from="loc_us-gaapStatementLineItems" xlink:to="loc_us-gaapOperatingLeaseRightOfUseAssetAmortizationExpense_110" xlink:type="arc" order="10" />
      <link:loc xlink:type="locator" xlink:href="https://xbrl.fasb.org/us-gaap/2022/elts/us-gaap-2022.xsd#us-gaap_LossContingencyDamagesAwardedValue" xlink:label="loc_us-gaapLossContingencyDamagesAwardedValue_110" />
      <link:definitionArc xlink:arcrole="http://xbrl.org/int/dim/arcrole/domain-member" xlink:from="loc_us-gaapStatementLineItems" xlink:to="loc_us-gaapLossContingencyDamagesAwardedValue_110" xlink:type="arc" order="11" />
      <link:loc xlink:type="locator" xlink:href="https://xbrl.fasb.org/us-gaap/2022/elts/us-gaap-2022.xsd#us-gaap_StockIssuedDuringPeriodSharesRestrictedStockAwardGross" xlink:label="loc_us-gaapStockIssuedDuringPeriodSharesRestrictedStockAwardGross_110" />
      <link:definitionArc xlink:arcrole="http://xbrl.org/int/dim/arcrole/domain-member" xlink:from="loc_us-gaapStatementLineItems" xlink:to="loc_us-gaapStockIssuedDuringPeriodSharesRestrictedStockAwardGross_110" xlink:type="arc" order="12" />
    </link:definitionLink>
    <link:definitionLink xlink:type="extended" xlink:role="http://marathondh.com/role/SubsequentEventsDetailsNarrative" xlink:title="00000032 - Disclosure - Subsequent Events (Details Narrative)" />
</link:linkbase>
