<?xml version="1.0" encoding="us-ascii"?>
<!-- Created by Merrill Corporation -->
<!--XBRL document created with Merrill Bridge  6.0.103.0 -->
<!--Based on XBRL 2.1-->
<!--Created on: 11/16/2015 1:17:04 PM-->
<!--Modified on: 11/16/2015 1:17:04 PM-->
<link:linkbase xsi:schemaLocation="http://www.xbrl.org/2003/linkbase http://www.xbrl.org/2003/xbrl-linkbase-2003-12-31.xsd" xmlns:link="http://www.xbrl.org/2003/linkbase" xmlns:xsi="http://www.w3.org/2001/XMLSchema-instance" xmlns:xbrli="http://www.xbrl.org/2003/instance" xmlns:xlink="http://www.w3.org/1999/xlink">
  <roleRef xlink:type="simple" xlink:href="mara-20150930.xsd#StatementConsolidatedBalanceSheets" roleURI="http://marathonpg.com/role/StatementConsolidatedBalanceSheets" xmlns="http://www.xbrl.org/2003/linkbase" />
  <roleRef xlink:type="simple" xlink:href="mara-20150930.xsd#StatementConsolidatedStatementsOfOperationsUnaudited" roleURI="http://marathonpg.com/role/StatementConsolidatedStatementsOfOperationsUnaudited" xmlns="http://www.xbrl.org/2003/linkbase" />
  <roleRef xlink:type="simple" xlink:href="mara-20150930.xsd#StatementConsolidatedStatementsOfCashFlowsUnaudited" roleURI="http://marathonpg.com/role/StatementConsolidatedStatementsOfCashFlowsUnaudited" xmlns="http://www.xbrl.org/2003/linkbase" />
  <roleRef xlink:type="simple" xlink:href="mara-20150930.xsd#DisclosureAcquisitionsDetails4s" roleURI="http://marathonpg.com/role/DisclosureAcquisitionsDetails4s" xmlns="http://www.xbrl.org/2003/linkbase" />
  <calculationLink xlink:role="http://marathonpg.com/role/StatementConsolidatedBalanceSheets" xlink:type="extended" xlink:title="00100 - Statement - CONSOLIDATED BALANCE SHEETS" xmlns="http://www.xbrl.org/2003/linkbase">
    <loc xlink:type="locator" xlink:href="http://xbrl.fasb.org/us-gaap/2015/elts/us-gaap-2015-01-31.xsd#us-gaap_Assets" xlink:label="loc_us-gaapAssets" />
    <loc xlink:type="locator" xlink:href="http://xbrl.fasb.org/us-gaap/2015/elts/us-gaap-2015-01-31.xsd#us-gaap_AssetsCurrent" xlink:label="us-gaap_AssetsCurrent_635832766227848294" />
    <calculationArc xlink:type="arc" xlink:arcrole="http://www.xbrl.org/2003/arcrole/summation-item" xlink:from="loc_us-gaapAssets" xlink:to="us-gaap_AssetsCurrent_635832766227848294" order="1" use="optional" weight="1" />
    <loc xlink:type="locator" xlink:href="http://xbrl.fasb.org/us-gaap/2015/elts/us-gaap-2015-01-31.xsd#us-gaap_Cash" xlink:label="us-gaap_Cash_635832766227848294" />
    <calculationArc xlink:type="arc" xlink:arcrole="http://www.xbrl.org/2003/arcrole/summation-item" xlink:from="us-gaap_AssetsCurrent_635832766227848294" xlink:to="us-gaap_Cash_635832766227848294" order="1" use="optional" weight="1" />
    <loc xlink:type="locator" xlink:href="http://xbrl.fasb.org/us-gaap/2015/elts/us-gaap-2015-01-31.xsd#us-gaap_AccountsReceivableNet" xlink:label="us-gaap_AccountsReceivableNet_635832766227848294" />
    <calculationArc xlink:type="arc" xlink:arcrole="http://www.xbrl.org/2003/arcrole/summation-item" xlink:from="us-gaap_AssetsCurrent_635832766227848294" xlink:to="us-gaap_AccountsReceivableNet_635832766227848294" order="2" use="optional" weight="1" />
    <loc xlink:type="locator" xlink:href="mara-20150930.xsd#mara_BondsPostedWithCourts" xlink:label="mara_BondsPostedWithCourts_635832766227848294" />
    <calculationArc xlink:type="arc" xlink:arcrole="http://www.xbrl.org/2003/arcrole/summation-item" xlink:from="us-gaap_AssetsCurrent_635832766227848294" xlink:to="mara_BondsPostedWithCourts_635832766227848294" order="3" use="optional" weight="1" />
    <loc xlink:type="locator" xlink:href="http://xbrl.fasb.org/us-gaap/2015/elts/us-gaap-2015-01-31.xsd#us-gaap_PrepaidExpenseCurrent" xlink:label="us-gaap_PrepaidExpenseCurrent_635832766227848294" />
    <calculationArc xlink:type="arc" xlink:arcrole="http://www.xbrl.org/2003/arcrole/summation-item" xlink:from="us-gaap_AssetsCurrent_635832766227848294" xlink:to="us-gaap_PrepaidExpenseCurrent_635832766227848294" order="4" use="optional" weight="1" />
    <loc xlink:type="locator" xlink:href="http://xbrl.fasb.org/us-gaap/2015/elts/us-gaap-2015-01-31.xsd#us-gaap_OtherAssets" xlink:label="us-gaap_OtherAssets_635832766227848294" />
    <calculationArc xlink:type="arc" xlink:arcrole="http://www.xbrl.org/2003/arcrole/summation-item" xlink:from="loc_us-gaapAssets" xlink:to="us-gaap_OtherAssets_635832766227848294" order="2" use="optional" weight="1" />
    <loc xlink:type="locator" xlink:href="http://xbrl.fasb.org/us-gaap/2015/elts/us-gaap-2015-01-31.xsd#us-gaap_Goodwill" xlink:label="us-gaap_Goodwill_635832766227848294" />
    <calculationArc xlink:type="arc" xlink:arcrole="http://www.xbrl.org/2003/arcrole/summation-item" xlink:from="us-gaap_OtherAssets_635832766227848294" xlink:to="us-gaap_Goodwill_635832766227848294" order="1" use="optional" weight="1" />
    <loc xlink:type="locator" xlink:href="http://xbrl.fasb.org/us-gaap/2015/elts/us-gaap-2015-01-31.xsd#us-gaap_DeferredTaxAssetsGrossCurrent" xlink:label="us-gaap_DeferredTaxAssetsGrossCurrent_635832766227848294" />
    <calculationArc xlink:type="arc" xlink:arcrole="http://www.xbrl.org/2003/arcrole/summation-item" xlink:from="us-gaap_OtherAssets_635832766227848294" xlink:to="us-gaap_DeferredTaxAssetsGrossCurrent_635832766227848294" order="2" use="optional" weight="1" />
    <loc xlink:type="locator" xlink:href="http://xbrl.fasb.org/us-gaap/2015/elts/us-gaap-2015-01-31.xsd#us-gaap_OtherAssetsNoncurrent" xlink:label="us-gaap_OtherAssetsNoncurrent_635832766227848294" />
    <calculationArc xlink:type="arc" xlink:arcrole="http://www.xbrl.org/2003/arcrole/summation-item" xlink:from="us-gaap_OtherAssets_635832766227848294" xlink:to="us-gaap_OtherAssetsNoncurrent_635832766227848294" order="3" use="optional" weight="1" priority="2" />
    <loc xlink:type="locator" xlink:href="http://xbrl.fasb.org/us-gaap/2015/elts/us-gaap-2015-01-31.xsd#us-gaap_FiniteLivedIntangibleAssetsNet" xlink:label="us-gaap_FiniteLivedIntangibleAssetsNet_635832766227848294" />
    <calculationArc xlink:type="arc" xlink:arcrole="http://www.xbrl.org/2003/arcrole/summation-item" xlink:from="us-gaap_OtherAssets_635832766227848294" xlink:to="us-gaap_FiniteLivedIntangibleAssetsNet_635832766227848294" order="4" use="optional" weight="1" />
    <loc xlink:type="locator" xlink:href="http://xbrl.fasb.org/us-gaap/2015/elts/us-gaap-2015-01-31.xsd#us-gaap_PropertyPlantAndEquipmentNet" xlink:label="us-gaap_PropertyPlantAndEquipmentNet_635832766227848294" />
    <calculationArc xlink:type="arc" xlink:arcrole="http://www.xbrl.org/2003/arcrole/summation-item" xlink:from="us-gaap_OtherAssets_635832766227848294" xlink:to="us-gaap_PropertyPlantAndEquipmentNet_635832766227848294" order="5" use="optional" weight="1" />
    <loc xlink:type="locator" xlink:href="http://xbrl.fasb.org/us-gaap/2015/elts/us-gaap-2015-01-31.xsd#us-gaap_LiabilitiesAndStockholdersEquity" xlink:label="loc_us-gaapLiabilitiesAndStockholdersEquity" />
    <loc xlink:type="locator" xlink:href="http://xbrl.fasb.org/us-gaap/2015/elts/us-gaap-2015-01-31.xsd#us-gaap_StockholdersEquity" xlink:label="us-gaap_StockholdersEquity_635832766227848294" />
    <calculationArc xlink:type="arc" xlink:arcrole="http://www.xbrl.org/2003/arcrole/summation-item" xlink:from="loc_us-gaapLiabilitiesAndStockholdersEquity" xlink:to="us-gaap_StockholdersEquity_635832766227848294" order="1" use="optional" weight="1" />
    <loc xlink:type="locator" xlink:href="http://xbrl.fasb.org/us-gaap/2015/elts/us-gaap-2015-01-31.xsd#us-gaap_RetainedEarningsAccumulatedDeficit" xlink:label="us-gaap_RetainedEarningsAccumulatedDeficit_635832766227848294" />
    <calculationArc xlink:type="arc" xlink:arcrole="http://www.xbrl.org/2003/arcrole/summation-item" xlink:from="us-gaap_StockholdersEquity_635832766227848294" xlink:to="us-gaap_RetainedEarningsAccumulatedDeficit_635832766227848294" order="1" use="optional" weight="1" />
    <loc xlink:type="locator" xlink:href="http://xbrl.fasb.org/us-gaap/2015/elts/us-gaap-2015-01-31.xsd#us-gaap_AccumulatedOtherComprehensiveIncomeLossAvailableForSaleSecuritiesAdjustmentNetOfTax" xlink:label="us-gaap_AccumulatedOtherComprehensiveIncomeLossAvailableForSaleSecuritiesAdjustmentNetOfTax_635832766227848294" />
    <calculationArc xlink:type="arc" xlink:arcrole="http://www.xbrl.org/2003/arcrole/summation-item" xlink:from="us-gaap_StockholdersEquity_635832766227848294" xlink:to="us-gaap_AccumulatedOtherComprehensiveIncomeLossAvailableForSaleSecuritiesAdjustmentNetOfTax_635832766227848294" order="2" use="optional" weight="1" />
    <loc xlink:type="locator" xlink:href="http://xbrl.fasb.org/us-gaap/2015/elts/us-gaap-2015-01-31.xsd#us-gaap_AdditionalPaidInCapital" xlink:label="us-gaap_AdditionalPaidInCapital_635832766227848294" />
    <calculationArc xlink:type="arc" xlink:arcrole="http://www.xbrl.org/2003/arcrole/summation-item" xlink:from="us-gaap_StockholdersEquity_635832766227848294" xlink:to="us-gaap_AdditionalPaidInCapital_635832766227848294" order="3" use="optional" weight="1" />
    <loc xlink:type="locator" xlink:href="http://xbrl.fasb.org/us-gaap/2015/elts/us-gaap-2015-01-31.xsd#us-gaap_CommonStockValue" xlink:label="us-gaap_CommonStockValue_635832766227848294" />
    <calculationArc xlink:type="arc" xlink:arcrole="http://www.xbrl.org/2003/arcrole/summation-item" xlink:from="us-gaap_StockholdersEquity_635832766227848294" xlink:to="us-gaap_CommonStockValue_635832766227848294" order="4" use="optional" weight="1" />
    <loc xlink:type="locator" xlink:href="http://xbrl.fasb.org/us-gaap/2015/elts/us-gaap-2015-01-31.xsd#us-gaap_PreferredStockValue" xlink:label="us-gaap_PreferredStockValue_635832766227848294" />
    <calculationArc xlink:type="arc" xlink:arcrole="http://www.xbrl.org/2003/arcrole/summation-item" xlink:from="us-gaap_StockholdersEquity_635832766227848294" xlink:to="us-gaap_PreferredStockValue_635832766227848294" order="5" use="optional" weight="1" />
    <loc xlink:type="locator" xlink:href="http://xbrl.fasb.org/us-gaap/2015/elts/us-gaap-2015-01-31.xsd#us-gaap_Liabilities" xlink:label="us-gaap_Liabilities_635832766227848294" />
    <calculationArc xlink:type="arc" xlink:arcrole="http://www.xbrl.org/2003/arcrole/summation-item" xlink:from="loc_us-gaapLiabilitiesAndStockholdersEquity" xlink:to="us-gaap_Liabilities_635832766227848294" order="2" use="optional" weight="1" />
    <loc xlink:type="locator" xlink:href="http://xbrl.fasb.org/us-gaap/2015/elts/us-gaap-2015-01-31.xsd#us-gaap_LiabilitiesCurrent" xlink:label="us-gaap_LiabilitiesCurrent_635832766227848294" />
    <calculationArc xlink:type="arc" xlink:arcrole="http://www.xbrl.org/2003/arcrole/summation-item" xlink:from="us-gaap_Liabilities_635832766227848294" xlink:to="us-gaap_LiabilitiesCurrent_635832766227848294" order="1" use="optional" weight="1" />
    <loc xlink:type="locator" xlink:href="http://xbrl.fasb.org/us-gaap/2015/elts/us-gaap-2015-01-31.xsd#us-gaap_AccountsPayableAndAccruedLiabilitiesCurrent" xlink:label="us-gaap_AccountsPayableAndAccruedLiabilitiesCurrent_635832766227848294" />
    <calculationArc xlink:type="arc" xlink:arcrole="http://www.xbrl.org/2003/arcrole/summation-item" xlink:from="us-gaap_LiabilitiesCurrent_635832766227848294" xlink:to="us-gaap_AccountsPayableAndAccruedLiabilitiesCurrent_635832766227848294" order="1" use="optional" weight="1" />
    <loc xlink:type="locator" xlink:href="http://xbrl.fasb.org/us-gaap/2015/elts/us-gaap-2015-01-31.xsd#us-gaap_BusinessCombinationRecognizedIdentifiableAssetsAcquiredAndLiabilitiesAssumedContingentLiability" xlink:label="us-gaap_BusinessCombinationRecognizedIdentifiableAssetsAcquiredAndLiabilitiesAssumedContingentLiability_635832766227848294" />
    <calculationArc xlink:type="arc" xlink:arcrole="http://www.xbrl.org/2003/arcrole/summation-item" xlink:from="us-gaap_LiabilitiesCurrent_635832766227848294" xlink:to="us-gaap_BusinessCombinationRecognizedIdentifiableAssetsAcquiredAndLiabilitiesAssumedContingentLiability_635832766227848294" order="2" use="optional" weight="1" />
    <loc xlink:type="locator" xlink:href="http://xbrl.fasb.org/us-gaap/2015/elts/us-gaap-2015-01-31.xsd#us-gaap_NotesPayable" xlink:label="us-gaap_NotesPayable_635832766227848294" />
    <calculationArc xlink:type="arc" xlink:arcrole="http://www.xbrl.org/2003/arcrole/summation-item" xlink:from="us-gaap_LiabilitiesCurrent_635832766227848294" xlink:to="us-gaap_NotesPayable_635832766227848294" order="3" use="optional" weight="1" />
    <loc xlink:type="locator" xlink:href="http://xbrl.fasb.org/us-gaap/2015/elts/us-gaap-2015-01-31.xsd#us-gaap_LiabilitiesNoncurrent" xlink:label="us-gaap_LiabilitiesNoncurrent_635832766227848294" />
    <calculationArc xlink:type="arc" xlink:arcrole="http://www.xbrl.org/2003/arcrole/summation-item" xlink:from="us-gaap_Liabilities_635832766227848294" xlink:to="us-gaap_LiabilitiesNoncurrent_635832766227848294" order="2" use="optional" weight="1" />
    <loc xlink:type="locator" xlink:href="http://xbrl.fasb.org/us-gaap/2015/elts/us-gaap-2015-01-31.xsd#us-gaap_LiabilitiesOfBusinessTransferredUnderContractualArrangementNoncurrent" xlink:label="us-gaap_LiabilitiesOfBusinessTransferredUnderContractualArrangementNoncurrent_635832766227848294" />
    <calculationArc xlink:type="arc" xlink:arcrole="http://www.xbrl.org/2003/arcrole/summation-item" xlink:from="us-gaap_LiabilitiesNoncurrent_635832766227848294" xlink:to="us-gaap_LiabilitiesOfBusinessTransferredUnderContractualArrangementNoncurrent_635832766227848294" order="1" use="optional" weight="1" />
    <loc xlink:type="locator" xlink:href="http://xbrl.fasb.org/us-gaap/2015/elts/us-gaap-2015-01-31.xsd#us-gaap_DeferredRevenue" xlink:label="us-gaap_DeferredRevenue_635832766227848294" />
    <calculationArc xlink:type="arc" xlink:arcrole="http://www.xbrl.org/2003/arcrole/summation-item" xlink:from="us-gaap_LiabilitiesNoncurrent_635832766227848294" xlink:to="us-gaap_DeferredRevenue_635832766227848294" order="2" use="optional" weight="1" />
    <loc xlink:type="locator" xlink:href="http://xbrl.fasb.org/us-gaap/2015/elts/us-gaap-2015-01-31.xsd#us-gaap_DeferredIncomeTaxLiabilities" xlink:label="us-gaap_DeferredIncomeTaxLiabilities_635832766227848294" />
    <calculationArc xlink:type="arc" xlink:arcrole="http://www.xbrl.org/2003/arcrole/summation-item" xlink:from="us-gaap_LiabilitiesNoncurrent_635832766227848294" xlink:to="us-gaap_DeferredIncomeTaxLiabilities_635832766227848294" order="3" use="optional" weight="1" />
    <loc xlink:type="locator" xlink:href="http://xbrl.fasb.org/us-gaap/2015/elts/us-gaap-2015-01-31.xsd#us-gaap_OtherLiabilitiesNoncurrent" xlink:label="us-gaap_OtherLiabilitiesNoncurrent_635832766227848294" />
    <calculationArc xlink:type="arc" xlink:arcrole="http://www.xbrl.org/2003/arcrole/summation-item" xlink:from="us-gaap_LiabilitiesNoncurrent_635832766227848294" xlink:to="us-gaap_OtherLiabilitiesNoncurrent_635832766227848294" order="4" use="optional" weight="1" />
    <loc xlink:type="locator" xlink:href="mara-20150930.xsd#mara_NotesPayableNoncurrent" xlink:label="mara_NotesPayableNoncurrent_635832766227848294" />
    <calculationArc xlink:type="arc" xlink:arcrole="http://www.xbrl.org/2003/arcrole/summation-item" xlink:from="us-gaap_LiabilitiesNoncurrent_635832766227848294" xlink:to="mara_NotesPayableNoncurrent_635832766227848294" order="5" use="optional" weight="1" priority="1" />
  </calculationLink>
  <calculationLink xlink:role="http://marathonpg.com/role/StatementConsolidatedStatementsOfOperationsUnaudited" xlink:type="extended" xlink:title="00200 - Statement - CONSOLIDATED STATEMENTS OF OPERATIONS (Unaudited)" xmlns="http://www.xbrl.org/2003/linkbase">
    <loc xlink:type="locator" xlink:href="http://xbrl.fasb.org/us-gaap/2015/elts/us-gaap-2015-01-31.xsd#us-gaap_NetIncomeLoss" xlink:label="us-gaap_NetIncomeLoss" />
    <loc xlink:type="locator" xlink:href="http://xbrl.fasb.org/us-gaap/2015/elts/us-gaap-2015-01-31.xsd#us-gaap_IncomeTaxExpenseBenefit" xlink:label="us-gaap_IncomeTaxExpenseBenefit_635832766227848294" />
    <calculationArc xlink:type="arc" xlink:arcrole="http://www.xbrl.org/2003/arcrole/summation-item" xlink:from="us-gaap_NetIncomeLoss" xlink:to="us-gaap_IncomeTaxExpenseBenefit_635832766227848294" order="1" use="optional" weight="-1" priority="2" />
    <loc xlink:type="locator" xlink:href="http://xbrl.fasb.org/us-gaap/2015/elts/us-gaap-2015-01-31.xsd#us-gaap_IncomeLossFromContinuingOperationsBeforeIncomeTaxesMinorityInterestAndIncomeLossFromEquityMethodInvestments" xlink:label="us-gaap_IncomeLossFromContinuingOperationsBeforeIncomeTaxesMinorityInterestAndIncomeLossFromEquityMethodInvestments_635832766227848294" />
    <calculationArc xlink:type="arc" xlink:arcrole="http://www.xbrl.org/2003/arcrole/summation-item" xlink:from="us-gaap_NetIncomeLoss" xlink:to="us-gaap_IncomeLossFromContinuingOperationsBeforeIncomeTaxesMinorityInterestAndIncomeLossFromEquityMethodInvestments_635832766227848294" order="2" use="optional" weight="1" priority="2" />
    <loc xlink:type="locator" xlink:href="http://xbrl.fasb.org/us-gaap/2015/elts/us-gaap-2015-01-31.xsd#us-gaap_NonoperatingIncomeExpense" xlink:label="us-gaap_NonoperatingIncomeExpense_635832766227848294" />
    <calculationArc xlink:type="arc" xlink:arcrole="http://www.xbrl.org/2003/arcrole/summation-item" xlink:from="us-gaap_IncomeLossFromContinuingOperationsBeforeIncomeTaxesMinorityInterestAndIncomeLossFromEquityMethodInvestments_635832766227848294" xlink:to="us-gaap_NonoperatingIncomeExpense_635832766227848294" order="1" use="optional" weight="1" priority="3" />
    <loc xlink:type="locator" xlink:href="http://xbrl.fasb.org/us-gaap/2015/elts/us-gaap-2015-01-31.xsd#us-gaap_EffectOfExchangeRateOnCash" xlink:label="us-gaap_EffectOfExchangeRateOnCash_635832766227848294" />
    <calculationArc xlink:type="arc" xlink:arcrole="http://www.xbrl.org/2003/arcrole/summation-item" xlink:from="us-gaap_NonoperatingIncomeExpense_635832766227848294" xlink:to="us-gaap_EffectOfExchangeRateOnCash_635832766227848294" order="1" use="optional" weight="-1" />
    <loc xlink:type="locator" xlink:href="mara-20150930.xsd#mara_GainOnFairValueAdjustmentOfCloudingEarnout" xlink:label="mara_GainOnFairValueAdjustmentOfCloudingEarnout_635832766227848294" />
    <calculationArc xlink:type="arc" xlink:arcrole="http://www.xbrl.org/2003/arcrole/summation-item" xlink:from="us-gaap_NonoperatingIncomeExpense_635832766227848294" xlink:to="mara_GainOnFairValueAdjustmentOfCloudingEarnout_635832766227848294" order="2" use="optional" weight="1" />
    <loc xlink:type="locator" xlink:href="http://xbrl.fasb.org/us-gaap/2015/elts/us-gaap-2015-01-31.xsd#us-gaap_OtherNonoperatingIncomeExpense" xlink:label="us-gaap_OtherNonoperatingIncomeExpense_635832766227848294" />
    <calculationArc xlink:type="arc" xlink:arcrole="http://www.xbrl.org/2003/arcrole/summation-item" xlink:from="us-gaap_NonoperatingIncomeExpense_635832766227848294" xlink:to="us-gaap_OtherNonoperatingIncomeExpense_635832766227848294" order="3" use="optional" weight="1" priority="2" />
    <loc xlink:type="locator" xlink:href="http://xbrl.fasb.org/us-gaap/2015/elts/us-gaap-2015-01-31.xsd#us-gaap_InvestmentIncomeInterest" xlink:label="us-gaap_InvestmentIncomeInterest_635832766227848294" />
    <calculationArc xlink:type="arc" xlink:arcrole="http://www.xbrl.org/2003/arcrole/summation-item" xlink:from="us-gaap_NonoperatingIncomeExpense_635832766227848294" xlink:to="us-gaap_InvestmentIncomeInterest_635832766227848294" order="4" use="optional" weight="1" />
    <loc xlink:type="locator" xlink:href="http://xbrl.fasb.org/us-gaap/2015/elts/us-gaap-2015-01-31.xsd#us-gaap_InterestExpense" xlink:label="us-gaap_InterestExpense_635832766227848294" />
    <calculationArc xlink:type="arc" xlink:arcrole="http://www.xbrl.org/2003/arcrole/summation-item" xlink:from="us-gaap_NonoperatingIncomeExpense_635832766227848294" xlink:to="us-gaap_InterestExpense_635832766227848294" order="5" use="optional" weight="-1" />
    <loc xlink:type="locator" xlink:href="http://xbrl.fasb.org/us-gaap/2015/elts/us-gaap-2015-01-31.xsd#us-gaap_ExtinguishmentOfDebtGainLossIncomeTax" xlink:label="us-gaap_ExtinguishmentOfDebtGainLossIncomeTax_635832766227848294" />
    <calculationArc xlink:type="arc" xlink:arcrole="http://www.xbrl.org/2003/arcrole/summation-item" xlink:from="us-gaap_NonoperatingIncomeExpense_635832766227848294" xlink:to="us-gaap_ExtinguishmentOfDebtGainLossIncomeTax_635832766227848294" order="6" use="optional" weight="-1" priority="3" />
    <loc xlink:type="locator" xlink:href="http://xbrl.fasb.org/us-gaap/2015/elts/us-gaap-2015-01-31.xsd#us-gaap_OperatingIncomeLoss" xlink:label="us-gaap_OperatingIncomeLoss_635832766227848294" />
    <calculationArc xlink:type="arc" xlink:arcrole="http://www.xbrl.org/2003/arcrole/summation-item" xlink:from="us-gaap_IncomeLossFromContinuingOperationsBeforeIncomeTaxesMinorityInterestAndIncomeLossFromEquityMethodInvestments_635832766227848294" xlink:to="us-gaap_OperatingIncomeLoss_635832766227848294" order="2" use="optional" weight="1" priority="3" />
    <loc xlink:type="locator" xlink:href="http://xbrl.fasb.org/us-gaap/2015/elts/us-gaap-2015-01-31.xsd#us-gaap_OperatingExpenses" xlink:label="us-gaap_OperatingExpenses_635832766227848294" />
    <calculationArc xlink:type="arc" xlink:arcrole="http://www.xbrl.org/2003/arcrole/summation-item" xlink:from="us-gaap_OperatingIncomeLoss_635832766227848294" xlink:to="us-gaap_OperatingExpenses_635832766227848294" order="1" use="optional" weight="-1" />
    <loc xlink:type="locator" xlink:href="http://xbrl.fasb.org/us-gaap/2015/elts/us-gaap-2015-01-31.xsd#us-gaap_CostOfRevenue" xlink:label="us-gaap_CostOfRevenue_635832766227848294" />
    <calculationArc xlink:type="arc" xlink:arcrole="http://www.xbrl.org/2003/arcrole/summation-item" xlink:from="us-gaap_OperatingExpenses_635832766227848294" xlink:to="us-gaap_CostOfRevenue_635832766227848294" order="1" use="optional" weight="1" />
    <loc xlink:type="locator" xlink:href="http://xbrl.fasb.org/us-gaap/2015/elts/us-gaap-2015-01-31.xsd#us-gaap_DepreciationAndAmortization" xlink:label="us-gaap_DepreciationAndAmortization_635832766227848294" />
    <calculationArc xlink:type="arc" xlink:arcrole="http://www.xbrl.org/2003/arcrole/summation-item" xlink:from="us-gaap_OperatingExpenses_635832766227848294" xlink:to="us-gaap_DepreciationAndAmortization_635832766227848294" order="2" use="optional" weight="1" />
    <loc xlink:type="locator" xlink:href="http://xbrl.fasb.org/us-gaap/2015/elts/us-gaap-2015-01-31.xsd#us-gaap_OtherLaborRelatedExpenses" xlink:label="us-gaap_OtherLaborRelatedExpenses_635832766227848294" />
    <calculationArc xlink:type="arc" xlink:arcrole="http://www.xbrl.org/2003/arcrole/summation-item" xlink:from="us-gaap_OperatingExpenses_635832766227848294" xlink:to="us-gaap_OtherLaborRelatedExpenses_635832766227848294" order="3" use="optional" weight="1" />
    <loc xlink:type="locator" xlink:href="http://xbrl.fasb.org/us-gaap/2015/elts/us-gaap-2015-01-31.xsd#us-gaap_ProfessionalAndContractServicesExpense" xlink:label="us-gaap_ProfessionalAndContractServicesExpense_635832766227848294" />
    <calculationArc xlink:type="arc" xlink:arcrole="http://www.xbrl.org/2003/arcrole/summation-item" xlink:from="us-gaap_OperatingExpenses_635832766227848294" xlink:to="us-gaap_ProfessionalAndContractServicesExpense_635832766227848294" order="4" use="optional" weight="1" />
    <loc xlink:type="locator" xlink:href="http://xbrl.fasb.org/us-gaap/2015/elts/us-gaap-2015-01-31.xsd#us-gaap_ProfessionalFees" xlink:label="us-gaap_ProfessionalFees_635832766227848294" />
    <calculationArc xlink:type="arc" xlink:arcrole="http://www.xbrl.org/2003/arcrole/summation-item" xlink:from="us-gaap_OperatingExpenses_635832766227848294" xlink:to="us-gaap_ProfessionalFees_635832766227848294" order="5" use="optional" weight="1" />
    <loc xlink:type="locator" xlink:href="http://xbrl.fasb.org/us-gaap/2015/elts/us-gaap-2015-01-31.xsd#us-gaap_GeneralAndAdministrativeExpense" xlink:label="us-gaap_GeneralAndAdministrativeExpense_635832766227848294" />
    <calculationArc xlink:type="arc" xlink:arcrole="http://www.xbrl.org/2003/arcrole/summation-item" xlink:from="us-gaap_OperatingExpenses_635832766227848294" xlink:to="us-gaap_GeneralAndAdministrativeExpense_635832766227848294" order="6" use="optional" weight="1" />
    <loc xlink:type="locator" xlink:href="http://xbrl.fasb.org/us-gaap/2015/elts/us-gaap-2015-01-31.xsd#us-gaap_AssetImpairmentCharges" xlink:label="us-gaap_AssetImpairmentCharges_635832766227848294" />
    <calculationArc xlink:type="arc" xlink:arcrole="http://www.xbrl.org/2003/arcrole/summation-item" xlink:from="us-gaap_OperatingExpenses_635832766227848294" xlink:to="us-gaap_AssetImpairmentCharges_635832766227848294" order="7" use="optional" weight="1" />
    <loc xlink:type="locator" xlink:href="http://xbrl.fasb.org/us-gaap/2015/elts/us-gaap-2015-01-31.xsd#us-gaap_GoodwillAndIntangibleAssetImpairment" xlink:label="us-gaap_GoodwillAndIntangibleAssetImpairment_635832766227848294" />
    <calculationArc xlink:type="arc" xlink:arcrole="http://www.xbrl.org/2003/arcrole/summation-item" xlink:from="us-gaap_OperatingExpenses_635832766227848294" xlink:to="us-gaap_GoodwillAndIntangibleAssetImpairment_635832766227848294" order="8" use="optional" weight="1" priority="2" />
    <loc xlink:type="locator" xlink:href="http://xbrl.fasb.org/us-gaap/2015/elts/us-gaap-2015-01-31.xsd#us-gaap_Revenues" xlink:label="us-gaap_Revenues_635832766227848294" />
    <calculationArc xlink:type="arc" xlink:arcrole="http://www.xbrl.org/2003/arcrole/summation-item" xlink:from="us-gaap_OperatingIncomeLoss_635832766227848294" xlink:to="us-gaap_Revenues_635832766227848294" order="2" use="optional" weight="1" priority="2" />
  </calculationLink>
  <calculationLink xlink:role="http://marathonpg.com/role/StatementConsolidatedStatementsOfCashFlowsUnaudited" xlink:type="extended" xlink:title="00300 - Statement - CONSOLIDATED STATEMENTS OF CASH FLOWS (Unaudited)" xmlns="http://www.xbrl.org/2003/linkbase">
    <loc xlink:type="locator" xlink:href="http://xbrl.fasb.org/us-gaap/2015/elts/us-gaap-2015-01-31.xsd#us-gaap_NetCashProvidedByUsedInFinancingActivities" xlink:label="loc_us-gaapNetCashProvidedByUsedInFinancingActivities" />
    <loc xlink:type="locator" xlink:href="http://xbrl.fasb.org/us-gaap/2015/elts/us-gaap-2015-01-31.xsd#us-gaap_RepaymentsOfNotesPayable" xlink:label="us-gaap_RepaymentsOfNotesPayable_635832766227848294" />
    <calculationArc xlink:type="arc" xlink:arcrole="http://www.xbrl.org/2003/arcrole/summation-item" xlink:from="loc_us-gaapNetCashProvidedByUsedInFinancingActivities" xlink:to="us-gaap_RepaymentsOfNotesPayable_635832766227848294" order="1" use="optional" weight="-1" />
    <loc xlink:type="locator" xlink:href="http://xbrl.fasb.org/us-gaap/2015/elts/us-gaap-2015-01-31.xsd#us-gaap_ProceedsFromWarrantExercises" xlink:label="us-gaap_ProceedsFromWarrantExercises_635832766227848294" />
    <calculationArc xlink:type="arc" xlink:arcrole="http://www.xbrl.org/2003/arcrole/summation-item" xlink:from="loc_us-gaapNetCashProvidedByUsedInFinancingActivities" xlink:to="us-gaap_ProceedsFromWarrantExercises_635832766227848294" order="2" use="optional" weight="1" />
    <loc xlink:type="locator" xlink:href="mara-20150930.xsd#mara_ProceedsReceivedFromSaleOfPreferredStockCommonStockNetOfIssuanceCosts" xlink:label="mara_ProceedsReceivedFromSaleOfPreferredStockCommonStockNetOfIssuanceCosts_635832766227848294" />
    <calculationArc xlink:type="arc" xlink:arcrole="http://www.xbrl.org/2003/arcrole/summation-item" xlink:from="loc_us-gaapNetCashProvidedByUsedInFinancingActivities" xlink:to="mara_ProceedsReceivedFromSaleOfPreferredStockCommonStockNetOfIssuanceCosts_635832766227848294" order="3" use="optional" weight="1" />
    <loc xlink:type="locator" xlink:href="http://xbrl.fasb.org/us-gaap/2015/elts/us-gaap-2015-01-31.xsd#us-gaap_RepaymentsOfRelatedPartyDebt" xlink:label="us-gaap_RepaymentsOfRelatedPartyDebt_635832766227848294" />
    <calculationArc xlink:type="arc" xlink:arcrole="http://www.xbrl.org/2003/arcrole/summation-item" xlink:from="loc_us-gaapNetCashProvidedByUsedInFinancingActivities" xlink:to="us-gaap_RepaymentsOfRelatedPartyDebt_635832766227848294" order="4" use="optional" weight="-1" />
    <loc xlink:type="locator" xlink:href="mara-20150930.xsd#mara_PaymentOnNotePayableInConnectionWithAcquisitionOfDynamicAdvances" xlink:label="mara_PaymentOnNotePayableInConnectionWithAcquisitionOfDynamicAdvances_635832766227848294" />
    <calculationArc xlink:type="arc" xlink:arcrole="http://www.xbrl.org/2003/arcrole/summation-item" xlink:from="loc_us-gaapNetCashProvidedByUsedInFinancingActivities" xlink:to="mara_PaymentOnNotePayableInConnectionWithAcquisitionOfDynamicAdvances_635832766227848294" order="5" use="optional" weight="-1" />
    <loc xlink:type="locator" xlink:href="mara-20150930.xsd#mara_PaymentOnNotePayableInConnectionWithAcquisitionOfMedtechAndOrthophoenix" xlink:label="mara_PaymentOnNotePayableInConnectionWithAcquisitionOfMedtechAndOrthophoenix_635832766227848294" />
    <calculationArc xlink:type="arc" xlink:arcrole="http://www.xbrl.org/2003/arcrole/summation-item" xlink:from="loc_us-gaapNetCashProvidedByUsedInFinancingActivities" xlink:to="mara_PaymentOnNotePayableInConnectionWithAcquisitionOfMedtechAndOrthophoenix_635832766227848294" order="6" use="optional" weight="-1" />
    <loc xlink:type="locator" xlink:href="mara-20150930.xsd#mara_PaymentOnDueToMdrEscrowTli" xlink:label="mara_PaymentOnDueToMdrEscrowTli_635832766227848294" />
    <calculationArc xlink:type="arc" xlink:arcrole="http://www.xbrl.org/2003/arcrole/summation-item" xlink:from="loc_us-gaapNetCashProvidedByUsedInFinancingActivities" xlink:to="mara_PaymentOnDueToMdrEscrowTli_635832766227848294" order="7" use="optional" weight="-1" />
    <loc xlink:type="locator" xlink:href="mara-20150930.xsd#mara_PaymentOnNotePayableInConnectionWithAcquisitionOfSarif" xlink:label="mara_PaymentOnNotePayableInConnectionWithAcquisitionOfSarif_635832766227848294" />
    <calculationArc xlink:type="arc" xlink:arcrole="http://www.xbrl.org/2003/arcrole/summation-item" xlink:from="loc_us-gaapNetCashProvidedByUsedInFinancingActivities" xlink:to="mara_PaymentOnNotePayableInConnectionWithAcquisitionOfSarif_635832766227848294" order="8" use="optional" weight="-1" />
    <loc xlink:type="locator" xlink:href="http://xbrl.fasb.org/us-gaap/2015/elts/us-gaap-2015-01-31.xsd#us-gaap_RepaymentsOfConvertibleDebt" xlink:label="us-gaap_RepaymentsOfConvertibleDebt_635832766227848294" />
    <calculationArc xlink:type="arc" xlink:arcrole="http://www.xbrl.org/2003/arcrole/summation-item" xlink:from="loc_us-gaapNetCashProvidedByUsedInFinancingActivities" xlink:to="us-gaap_RepaymentsOfConvertibleDebt_635832766227848294" order="9" use="optional" weight="-1" />
    <loc xlink:type="locator" xlink:href="http://xbrl.fasb.org/us-gaap/2015/elts/us-gaap-2015-01-31.xsd#us-gaap_ProceedsFromRepaymentsOfNotesPayable" xlink:label="us-gaap_ProceedsFromRepaymentsOfNotesPayable_635832766227848294" />
    <calculationArc xlink:type="arc" xlink:arcrole="http://www.xbrl.org/2003/arcrole/summation-item" xlink:from="loc_us-gaapNetCashProvidedByUsedInFinancingActivities" xlink:to="us-gaap_ProceedsFromRepaymentsOfNotesPayable_635832766227848294" order="10" use="optional" weight="1" priority="2" />
    <loc xlink:type="locator" xlink:href="http://xbrl.fasb.org/us-gaap/2015/elts/us-gaap-2015-01-31.xsd#us-gaap_ProceedsFromConvertibleDebt" xlink:label="us-gaap_ProceedsFromConvertibleDebt_635832766227848294" />
    <calculationArc xlink:type="arc" xlink:arcrole="http://www.xbrl.org/2003/arcrole/summation-item" xlink:from="loc_us-gaapNetCashProvidedByUsedInFinancingActivities" xlink:to="us-gaap_ProceedsFromConvertibleDebt_635832766227848294" order="11" use="optional" weight="1" />
    <loc xlink:type="locator" xlink:href="http://xbrl.fasb.org/us-gaap/2015/elts/us-gaap-2015-01-31.xsd#us-gaap_ProceedsFromStockOptionsExercised" xlink:label="us-gaap_ProceedsFromStockOptionsExercised_635832766227848294" />
    <calculationArc xlink:type="arc" xlink:arcrole="http://www.xbrl.org/2003/arcrole/summation-item" xlink:from="loc_us-gaapNetCashProvidedByUsedInFinancingActivities" xlink:to="us-gaap_ProceedsFromStockOptionsExercised_635832766227848294" order="12" use="optional" weight="1" />
    <loc xlink:type="locator" xlink:href="http://xbrl.fasb.org/us-gaap/2015/elts/us-gaap-2015-01-31.xsd#us-gaap_NetCashProvidedByUsedInInvestingActivities" xlink:label="loc_us-gaapNetCashProvidedByUsedInInvestingActivities" />
    <loc xlink:type="locator" xlink:href="http://xbrl.fasb.org/us-gaap/2015/elts/us-gaap-2015-01-31.xsd#us-gaap_PaymentsToAcquirePropertyPlantAndEquipment" xlink:label="us-gaap_PaymentsToAcquirePropertyPlantAndEquipment_635832766227848294" />
    <calculationArc xlink:type="arc" xlink:arcrole="http://www.xbrl.org/2003/arcrole/summation-item" xlink:from="loc_us-gaapNetCashProvidedByUsedInInvestingActivities" xlink:to="us-gaap_PaymentsToAcquirePropertyPlantAndEquipment_635832766227848294" order="1" use="optional" weight="-1" />
    <loc xlink:type="locator" xlink:href="http://xbrl.fasb.org/us-gaap/2015/elts/us-gaap-2015-01-31.xsd#us-gaap_PaymentsToAcquireIntangibleAssets" xlink:label="us-gaap_PaymentsToAcquireIntangibleAssets_635832766227848294" />
    <calculationArc xlink:type="arc" xlink:arcrole="http://www.xbrl.org/2003/arcrole/summation-item" xlink:from="loc_us-gaapNetCashProvidedByUsedInInvestingActivities" xlink:to="us-gaap_PaymentsToAcquireIntangibleAssets_635832766227848294" order="2" use="optional" weight="-1" />
    <loc xlink:type="locator" xlink:href="http://xbrl.fasb.org/us-gaap/2015/elts/us-gaap-2015-01-31.xsd#us-gaap_NetCashProvidedByUsedInOperatingActivities" xlink:label="loc_us-gaapNetCashProvidedByUsedInOperatingActivities" />
    <loc xlink:type="locator" xlink:href="http://xbrl.fasb.org/us-gaap/2015/elts/us-gaap-2015-01-31.xsd#us-gaap_NetIncomeLoss" xlink:label="us-gaap_NetIncomeLoss_635832766227848294" />
    <calculationArc xlink:type="arc" xlink:arcrole="http://www.xbrl.org/2003/arcrole/summation-item" xlink:from="loc_us-gaapNetCashProvidedByUsedInOperatingActivities" xlink:to="us-gaap_NetIncomeLoss_635832766227848294" order="1" use="optional" weight="1" priority="2" />
    <loc xlink:type="locator" xlink:href="http://xbrl.fasb.org/us-gaap/2015/elts/us-gaap-2015-01-31.xsd#us-gaap_Depreciation" xlink:label="us-gaap_Depreciation_635832766227848294" />
    <calculationArc xlink:type="arc" xlink:arcrole="http://www.xbrl.org/2003/arcrole/summation-item" xlink:from="loc_us-gaapNetCashProvidedByUsedInOperatingActivities" xlink:to="us-gaap_Depreciation_635832766227848294" order="2" use="optional" weight="1" />
    <loc xlink:type="locator" xlink:href="http://xbrl.fasb.org/us-gaap/2015/elts/us-gaap-2015-01-31.xsd#us-gaap_AmortizationOfIntangibleAssets" xlink:label="us-gaap_AmortizationOfIntangibleAssets_635832766227848294" />
    <calculationArc xlink:type="arc" xlink:arcrole="http://www.xbrl.org/2003/arcrole/summation-item" xlink:from="loc_us-gaapNetCashProvidedByUsedInOperatingActivities" xlink:to="us-gaap_AmortizationOfIntangibleAssets_635832766227848294" order="3" use="optional" weight="1" />
    <loc xlink:type="locator" xlink:href="http://xbrl.fasb.org/us-gaap/2015/elts/us-gaap-2015-01-31.xsd#us-gaap_OtherAmortizationOfDeferredCharges" xlink:label="us-gaap_OtherAmortizationOfDeferredCharges_635832766227848294" />
    <calculationArc xlink:type="arc" xlink:arcrole="http://www.xbrl.org/2003/arcrole/summation-item" xlink:from="loc_us-gaapNetCashProvidedByUsedInOperatingActivities" xlink:to="us-gaap_OtherAmortizationOfDeferredCharges_635832766227848294" order="4" use="optional" weight="1" priority="2" />
    <loc xlink:type="locator" xlink:href="http://xbrl.fasb.org/us-gaap/2015/elts/us-gaap-2015-01-31.xsd#us-gaap_TaxAdjustmentsSettlementsAndUnusualProvisions" xlink:label="us-gaap_TaxAdjustmentsSettlementsAndUnusualProvisions_635832766227848294" />
    <calculationArc xlink:type="arc" xlink:arcrole="http://www.xbrl.org/2003/arcrole/summation-item" xlink:from="loc_us-gaapNetCashProvidedByUsedInOperatingActivities" xlink:to="us-gaap_TaxAdjustmentsSettlementsAndUnusualProvisions_635832766227848294" order="5" use="optional" weight="1" priority="2" />
    <loc xlink:type="locator" xlink:href="http://xbrl.fasb.org/us-gaap/2015/elts/us-gaap-2015-01-31.xsd#us-gaap_GoodwillAndIntangibleAssetImpairment" xlink:label="us-gaap_GoodwillAndIntangibleAssetImpairment_635832766227848294" />
    <calculationArc xlink:type="arc" xlink:arcrole="http://www.xbrl.org/2003/arcrole/summation-item" xlink:from="loc_us-gaapNetCashProvidedByUsedInOperatingActivities" xlink:to="us-gaap_GoodwillAndIntangibleAssetImpairment_635832766227848294" order="6" use="optional" weight="1" priority="2" />
    <loc xlink:type="locator" xlink:href="http://xbrl.fasb.org/us-gaap/2015/elts/us-gaap-2015-01-31.xsd#us-gaap_IncreaseDecreaseInPrepaidDeferredExpenseAndOtherAssets" xlink:label="us-gaap_IncreaseDecreaseInPrepaidDeferredExpenseAndOtherAssets_635832766227848294" />
    <calculationArc xlink:type="arc" xlink:arcrole="http://www.xbrl.org/2003/arcrole/summation-item" xlink:from="loc_us-gaapNetCashProvidedByUsedInOperatingActivities" xlink:to="us-gaap_IncreaseDecreaseInPrepaidDeferredExpenseAndOtherAssets_635832766227848294" order="7" use="optional" weight="1" priority="1" />
    <loc xlink:type="locator" xlink:href="http://xbrl.fasb.org/us-gaap/2015/elts/us-gaap-2015-01-31.xsd#us-gaap_IncreaseDecreaseInAccruedIncomeTaxesPayable" xlink:label="us-gaap_IncreaseDecreaseInAccruedIncomeTaxesPayable_635832766227848294" />
    <calculationArc xlink:type="arc" xlink:arcrole="http://www.xbrl.org/2003/arcrole/summation-item" xlink:from="loc_us-gaapNetCashProvidedByUsedInOperatingActivities" xlink:to="us-gaap_IncreaseDecreaseInAccruedIncomeTaxesPayable_635832766227848294" order="8" use="optional" weight="1" priority="2" />
    <loc xlink:type="locator" xlink:href="http://xbrl.fasb.org/us-gaap/2015/elts/us-gaap-2015-01-31.xsd#us-gaap_IncreaseDecreaseInOtherDeferredLiability" xlink:label="us-gaap_IncreaseDecreaseInOtherDeferredLiability_635832766227848294" />
    <calculationArc xlink:type="arc" xlink:arcrole="http://www.xbrl.org/2003/arcrole/summation-item" xlink:from="loc_us-gaapNetCashProvidedByUsedInOperatingActivities" xlink:to="us-gaap_IncreaseDecreaseInOtherDeferredLiability_635832766227848294" order="9" use="optional" weight="1" priority="1" />
    <loc xlink:type="locator" xlink:href="http://xbrl.fasb.org/us-gaap/2015/elts/us-gaap-2015-01-31.xsd#us-gaap_ImpairmentOfIntangibleAssetsFinitelived" xlink:label="us-gaap_ImpairmentOfIntangibleAssetsFinitelived_635832766227848294" />
    <calculationArc xlink:type="arc" xlink:arcrole="http://www.xbrl.org/2003/arcrole/summation-item" xlink:from="loc_us-gaapNetCashProvidedByUsedInOperatingActivities" xlink:to="us-gaap_ImpairmentOfIntangibleAssetsFinitelived_635832766227848294" order="10" use="optional" weight="1" priority="2" />
    <loc xlink:type="locator" xlink:href="http://xbrl.fasb.org/us-gaap/2015/elts/us-gaap-2015-01-31.xsd#us-gaap_ExtinguishmentOfDebtAmount" xlink:label="us-gaap_ExtinguishmentOfDebtAmount_635832766227848294" />
    <calculationArc xlink:type="arc" xlink:arcrole="http://www.xbrl.org/2003/arcrole/summation-item" xlink:from="loc_us-gaapNetCashProvidedByUsedInOperatingActivities" xlink:to="us-gaap_ExtinguishmentOfDebtAmount_635832766227848294" order="11" use="optional" weight="1" priority="2" />
    <loc xlink:type="locator" xlink:href="http://xbrl.fasb.org/us-gaap/2015/elts/us-gaap-2015-01-31.xsd#us-gaap_ShareBasedCompensation" xlink:label="us-gaap_ShareBasedCompensation_635832766227848294" />
    <calculationArc xlink:type="arc" xlink:arcrole="http://www.xbrl.org/2003/arcrole/summation-item" xlink:from="loc_us-gaapNetCashProvidedByUsedInOperatingActivities" xlink:to="us-gaap_ShareBasedCompensation_635832766227848294" order="12" use="optional" weight="1" />
    <loc xlink:type="locator" xlink:href="mara-20150930.xsd#mara_StockAndWarrantIssuedForNoteValue" xlink:label="mara_StockAndWarrantIssuedForNoteValue_635832766227848294" />
    <calculationArc xlink:type="arc" xlink:arcrole="http://www.xbrl.org/2003/arcrole/summation-item" xlink:from="loc_us-gaapNetCashProvidedByUsedInOperatingActivities" xlink:to="mara_StockAndWarrantIssuedForNoteValue_635832766227848294" order="13" use="optional" weight="1" />
    <loc xlink:type="locator" xlink:href="http://xbrl.fasb.org/us-gaap/2015/elts/us-gaap-2015-01-31.xsd#us-gaap_NoncashCommissionAndClosingCosts" xlink:label="us-gaap_NoncashCommissionAndClosingCosts_635832766227848294" />
    <calculationArc xlink:type="arc" xlink:arcrole="http://www.xbrl.org/2003/arcrole/summation-item" xlink:from="loc_us-gaapNetCashProvidedByUsedInOperatingActivities" xlink:to="us-gaap_NoncashCommissionAndClosingCosts_635832766227848294" order="14" use="optional" weight="1" priority="2" />
    <loc xlink:type="locator" xlink:href="http://xbrl.fasb.org/us-gaap/2015/elts/us-gaap-2015-01-31.xsd#us-gaap_BusinessCombinationContingentConsiderationArrangementsChangeInAmountOfContingentConsiderationLiability1" xlink:label="us-gaap_BusinessCombinationContingentConsiderationArrangementsChangeInAmountOfContingentConsiderationLiability1_635832766227848294" />
    <calculationArc xlink:type="arc" xlink:arcrole="http://www.xbrl.org/2003/arcrole/summation-item" xlink:from="loc_us-gaapNetCashProvidedByUsedInOperatingActivities" xlink:to="us-gaap_BusinessCombinationContingentConsiderationArrangementsChangeInAmountOfContingentConsiderationLiability1_635832766227848294" order="15" use="optional" weight="-1" priority="2" />
    <loc xlink:type="locator" xlink:href="http://xbrl.fasb.org/us-gaap/2015/elts/us-gaap-2015-01-31.xsd#us-gaap_OtherNoncashIncome" xlink:label="us-gaap_OtherNoncashIncome_635832766227848294" />
    <calculationArc xlink:type="arc" xlink:arcrole="http://www.xbrl.org/2003/arcrole/summation-item" xlink:from="loc_us-gaapNetCashProvidedByUsedInOperatingActivities" xlink:to="us-gaap_OtherNoncashIncome_635832766227848294" order="16" use="optional" weight="1" priority="2" />
    <loc xlink:type="locator" xlink:href="http://xbrl.fasb.org/us-gaap/2015/elts/us-gaap-2015-01-31.xsd#us-gaap_OtherNoncashIncomeExpense" xlink:label="us-gaap_OtherNoncashIncomeExpense_635832766227848294" />
    <calculationArc xlink:type="arc" xlink:arcrole="http://www.xbrl.org/2003/arcrole/summation-item" xlink:from="loc_us-gaapNetCashProvidedByUsedInOperatingActivities" xlink:to="us-gaap_OtherNoncashIncomeExpense_635832766227848294" order="17" use="optional" weight="1" priority="1" />
    <loc xlink:type="locator" xlink:href="http://xbrl.fasb.org/us-gaap/2015/elts/us-gaap-2015-01-31.xsd#us-gaap_IncreaseDecreaseInAccountsReceivable" xlink:label="us-gaap_IncreaseDecreaseInAccountsReceivable_635832766227848294" />
    <calculationArc xlink:type="arc" xlink:arcrole="http://www.xbrl.org/2003/arcrole/summation-item" xlink:from="loc_us-gaapNetCashProvidedByUsedInOperatingActivities" xlink:to="us-gaap_IncreaseDecreaseInAccountsReceivable_635832766227848294" order="18" use="optional" weight="1" />
    <loc xlink:type="locator" xlink:href="http://xbrl.fasb.org/us-gaap/2015/elts/us-gaap-2015-01-31.xsd#us-gaap_IncreaseDecreaseInPrepaidExpense" xlink:label="us-gaap_IncreaseDecreaseInPrepaidExpense_635832766227848294" />
    <calculationArc xlink:type="arc" xlink:arcrole="http://www.xbrl.org/2003/arcrole/summation-item" xlink:from="loc_us-gaapNetCashProvidedByUsedInOperatingActivities" xlink:to="us-gaap_IncreaseDecreaseInPrepaidExpense_635832766227848294" order="19" use="optional" weight="1" />
    <loc xlink:type="locator" xlink:href="http://xbrl.fasb.org/us-gaap/2015/elts/us-gaap-2015-01-31.xsd#us-gaap_IncreaseDecreaseInAccountsPayableAndAccruedLiabilities" xlink:label="us-gaap_IncreaseDecreaseInAccountsPayableAndAccruedLiabilities_635832766227848294" />
    <calculationArc xlink:type="arc" xlink:arcrole="http://www.xbrl.org/2003/arcrole/summation-item" xlink:from="loc_us-gaapNetCashProvidedByUsedInOperatingActivities" xlink:to="us-gaap_IncreaseDecreaseInAccountsPayableAndAccruedLiabilities_635832766227848294" order="20" use="optional" weight="1" />
  </calculationLink>
  <calculationLink xlink:role="http://marathonpg.com/role/DisclosureAcquisitionsDetails4s" xlink:type="extended" xlink:title="40304 - Disclosure - ACQUISITIONS (Details4)" xmlns="http://www.xbrl.org/2003/linkbase">
    <loc xlink:type="locator" xlink:href="http://xbrl.fasb.org/us-gaap/2015/elts/us-gaap-2015-01-31.xsd#us-gaap_BusinessCombinationConsiderationTransferred1" xlink:label="us-gaap_BusinessCombinationConsiderationTransferred1" />
    <loc xlink:type="locator" xlink:href="http://xbrl.fasb.org/us-gaap/2015/elts/us-gaap-2015-01-31.xsd#us-gaap_BusinessCombinationConsiderationTransferredEquityInterestsIssuedAndIssuable" xlink:label="us-gaap_BusinessCombinationConsiderationTransferredEquityInterestsIssuedAndIssuable_635832766227848294" />
    <calculationArc xlink:type="arc" xlink:arcrole="http://www.xbrl.org/2003/arcrole/summation-item" xlink:from="us-gaap_BusinessCombinationConsiderationTransferred1" xlink:to="us-gaap_BusinessCombinationConsiderationTransferredEquityInterestsIssuedAndIssuable_635832766227848294" order="1" use="optional" weight="1" priority="2" />
    <loc xlink:type="locator" xlink:href="http://xbrl.fasb.org/us-gaap/2015/elts/us-gaap-2015-01-31.xsd#us-gaap_BusinessCombinationConsiderationTransferredLiabilitiesIncurred" xlink:label="us-gaap_BusinessCombinationConsiderationTransferredLiabilitiesIncurred_635832766227848294" />
    <calculationArc xlink:type="arc" xlink:arcrole="http://www.xbrl.org/2003/arcrole/summation-item" xlink:from="us-gaap_BusinessCombinationConsiderationTransferred1" xlink:to="us-gaap_BusinessCombinationConsiderationTransferredLiabilitiesIncurred_635832766227848294" order="2" use="optional" weight="1" priority="2" />
    <loc xlink:type="locator" xlink:href="http://xbrl.fasb.org/us-gaap/2015/elts/us-gaap-2015-01-31.xsd#us-gaap_BusinessCombinationConsiderationTransferredOther1" xlink:label="us-gaap_BusinessCombinationConsiderationTransferredOther1_635832766227848294" />
    <calculationArc xlink:type="arc" xlink:arcrole="http://www.xbrl.org/2003/arcrole/summation-item" xlink:from="us-gaap_BusinessCombinationConsiderationTransferred1" xlink:to="us-gaap_BusinessCombinationConsiderationTransferredOther1_635832766227848294" order="3" use="optional" weight="1" priority="2" />
    <loc xlink:type="locator" xlink:href="http://xbrl.fasb.org/us-gaap/2015/elts/us-gaap-2015-01-31.xsd#us-gaap_PaymentsToAcquireBusinessesGross" xlink:label="us-gaap_PaymentsToAcquireBusinessesGross_635832766227848294" />
    <calculationArc xlink:type="arc" xlink:arcrole="http://www.xbrl.org/2003/arcrole/summation-item" xlink:from="us-gaap_BusinessCombinationConsiderationTransferred1" xlink:to="us-gaap_PaymentsToAcquireBusinessesGross_635832766227848294" order="4" use="optional" weight="1" priority="2" />
    <loc xlink:type="locator" xlink:href="http://xbrl.fasb.org/us-gaap/2015/elts/us-gaap-2015-01-31.xsd#us-gaap_BusinessCombinationRecognizedIdentifiableAssetsAcquiredGoodwillAndLiabilitiesAssumedLessNoncontrollingInterest" xlink:label="us-gaap_BusinessCombinationRecognizedIdentifiableAssetsAcquiredGoodwillAndLiabilitiesAssumedLessNoncontrollingInterest" />
    <loc xlink:type="locator" xlink:href="http://xbrl.fasb.org/us-gaap/2015/elts/us-gaap-2015-01-31.xsd#us-gaap_Goodwill" xlink:label="us-gaap_Goodwill_635832766227848294" />
    <calculationArc xlink:type="arc" xlink:arcrole="http://www.xbrl.org/2003/arcrole/summation-item" xlink:from="us-gaap_BusinessCombinationRecognizedIdentifiableAssetsAcquiredGoodwillAndLiabilitiesAssumedLessNoncontrollingInterest" xlink:to="us-gaap_Goodwill_635832766227848294" order="1" use="optional" weight="1" priority="2" />
    <loc xlink:type="locator" xlink:href="http://xbrl.fasb.org/us-gaap/2015/elts/us-gaap-2015-01-31.xsd#us-gaap_IntangibleAssetsCurrent" xlink:label="us-gaap_IntangibleAssetsCurrent_635832766227848294" />
    <calculationArc xlink:type="arc" xlink:arcrole="http://www.xbrl.org/2003/arcrole/summation-item" xlink:from="us-gaap_BusinessCombinationRecognizedIdentifiableAssetsAcquiredGoodwillAndLiabilitiesAssumedLessNoncontrollingInterest" xlink:to="us-gaap_IntangibleAssetsCurrent_635832766227848294" order="2" use="optional" weight="1" priority="2" />
    <loc xlink:type="locator" xlink:href="http://xbrl.fasb.org/us-gaap/2015/elts/us-gaap-2015-01-31.xsd#us-gaap_BusinessCombinationRecognizedIdentifiableAssetsAcquiredAndLiabilitiesAssumedCashAndEquivalents" xlink:label="us-gaap_BusinessCombinationRecognizedIdentifiableAssetsAcquiredAndLiabilitiesAssumedCashAndEquivalents_635832766227848294" />
    <calculationArc xlink:type="arc" xlink:arcrole="http://www.xbrl.org/2003/arcrole/summation-item" xlink:from="us-gaap_BusinessCombinationRecognizedIdentifiableAssetsAcquiredGoodwillAndLiabilitiesAssumedLessNoncontrollingInterest" xlink:to="us-gaap_BusinessCombinationRecognizedIdentifiableAssetsAcquiredAndLiabilitiesAssumedCashAndEquivalents_635832766227848294" order="3" use="optional" weight="1" priority="2" />
  </calculationLink>
</link:linkbase>
