<?xml version="1.0" encoding="US-ASCII" standalone="no"?>
    <!-- Field: Doc-Info; Name: Generator; Value: GoFiler Complete; Version: 5.0b -->
    <!-- Field: Doc-Info; Name: VendorURI; Value: http://www.novaworks.co -->
    <!-- Field: Doc-Info; Name: Source; Value: MARA %2D 20190630 10Q Q2 DFN.xfr; Date: 2019%2D08%2D01T20:12:06Z -->
    <!-- Field: Doc-Info; Name: Status; Value: 0x80070000 -->
<link:linkbase xmlns:xsi="http://www.w3.org/2001/XMLSchema-instance" xmlns:xlink="http://www.w3.org/1999/xlink" xmlns:link="http://www.xbrl.org/2003/linkbase" xmlns:xbrldt="http://xbrl.org/2005/xbrldt" xmlns:xbrli="http://www.xbrl.org/2003/instance" xsi:schemaLocation="http://www.xbrl.org/2003/linkbase http://www.xbrl.org/2003/xbrl-linkbase-2003-12-31.xsd">
    <link:roleRef roleURI="http://marathonpg.com/role/DocumentAndEntityInformation" xlink:href="mara-20190630.xsd#DocumentAndEntityInformation" xlink:type="simple" />
    <link:roleRef roleURI="http://marathonpg.com/role/CondensedBalanceSheets" xlink:href="mara-20190630.xsd#CondensedBalanceSheets" xlink:type="simple" />
    <link:roleRef roleURI="http://marathonpg.com/role/CondensedBalanceSheetsParenthetical" xlink:href="mara-20190630.xsd#CondensedBalanceSheetsParenthetical" xlink:type="simple" />
    <link:roleRef roleURI="http://marathonpg.com/role/CondensedStatementsOfOperationsAndComprehensiveIncome" xlink:href="mara-20190630.xsd#CondensedStatementsOfOperationsAndComprehensiveIncome" xlink:type="simple" />
    <link:roleRef roleURI="http://marathonpg.com/role/CondensedStatementsOfStockholdersEquity" xlink:href="mara-20190630.xsd#CondensedStatementsOfStockholdersEquity" xlink:type="simple" />
    <link:roleRef roleURI="http://marathonpg.com/role/CondensedStatementsOfCashFlows" xlink:href="mara-20190630.xsd#CondensedStatementsOfCashFlows" xlink:type="simple" />
    <link:roleRef roleURI="http://marathonpg.com/role/OrganizationAndDescriptionOfBusiness" xlink:href="mara-20190630.xsd#OrganizationAndDescriptionOfBusiness" xlink:type="simple" />
    <link:roleRef roleURI="http://marathonpg.com/role/SummaryOfSignificantAccountingPolicies" xlink:href="mara-20190630.xsd#SummaryOfSignificantAccountingPolicies" xlink:type="simple" />
    <link:roleRef roleURI="http://marathonpg.com/role/DigitalAssetMining" xlink:href="mara-20190630.xsd#DigitalAssetMining" xlink:type="simple" />
    <link:roleRef roleURI="http://marathonpg.com/role/StockholdersEquity" xlink:href="mara-20190630.xsd#StockholdersEquity" xlink:type="simple" />
    <link:roleRef roleURI="http://marathonpg.com/role/DebtCommitmentsAndContingencies" xlink:href="mara-20190630.xsd#DebtCommitmentsAndContingencies" xlink:type="simple" />
    <link:roleRef roleURI="http://marathonpg.com/role/SubsequentEvents" xlink:href="mara-20190630.xsd#SubsequentEvents" xlink:type="simple" />
    <link:roleRef roleURI="http://marathonpg.com/role/SummaryOfSignificantAccountingPoliciesPolicies" xlink:href="mara-20190630.xsd#SummaryOfSignificantAccountingPoliciesPolicies" xlink:type="simple" />
    <link:roleRef roleURI="http://marathonpg.com/role/DisclosureSummaryOfSignificantAccountingPoliciesTables" xlink:href="mara-20190630.xsd#DisclosureSummaryOfSignificantAccountingPoliciesTables" xlink:type="simple" />
    <link:roleRef roleURI="http://marathonpg.com/role/DigitalAssetMiningTables" xlink:href="mara-20190630.xsd#DigitalAssetMiningTables" xlink:type="simple" />
    <link:roleRef roleURI="http://marathonpg.com/role/StockholdersEquityTables" xlink:href="mara-20190630.xsd#StockholdersEquityTables" xlink:type="simple" />
    <link:roleRef roleURI="http://marathonpg.com/role/DebtCommitmentsAndContingenciesTables" xlink:href="mara-20190630.xsd#DebtCommitmentsAndContingenciesTables" xlink:type="simple" />
    <link:roleRef roleURI="http://marathonpg.com/role/OrganizationAndDescriptionOfBusinessDetailsNarrative" xlink:href="mara-20190630.xsd#OrganizationAndDescriptionOfBusinessDetailsNarrative" xlink:type="simple" />
    <link:roleRef roleURI="http://marathonpg.com/role/SummaryOfSignificantAccountingPoliciesDetailsNarrative" xlink:href="mara-20190630.xsd#SummaryOfSignificantAccountingPoliciesDetailsNarrative" xlink:type="simple" />
    <link:roleRef roleURI="http://marathonpg.com/role/SummaryOfSignificantAccountingPolicies-ScheduleOfChangeInFairValueOfAssetsMeasuredLevel1Details" xlink:href="mara-20190630.xsd#SummaryOfSignificantAccountingPolicies-ScheduleOfChangeInFairValueOfAssetsMeasuredLevel1Details" xlink:type="simple" />
    <link:roleRef roleURI="http://marathonpg.com/role/SummaryOfSignificantAccountingPolicies-ScheduleOfAssetsAndLiabilitiesMeasuredAtFairValueOnRecurringBasisDetails" xlink:href="mara-20190630.xsd#SummaryOfSignificantAccountingPolicies-ScheduleOfAssetsAndLiabilitiesMeasuredAtFairValueOnRecurringBasisDetails" xlink:type="simple" />
    <link:roleRef roleURI="http://marathonpg.com/role/SummaryOfSignificantAccountingPolicies-ScheduleOfFairValueOfWarrantLiabilitiesDetails" xlink:href="mara-20190630.xsd#SummaryOfSignificantAccountingPolicies-ScheduleOfFairValueOfWarrantLiabilitiesDetails" xlink:type="simple" />
    <link:roleRef roleURI="http://marathonpg.com/role/SummaryOfSignificantAccountingPolicies-ScheduleOfAntidilutiveSecuritiesExcludedFromComputationOfEarningsPerShareDetails" xlink:href="mara-20190630.xsd#SummaryOfSignificantAccountingPolicies-ScheduleOfAntidilutiveSecuritiesExcludedFromComputationOfEarningsPerShareDetails" xlink:type="simple" />
    <link:roleRef roleURI="http://marathonpg.com/role/SummaryOfSignificantAccountingPolicies-ScheduleOfComputationOfBasicAndDilutedLossPerShareDetails" xlink:href="mara-20190630.xsd#SummaryOfSignificantAccountingPolicies-ScheduleOfComputationOfBasicAndDilutedLossPerShareDetails" xlink:type="simple" />
    <link:roleRef roleURI="http://marathonpg.com/role/DigitalAssetMiningDetailsNarrative" xlink:href="mara-20190630.xsd#DigitalAssetMiningDetailsNarrative" xlink:type="simple" />
    <link:roleRef roleURI="http://marathonpg.com/role/DigitalAssetMining-ComponentsOfPropertyEquipmentAndIntangibleAssetsDetails" xlink:href="mara-20190630.xsd#DigitalAssetMining-ComponentsOfPropertyEquipmentAndIntangibleAssetsDetails" xlink:type="simple" />
    <link:roleRef roleURI="http://marathonpg.com/role/StockholdersEquityDetailsNarrative" xlink:href="mara-20190630.xsd#StockholdersEquityDetailsNarrative" xlink:type="simple" />
    <link:roleRef roleURI="http://marathonpg.com/role/StockholdersEquity-SummaryOfStockOptionsAndChangesDuringPeriodDetails" xlink:href="mara-20190630.xsd#StockholdersEquity-SummaryOfStockOptionsAndChangesDuringPeriodDetails" xlink:type="simple" />
    <link:roleRef roleURI="http://marathonpg.com/role/DebtCommitmentsAndContingenciesDetailsNarrative" xlink:href="mara-20190630.xsd#DebtCommitmentsAndContingenciesDetailsNarrative" xlink:type="simple" />
    <link:roleRef roleURI="http://marathonpg.com/role/DebtCommitmentsAndContingencies-ScheduleOfDebtDetails" xlink:href="mara-20190630.xsd#DebtCommitmentsAndContingencies-ScheduleOfDebtDetails" xlink:type="simple" />
    <link:roleRef roleURI="http://marathonpg.com/role/DebtCommitmentsAndContingencies-ScheduleOfComponentsOfLeaseCostDetails" xlink:href="mara-20190630.xsd#DebtCommitmentsAndContingencies-ScheduleOfComponentsOfLeaseCostDetails" xlink:type="simple" />
    <link:roleRef roleURI="http://marathonpg.com/role/DebtCommitmentsAndContingencies-ScheduleOfWeightedAverageLeaseDetails" xlink:href="mara-20190630.xsd#DebtCommitmentsAndContingencies-ScheduleOfWeightedAverageLeaseDetails" xlink:type="simple" />
    <link:roleRef roleURI="http://marathonpg.com/role/DebtCommitmentsAndContingencies-ScheduleOfMinimumLeasePaymentsDetails" xlink:href="mara-20190630.xsd#DebtCommitmentsAndContingencies-ScheduleOfMinimumLeasePaymentsDetails" xlink:type="simple" />
    <link:roleRef roleURI="http://marathonpg.com/role/SubsequentEventsDetailsNarrative" xlink:href="mara-20190630.xsd#SubsequentEventsDetailsNarrative" xlink:type="simple" />
    <link:arcroleRef xlink:type="simple" xlink:href="http://www.xbrl.org/2005/xbrldt-2005.xsd#hypercube-dimension" arcroleURI="http://xbrl.org/int/dim/arcrole/hypercube-dimension" />
    <link:arcroleRef xlink:type="simple" xlink:href="http://www.xbrl.org/2005/xbrldt-2005.xsd#dimension-domain" arcroleURI="http://xbrl.org/int/dim/arcrole/dimension-domain" />
    <link:arcroleRef xlink:type="simple" xlink:href="http://www.xbrl.org/2005/xbrldt-2005.xsd#domain-member" arcroleURI="http://xbrl.org/int/dim/arcrole/domain-member" />
    <link:arcroleRef xlink:type="simple" xlink:href="http://www.xbrl.org/2005/xbrldt-2005.xsd#all" arcroleURI="http://xbrl.org/int/dim/arcrole/all" />
    <link:arcroleRef xlink:type="simple" xlink:href="http://www.xbrl.org/2005/xbrldt-2005.xsd#notAll" arcroleURI="http://xbrl.org/int/dim/arcrole/notAll" />
    <link:arcroleRef xlink:type="simple" xlink:href="http://www.xbrl.org/2005/xbrldt-2005.xsd#dimension-default" arcroleURI="http://xbrl.org/int/dim/arcrole/dimension-default" />
    <link:definitionLink xlink:type="extended" xlink:role="http://marathonpg.com/role/DocumentAndEntityInformation" xlink:title="00000001 - Document - Document and Entity Information" />
    <link:definitionLink xlink:type="extended" xlink:role="http://marathonpg.com/role/CondensedBalanceSheets" xlink:title="00000002 - Statement - Consolidated Condensed Balance Sheets" />
    <link:definitionLink xlink:type="extended" xlink:role="http://marathonpg.com/role/CondensedBalanceSheetsParenthetical" xlink:title="00000003 - Statement - Consolidated Condensed Balance Sheets (Parenthetical)" />
    <link:definitionLink xlink:type="extended" xlink:role="http://marathonpg.com/role/CondensedStatementsOfOperationsAndComprehensiveIncome" xlink:title="00000004 - Statement - Consolidated Condensed Statements of Operations and Comprehensive Income (Unaudited)">
      <link:loc xlink:type="locator" xlink:href="http://xbrl.fasb.org/us-gaap/2019/elts/us-gaap-2019-01-31.xsd#us-gaap_StatementLineItems" xlink:label="loc_us-gaapStatementLineItems" />
      <link:loc xlink:type="locator" xlink:href="http://xbrl.fasb.org/us-gaap/2019/elts/us-gaap-2019-01-31.xsd#us-gaap_StatementTable" xlink:label="loc_us-gaapStatementTable" />
      <link:definitionArc xlink:arcrole="http://xbrl.org/int/dim/arcrole/all" xbrldt:contextElement="segment" xlink:from="loc_us-gaapStatementLineItems" xlink:to="loc_us-gaapStatementTable" xlink:type="arc" order="10" xbrldt:closed="true" />
      <link:loc xlink:type="locator" xlink:href="http://xbrl.fasb.org/srt/2019/elts/srt-2019-01-31.xsd#srt_ProductOrServiceAxis" xlink:label="loc_srtProductOrServiceAxis" />
      <link:definitionArc xlink:arcrole="http://xbrl.org/int/dim/arcrole/hypercube-dimension" xlink:from="loc_us-gaapStatementTable" xlink:to="loc_srtProductOrServiceAxis" xlink:type="arc" order="1" />
      <link:loc xlink:type="locator" xlink:href="http://xbrl.fasb.org/srt/2019/elts/srt-2019-01-31.xsd#srt_ProductsAndServicesDomain" xlink:label="loc_srtProductsAndServicesDomain" />
      <link:definitionArc xlink:arcrole="http://xbrl.org/int/dim/arcrole/dimension-domain" xlink:from="loc_srtProductOrServiceAxis" xlink:to="loc_srtProductsAndServicesDomain" xlink:type="arc" order="20" />
      <link:loc xlink:type="locator" xlink:href="http://xbrl.fasb.org/srt/2019/elts/srt-2019-01-31.xsd#srt_ProductsAndServicesDomain" xlink:label="loc_srtProductsAndServicesDomain_10" />
      <link:definitionArc xlink:arcrole="http://xbrl.org/int/dim/arcrole/dimension-default" xbrldt:contextElement="segment" xlink:from="loc_srtProductOrServiceAxis" xlink:to="loc_srtProductsAndServicesDomain_10" xlink:type="arc" order="30" />
      <link:loc xlink:type="locator" xlink:href="mara-20190630.xsd#MARA_CryptocurrencyMiningRevenueMember" xlink:label="loc_MARACryptocurrencyMiningRevenueMember_0" />
      <link:definitionArc xlink:arcrole="http://xbrl.org/int/dim/arcrole/domain-member" xlink:from="loc_srtProductsAndServicesDomain" xlink:to="loc_MARACryptocurrencyMiningRevenueMember_0" xlink:type="arc" order="1" />
      <link:loc xlink:type="locator" xlink:href="mara-20190630.xsd#MARA_OtherRevenueMember" xlink:label="loc_MARAOtherRevenueMember_10" />
      <link:definitionArc xlink:arcrole="http://xbrl.org/int/dim/arcrole/domain-member" xlink:from="loc_srtProductsAndServicesDomain" xlink:to="loc_MARAOtherRevenueMember_10" xlink:type="arc" order="11" />
      <link:loc xlink:type="locator" xlink:href="http://xbrl.fasb.org/us-gaap/2019/elts/us-gaap-2019-01-31.xsd#us-gaap_RevenuesAbstract" xlink:label="loc_us-gaapRevenuesAbstract_130" />
      <link:definitionArc xlink:arcrole="http://xbrl.org/int/dim/arcrole/domain-member" xlink:from="loc_us-gaapStatementLineItems" xlink:to="loc_us-gaapRevenuesAbstract_130" xlink:type="arc" order="0" />
      <link:loc xlink:type="locator" xlink:href="http://xbrl.fasb.org/us-gaap/2019/elts/us-gaap-2019-01-31.xsd#us-gaap_RevenueFromContractWithCustomerExcludingAssessedTax" xlink:label="loc_us-gaapRevenueFromContractWithCustomerExcludingAssessedTax_130" />
      <link:definitionArc xlink:arcrole="http://xbrl.org/int/dim/arcrole/domain-member" xlink:from="loc_us-gaapRevenuesAbstract_130" xlink:to="loc_us-gaapRevenueFromContractWithCustomerExcludingAssessedTax_130" xlink:type="arc" order="1" />
      <link:loc xlink:type="locator" xlink:href="http://xbrl.fasb.org/us-gaap/2019/elts/us-gaap-2019-01-31.xsd#us-gaap_OperatingExpensesAbstract" xlink:label="loc_us-gaapOperatingExpensesAbstract_130" />
      <link:definitionArc xlink:arcrole="http://xbrl.org/int/dim/arcrole/domain-member" xlink:from="loc_us-gaapStatementLineItems" xlink:to="loc_us-gaapOperatingExpensesAbstract_130" xlink:type="arc" order="2" />
      <link:loc xlink:type="locator" xlink:href="http://xbrl.fasb.org/us-gaap/2019/elts/us-gaap-2019-01-31.xsd#us-gaap_CostOfRevenue" xlink:label="loc_us-gaapCostOfRevenue_130" />
      <link:definitionArc xlink:arcrole="http://xbrl.org/int/dim/arcrole/domain-member" xlink:from="loc_us-gaapOperatingExpensesAbstract_130" xlink:to="loc_us-gaapCostOfRevenue_130" xlink:type="arc" order="3" />
      <link:loc xlink:type="locator" xlink:href="http://xbrl.fasb.org/us-gaap/2019/elts/us-gaap-2019-01-31.xsd#us-gaap_LaborAndRelatedExpense" xlink:label="loc_us-gaapLaborAndRelatedExpense_130" />
      <link:definitionArc xlink:arcrole="http://xbrl.org/int/dim/arcrole/domain-member" xlink:from="loc_us-gaapOperatingExpensesAbstract_130" xlink:to="loc_us-gaapLaborAndRelatedExpense_130" xlink:type="arc" order="4" />
      <link:loc xlink:type="locator" xlink:href="mara-20190630.xsd#MARA_ProfessionalAndContractServicesExpenseBenefit" xlink:label="loc_MARAProfessionalAndContractServicesExpenseBenefit_130" />
      <link:definitionArc xlink:arcrole="http://xbrl.org/int/dim/arcrole/domain-member" xlink:from="loc_us-gaapOperatingExpensesAbstract_130" xlink:to="loc_MARAProfessionalAndContractServicesExpenseBenefit_130" xlink:type="arc" order="5" />
      <link:loc xlink:type="locator" xlink:href="http://xbrl.fasb.org/us-gaap/2019/elts/us-gaap-2019-01-31.xsd#us-gaap_ProfessionalFees" xlink:label="loc_us-gaapProfessionalFees_130" />
      <link:definitionArc xlink:arcrole="http://xbrl.org/int/dim/arcrole/domain-member" xlink:from="loc_us-gaapOperatingExpensesAbstract_130" xlink:to="loc_us-gaapProfessionalFees_130" xlink:type="arc" order="6" />
      <link:loc xlink:type="locator" xlink:href="http://xbrl.fasb.org/us-gaap/2019/elts/us-gaap-2019-01-31.xsd#us-gaap_GeneralAndAdministrativeExpense" xlink:label="loc_us-gaapGeneralAndAdministrativeExpense_130" />
      <link:definitionArc xlink:arcrole="http://xbrl.org/int/dim/arcrole/domain-member" xlink:from="loc_us-gaapOperatingExpensesAbstract_130" xlink:to="loc_us-gaapGeneralAndAdministrativeExpense_130" xlink:type="arc" order="7" />
      <link:loc xlink:type="locator" xlink:href="mara-20190630.xsd#MARA_ShareBreakUpFee" xlink:label="loc_MARAShareBreakUpFee_130" />
      <link:definitionArc xlink:arcrole="http://xbrl.org/int/dim/arcrole/domain-member" xlink:from="loc_us-gaapOperatingExpensesAbstract_130" xlink:to="loc_MARAShareBreakUpFee_130" xlink:type="arc" order="8" />
      <link:loc xlink:type="locator" xlink:href="http://xbrl.fasb.org/us-gaap/2019/elts/us-gaap-2019-01-31.xsd#us-gaap_OperatingExpenses" xlink:label="loc_us-gaapOperatingExpenses_130" />
      <link:definitionArc xlink:arcrole="http://xbrl.org/int/dim/arcrole/domain-member" xlink:from="loc_us-gaapOperatingExpensesAbstract_130" xlink:to="loc_us-gaapOperatingExpenses_130" xlink:type="arc" order="9" />
      <link:loc xlink:type="locator" xlink:href="http://xbrl.fasb.org/us-gaap/2019/elts/us-gaap-2019-01-31.xsd#us-gaap_OperatingIncomeLoss" xlink:label="loc_us-gaapOperatingIncomeLoss_130" />
      <link:definitionArc xlink:arcrole="http://xbrl.org/int/dim/arcrole/domain-member" xlink:from="loc_us-gaapStatementLineItems" xlink:to="loc_us-gaapOperatingIncomeLoss_130" xlink:type="arc" order="10" />
      <link:loc xlink:type="locator" xlink:href="http://xbrl.fasb.org/us-gaap/2019/elts/us-gaap-2019-01-31.xsd#us-gaap_NonoperatingIncomeExpenseAbstract" xlink:label="loc_us-gaapNonoperatingIncomeExpenseAbstract_130" />
      <link:definitionArc xlink:arcrole="http://xbrl.org/int/dim/arcrole/domain-member" xlink:from="loc_us-gaapStatementLineItems" xlink:to="loc_us-gaapNonoperatingIncomeExpenseAbstract_130" xlink:type="arc" order="11" />
      <link:loc xlink:type="locator" xlink:href="http://xbrl.fasb.org/us-gaap/2019/elts/us-gaap-2019-01-31.xsd#us-gaap_OtherNonoperatingIncomeExpense" xlink:label="loc_us-gaapOtherNonoperatingIncomeExpense_130" />
      <link:definitionArc xlink:arcrole="http://xbrl.org/int/dim/arcrole/domain-member" xlink:from="loc_us-gaapNonoperatingIncomeExpenseAbstract_130" xlink:to="loc_us-gaapOtherNonoperatingIncomeExpense_130" xlink:type="arc" order="12" />
      <link:loc xlink:type="locator" xlink:href="http://xbrl.fasb.org/us-gaap/2019/elts/us-gaap-2019-01-31.xsd#us-gaap_EffectOfExchangeRateOnCash" xlink:label="loc_us-gaapEffectOfExchangeRateOnCash_130" />
      <link:definitionArc xlink:arcrole="http://xbrl.org/int/dim/arcrole/domain-member" xlink:from="loc_us-gaapNonoperatingIncomeExpenseAbstract_130" xlink:to="loc_us-gaapEffectOfExchangeRateOnCash_130" xlink:type="arc" order="13" />
      <link:loc xlink:type="locator" xlink:href="mara-20190630.xsd#MARA_RealizedGainLossOnSaleOfDigitalCurrencies" xlink:label="loc_MARARealizedGainLossOnSaleOfDigitalCurrencies_130" />
      <link:definitionArc xlink:arcrole="http://xbrl.org/int/dim/arcrole/domain-member" xlink:from="loc_us-gaapNonoperatingIncomeExpenseAbstract_130" xlink:to="loc_MARARealizedGainLossOnSaleOfDigitalCurrencies_130" xlink:type="arc" order="14" />
      <link:loc xlink:type="locator" xlink:href="http://xbrl.fasb.org/us-gaap/2019/elts/us-gaap-2019-01-31.xsd#us-gaap_FairValueAdjustmentOfWarrants" xlink:label="loc_us-gaapFairValueAdjustmentOfWarrants_130" />
      <link:definitionArc xlink:arcrole="http://xbrl.org/int/dim/arcrole/domain-member" xlink:from="loc_us-gaapNonoperatingIncomeExpenseAbstract_130" xlink:to="loc_us-gaapFairValueAdjustmentOfWarrants_130" xlink:type="arc" order="15" />
      <link:loc xlink:type="locator" xlink:href="http://xbrl.fasb.org/us-gaap/2019/elts/us-gaap-2019-01-31.xsd#us-gaap_AmortizationOfDebtDiscountPremium" xlink:label="loc_us-gaapAmortizationOfDebtDiscountPremium_130" />
      <link:definitionArc xlink:arcrole="http://xbrl.org/int/dim/arcrole/domain-member" xlink:from="loc_us-gaapNonoperatingIncomeExpenseAbstract_130" xlink:to="loc_us-gaapAmortizationOfDebtDiscountPremium_130" xlink:type="arc" order="16" />
      <link:loc xlink:type="locator" xlink:href="http://xbrl.fasb.org/us-gaap/2019/elts/us-gaap-2019-01-31.xsd#us-gaap_InvestmentIncomeInterest" xlink:label="loc_us-gaapInvestmentIncomeInterest_130" />
      <link:definitionArc xlink:arcrole="http://xbrl.org/int/dim/arcrole/domain-member" xlink:from="loc_us-gaapNonoperatingIncomeExpenseAbstract_130" xlink:to="loc_us-gaapInvestmentIncomeInterest_130" xlink:type="arc" order="17" />
      <link:loc xlink:type="locator" xlink:href="http://xbrl.fasb.org/us-gaap/2019/elts/us-gaap-2019-01-31.xsd#us-gaap_InterestExpense" xlink:label="loc_us-gaapInterestExpense_130" />
      <link:definitionArc xlink:arcrole="http://xbrl.org/int/dim/arcrole/domain-member" xlink:from="loc_us-gaapNonoperatingIncomeExpenseAbstract_130" xlink:to="loc_us-gaapInterestExpense_130" xlink:type="arc" order="18" />
      <link:loc xlink:type="locator" xlink:href="http://xbrl.fasb.org/us-gaap/2019/elts/us-gaap-2019-01-31.xsd#us-gaap_NonoperatingIncomeExpense" xlink:label="loc_us-gaapNonoperatingIncomeExpense_130" />
      <link:definitionArc xlink:arcrole="http://xbrl.org/int/dim/arcrole/domain-member" xlink:from="loc_us-gaapNonoperatingIncomeExpenseAbstract_130" xlink:to="loc_us-gaapNonoperatingIncomeExpense_130" xlink:type="arc" order="19" />
      <link:loc xlink:type="locator" xlink:href="http://xbrl.fasb.org/us-gaap/2019/elts/us-gaap-2019-01-31.xsd#us-gaap_NetIncomeLoss" xlink:label="loc_us-gaapNetIncomeLoss_130" />
      <link:definitionArc xlink:arcrole="http://xbrl.org/int/dim/arcrole/domain-member" xlink:from="loc_us-gaapStatementLineItems" xlink:to="loc_us-gaapNetIncomeLoss_130" xlink:type="arc" order="20" />
      <link:loc xlink:type="locator" xlink:href="http://xbrl.fasb.org/us-gaap/2019/elts/us-gaap-2019-01-31.xsd#us-gaap_EarningsPerShareBasicAndDiluted" xlink:label="loc_us-gaapEarningsPerShareBasicAndDiluted_130" />
      <link:definitionArc xlink:arcrole="http://xbrl.org/int/dim/arcrole/domain-member" xlink:from="loc_us-gaapStatementLineItems" xlink:to="loc_us-gaapEarningsPerShareBasicAndDiluted_130" xlink:type="arc" order="21" />
      <link:loc xlink:type="locator" xlink:href="http://xbrl.fasb.org/us-gaap/2019/elts/us-gaap-2019-01-31.xsd#us-gaap_WeightedAverageNumberOfShareOutstandingBasicAndDiluted" xlink:label="loc_us-gaapWeightedAverageNumberOfShareOutstandingBasicAndDiluted_130" />
      <link:definitionArc xlink:arcrole="http://xbrl.org/int/dim/arcrole/domain-member" xlink:from="loc_us-gaapStatementLineItems" xlink:to="loc_us-gaapWeightedAverageNumberOfShareOutstandingBasicAndDiluted_130" xlink:type="arc" order="22" />
      <link:loc xlink:type="locator" xlink:href="http://xbrl.fasb.org/us-gaap/2019/elts/us-gaap-2019-01-31.xsd#us-gaap_OtherComprehensiveIncomeLossNetOfTaxPortionAttributableToParentAbstract" xlink:label="loc_us-gaapOtherComprehensiveIncomeLossNetOfTaxPortionAttributableToParentAbstract_130" />
      <link:definitionArc xlink:arcrole="http://xbrl.org/int/dim/arcrole/domain-member" xlink:from="loc_us-gaapStatementLineItems" xlink:to="loc_us-gaapOtherComprehensiveIncomeLossNetOfTaxPortionAttributableToParentAbstract_130" xlink:type="arc" order="24" />
      <link:loc xlink:type="locator" xlink:href="http://xbrl.fasb.org/us-gaap/2019/elts/us-gaap-2019-01-31.xsd#us-gaap_OtherComprehensiveIncomeForeignCurrencyTransactionAndTranslationAdjustmentNetOfTaxPortionAttributableToParent" xlink:label="loc_us-gaapOtherComprehensiveIncomeForeignCurrencyTransactionAndTranslationAdjustmentNetOfTaxPortionAttributableToParent_130" />
      <link:definitionArc xlink:arcrole="http://xbrl.org/int/dim/arcrole/domain-member" xlink:from="loc_us-gaapOtherComprehensiveIncomeLossNetOfTaxPortionAttributableToParentAbstract_130" xlink:to="loc_us-gaapOtherComprehensiveIncomeForeignCurrencyTransactionAndTranslationAdjustmentNetOfTaxPortionAttributableToParent_130" xlink:type="arc" order="25" />
      <link:loc xlink:type="locator" xlink:href="http://xbrl.fasb.org/us-gaap/2019/elts/us-gaap-2019-01-31.xsd#us-gaap_ComprehensiveIncomeNetOfTax" xlink:label="loc_us-gaapComprehensiveIncomeNetOfTax_130" />
      <link:definitionArc xlink:arcrole="http://xbrl.org/int/dim/arcrole/domain-member" xlink:from="loc_us-gaapOtherComprehensiveIncomeLossNetOfTaxPortionAttributableToParentAbstract_130" xlink:to="loc_us-gaapComprehensiveIncomeNetOfTax_130" xlink:type="arc" order="26" />
    </link:definitionLink>
    <link:definitionLink xlink:type="extended" xlink:role="http://marathonpg.com/role/CondensedStatementsOfStockholdersEquity" xlink:title="00000005 - Statement - Consolidated Condensed Statements of Stockholders' Equity (Unaudited)">
      <link:loc xlink:type="locator" xlink:href="http://xbrl.fasb.org/us-gaap/2019/elts/us-gaap-2019-01-31.xsd#us-gaap_StatementLineItems" xlink:label="loc_us-gaapStatementLineItems" />
      <link:loc xlink:type="locator" xlink:href="http://xbrl.fasb.org/us-gaap/2019/elts/us-gaap-2019-01-31.xsd#us-gaap_StatementTable" xlink:label="loc_us-gaapStatementTable" />
      <link:definitionArc xlink:arcrole="http://xbrl.org/int/dim/arcrole/all" xbrldt:contextElement="segment" xlink:from="loc_us-gaapStatementLineItems" xlink:to="loc_us-gaapStatementTable" xlink:type="arc" order="10" xbrldt:closed="true" />
      <link:loc xlink:type="locator" xlink:href="http://xbrl.fasb.org/us-gaap/2019/elts/us-gaap-2019-01-31.xsd#us-gaap_StatementClassOfStockAxis" xlink:label="loc_us-gaapStatementClassOfStockAxis" />
      <link:definitionArc xlink:arcrole="http://xbrl.org/int/dim/arcrole/hypercube-dimension" xlink:from="loc_us-gaapStatementTable" xlink:to="loc_us-gaapStatementClassOfStockAxis" xlink:type="arc" order="1" />
      <link:loc xlink:type="locator" xlink:href="http://xbrl.fasb.org/us-gaap/2019/elts/us-gaap-2019-01-31.xsd#us-gaap_ClassOfStockDomain" xlink:label="loc_us-gaapClassOfStockDomain" />
      <link:definitionArc xlink:arcrole="http://xbrl.org/int/dim/arcrole/dimension-domain" xlink:from="loc_us-gaapStatementClassOfStockAxis" xlink:to="loc_us-gaapClassOfStockDomain" xlink:type="arc" order="20" />
      <link:loc xlink:type="locator" xlink:href="http://xbrl.fasb.org/us-gaap/2019/elts/us-gaap-2019-01-31.xsd#us-gaap_ClassOfStockDomain" xlink:label="loc_us-gaapClassOfStockDomain_10" />
      <link:definitionArc xlink:arcrole="http://xbrl.org/int/dim/arcrole/dimension-default" xbrldt:contextElement="segment" xlink:from="loc_us-gaapStatementClassOfStockAxis" xlink:to="loc_us-gaapClassOfStockDomain_10" xlink:type="arc" order="30" />
      <link:loc xlink:type="locator" xlink:href="http://xbrl.fasb.org/us-gaap/2019/elts/us-gaap-2019-01-31.xsd#us-gaap_StatementEquityComponentsAxis" xlink:label="loc_us-gaapStatementEquityComponentsAxis" />
      <link:definitionArc xlink:arcrole="http://xbrl.org/int/dim/arcrole/hypercube-dimension" xlink:from="loc_us-gaapStatementTable" xlink:to="loc_us-gaapStatementEquityComponentsAxis" xlink:type="arc" order="2" />
      <link:loc xlink:type="locator" xlink:href="http://xbrl.fasb.org/us-gaap/2019/elts/us-gaap-2019-01-31.xsd#us-gaap_EquityComponentDomain" xlink:label="loc_us-gaapEquityComponentDomain" />
      <link:definitionArc xlink:arcrole="http://xbrl.org/int/dim/arcrole/dimension-domain" xlink:from="loc_us-gaapStatementEquityComponentsAxis" xlink:to="loc_us-gaapEquityComponentDomain" xlink:type="arc" order="20" />
      <link:loc xlink:type="locator" xlink:href="http://xbrl.fasb.org/us-gaap/2019/elts/us-gaap-2019-01-31.xsd#us-gaap_EquityComponentDomain" xlink:label="loc_us-gaapEquityComponentDomain_10" />
      <link:definitionArc xlink:arcrole="http://xbrl.org/int/dim/arcrole/dimension-default" xbrldt:contextElement="segment" xlink:from="loc_us-gaapStatementEquityComponentsAxis" xlink:to="loc_us-gaapEquityComponentDomain_10" xlink:type="arc" order="30" />
      <link:loc xlink:type="locator" xlink:href="http://xbrl.fasb.org/us-gaap/2019/elts/us-gaap-2019-01-31.xsd#us-gaap_PreferredStockMember" xlink:label="loc_us-gaapPreferredStockMember_0" />
      <link:definitionArc xlink:arcrole="http://xbrl.org/int/dim/arcrole/domain-member" xlink:from="loc_us-gaapEquityComponentDomain" xlink:to="loc_us-gaapPreferredStockMember_0" xlink:type="arc" order="1" />
      <link:loc xlink:type="locator" xlink:href="http://xbrl.fasb.org/us-gaap/2019/elts/us-gaap-2019-01-31.xsd#us-gaap_CommonStockMember" xlink:label="loc_us-gaapCommonStockMember_10" />
      <link:definitionArc xlink:arcrole="http://xbrl.org/int/dim/arcrole/domain-member" xlink:from="loc_us-gaapEquityComponentDomain" xlink:to="loc_us-gaapCommonStockMember_10" xlink:type="arc" order="11" />
      <link:loc xlink:type="locator" xlink:href="http://xbrl.fasb.org/us-gaap/2019/elts/us-gaap-2019-01-31.xsd#us-gaap_AdditionalPaidInCapitalMember" xlink:label="loc_us-gaapAdditionalPaidInCapitalMember_20" />
      <link:definitionArc xlink:arcrole="http://xbrl.org/int/dim/arcrole/domain-member" xlink:from="loc_us-gaapEquityComponentDomain" xlink:to="loc_us-gaapAdditionalPaidInCapitalMember_20" xlink:type="arc" order="21" />
      <link:loc xlink:type="locator" xlink:href="http://xbrl.fasb.org/us-gaap/2019/elts/us-gaap-2019-01-31.xsd#us-gaap_RetainedEarningsMember" xlink:label="loc_us-gaapRetainedEarningsMember_30" />
      <link:definitionArc xlink:arcrole="http://xbrl.org/int/dim/arcrole/domain-member" xlink:from="loc_us-gaapEquityComponentDomain" xlink:to="loc_us-gaapRetainedEarningsMember_30" xlink:type="arc" order="31" />
      <link:loc xlink:type="locator" xlink:href="http://xbrl.fasb.org/us-gaap/2019/elts/us-gaap-2019-01-31.xsd#us-gaap_AccumulatedOtherComprehensiveIncomeMember" xlink:label="loc_us-gaapAccumulatedOtherComprehensiveIncomeMember_40" />
      <link:definitionArc xlink:arcrole="http://xbrl.org/int/dim/arcrole/domain-member" xlink:from="loc_us-gaapEquityComponentDomain" xlink:to="loc_us-gaapAccumulatedOtherComprehensiveIncomeMember_40" xlink:type="arc" order="41" />
      <link:loc xlink:type="locator" xlink:href="http://xbrl.fasb.org/us-gaap/2019/elts/us-gaap-2019-01-31.xsd#us-gaap_StockholdersEquity" xlink:label="loc_us-gaapStockholdersEquity_70" />
      <link:definitionArc xlink:arcrole="http://xbrl.org/int/dim/arcrole/domain-member" xlink:from="loc_us-gaapStatementLineItems" xlink:to="loc_us-gaapStockholdersEquity_70" xlink:type="arc" order="2" />
      <link:loc xlink:type="locator" xlink:href="http://xbrl.fasb.org/us-gaap/2019/elts/us-gaap-2019-01-31.xsd#us-gaap_SharesOutstanding" xlink:label="loc_us-gaapSharesOutstanding_70" />
      <link:definitionArc xlink:arcrole="http://xbrl.org/int/dim/arcrole/domain-member" xlink:from="loc_us-gaapStatementLineItems" xlink:to="loc_us-gaapSharesOutstanding_70" xlink:type="arc" order="3" />
      <link:loc xlink:type="locator" xlink:href="http://xbrl.fasb.org/us-gaap/2019/elts/us-gaap-2019-01-31.xsd#us-gaap_StockIssuedDuringPeriodValueShareBasedCompensation" xlink:label="loc_us-gaapStockIssuedDuringPeriodValueShareBasedCompensation_70" />
      <link:definitionArc xlink:arcrole="http://xbrl.org/int/dim/arcrole/domain-member" xlink:from="loc_us-gaapStatementLineItems" xlink:to="loc_us-gaapStockIssuedDuringPeriodValueShareBasedCompensation_70" xlink:type="arc" order="4" />
      <link:loc xlink:type="locator" xlink:href="http://xbrl.fasb.org/us-gaap/2019/elts/us-gaap-2019-01-31.xsd#us-gaap_StockIssuedDuringPeriodSharesShareBasedCompensation" xlink:label="loc_us-gaapStockIssuedDuringPeriodSharesShareBasedCompensation_70" />
      <link:definitionArc xlink:arcrole="http://xbrl.org/int/dim/arcrole/domain-member" xlink:from="loc_us-gaapStatementLineItems" xlink:to="loc_us-gaapStockIssuedDuringPeriodSharesShareBasedCompensation_70" xlink:type="arc" order="5" />
      <link:loc xlink:type="locator" xlink:href="mara-20190630.xsd#MARA_ConversionOfStockAmountConvertedThree" xlink:label="loc_MARAConversionOfStockAmountConvertedThree_70" />
      <link:definitionArc xlink:arcrole="http://xbrl.org/int/dim/arcrole/domain-member" xlink:from="loc_us-gaapStatementLineItems" xlink:to="loc_MARAConversionOfStockAmountConvertedThree_70" xlink:type="arc" order="6" />
      <link:loc xlink:type="locator" xlink:href="mara-20190630.xsd#MARA_ConversionOfStockSharesConvertedThree" xlink:label="loc_MARAConversionOfStockSharesConvertedThree_70" />
      <link:definitionArc xlink:arcrole="http://xbrl.org/int/dim/arcrole/domain-member" xlink:from="loc_us-gaapStatementLineItems" xlink:to="loc_MARAConversionOfStockSharesConvertedThree_70" xlink:type="arc" order="7" />
      <link:loc xlink:type="locator" xlink:href="http://xbrl.fasb.org/us-gaap/2019/elts/us-gaap-2019-01-31.xsd#us-gaap_StockIssuedDuringPeriodValueAcquisitions" xlink:label="loc_us-gaapStockIssuedDuringPeriodValueAcquisitions_70" />
      <link:definitionArc xlink:arcrole="http://xbrl.org/int/dim/arcrole/domain-member" xlink:from="loc_us-gaapStatementLineItems" xlink:to="loc_us-gaapStockIssuedDuringPeriodValueAcquisitions_70" xlink:type="arc" order="8" />
      <link:loc xlink:type="locator" xlink:href="http://xbrl.fasb.org/us-gaap/2019/elts/us-gaap-2019-01-31.xsd#us-gaap_StockIssuedDuringPeriodSharesAcquisitions" xlink:label="loc_us-gaapStockIssuedDuringPeriodSharesAcquisitions_70" />
      <link:definitionArc xlink:arcrole="http://xbrl.org/int/dim/arcrole/domain-member" xlink:from="loc_us-gaapStatementLineItems" xlink:to="loc_us-gaapStockIssuedDuringPeriodSharesAcquisitions_70" xlink:type="arc" order="9" />
      <link:loc xlink:type="locator" xlink:href="mara-20190630.xsd#MARA_IssueCommonStockForConversionOfWarrants" xlink:label="loc_MARAIssueCommonStockForConversionOfWarrants_70" />
      <link:definitionArc xlink:arcrole="http://xbrl.org/int/dim/arcrole/domain-member" xlink:from="loc_us-gaapStatementLineItems" xlink:to="loc_MARAIssueCommonStockForConversionOfWarrants_70" xlink:type="arc" order="10" />
      <link:loc xlink:type="locator" xlink:href="mara-20190630.xsd#MARA_IssueCommonStockForConversionOfWarrantsShares" xlink:label="loc_MARAIssueCommonStockForConversionOfWarrantsShares_70" />
      <link:definitionArc xlink:arcrole="http://xbrl.org/int/dim/arcrole/domain-member" xlink:from="loc_us-gaapStatementLineItems" xlink:to="loc_MARAIssueCommonStockForConversionOfWarrantsShares_70" xlink:type="arc" order="11" />
      <link:loc xlink:type="locator" xlink:href="http://xbrl.fasb.org/us-gaap/2019/elts/us-gaap-2019-01-31.xsd#us-gaap_StockIssuedDuringPeriodValueConversionOfConvertibleSecurities" xlink:label="loc_us-gaapStockIssuedDuringPeriodValueConversionOfConvertibleSecurities_70" />
      <link:definitionArc xlink:arcrole="http://xbrl.org/int/dim/arcrole/domain-member" xlink:from="loc_us-gaapStatementLineItems" xlink:to="loc_us-gaapStockIssuedDuringPeriodValueConversionOfConvertibleSecurities_70" xlink:type="arc" order="12" />
      <link:loc xlink:type="locator" xlink:href="http://xbrl.fasb.org/us-gaap/2019/elts/us-gaap-2019-01-31.xsd#us-gaap_StockIssuedDuringPeriodSharesConversionOfConvertibleSecurities" xlink:label="loc_us-gaapStockIssuedDuringPeriodSharesConversionOfConvertibleSecurities_70" />
      <link:definitionArc xlink:arcrole="http://xbrl.org/int/dim/arcrole/domain-member" xlink:from="loc_us-gaapStatementLineItems" xlink:to="loc_us-gaapStockIssuedDuringPeriodSharesConversionOfConvertibleSecurities_70" xlink:type="arc" order="13" />
      <link:loc xlink:type="locator" xlink:href="mara-20190630.xsd#MARA_StockIssuedDuringValueIssuedToRelatedPartyForBreakFee" xlink:label="loc_MARAStockIssuedDuringValueIssuedToRelatedPartyForBreakFee_70" />
      <link:definitionArc xlink:arcrole="http://xbrl.org/int/dim/arcrole/domain-member" xlink:from="loc_us-gaapStatementLineItems" xlink:to="loc_MARAStockIssuedDuringValueIssuedToRelatedPartyForBreakFee_70" xlink:type="arc" order="14" />
      <link:loc xlink:type="locator" xlink:href="mara-20190630.xsd#MARA_StockIssuedDuringSharesIssuedToRelatedPartyForBreakFee" xlink:label="loc_MARAStockIssuedDuringSharesIssuedToRelatedPartyForBreakFee_70" />
      <link:definitionArc xlink:arcrole="http://xbrl.org/int/dim/arcrole/domain-member" xlink:from="loc_us-gaapStatementLineItems" xlink:to="loc_MARAStockIssuedDuringSharesIssuedToRelatedPartyForBreakFee_70" xlink:type="arc" order="15" />
      <link:loc xlink:type="locator" xlink:href="http://xbrl.fasb.org/us-gaap/2019/elts/us-gaap-2019-01-31.xsd#us-gaap_OtherComprehensiveIncomeLossForeignCurrencyTransactionAndTranslationAdjustmentBeforeTax" xlink:label="loc_us-gaapOtherComprehensiveIncomeLossForeignCurrencyTransactionAndTranslationAdjustmentBeforeTax_70" />
      <link:definitionArc xlink:arcrole="http://xbrl.org/int/dim/arcrole/domain-member" xlink:from="loc_us-gaapStatementLineItems" xlink:to="loc_us-gaapOtherComprehensiveIncomeLossForeignCurrencyTransactionAndTranslationAdjustmentBeforeTax_70" xlink:type="arc" order="16" />
      <link:loc xlink:type="locator" xlink:href="http://xbrl.fasb.org/us-gaap/2019/elts/us-gaap-2019-01-31.xsd#us-gaap_AdjustmentsToAdditionalPaidInCapitalStockSplit" xlink:label="loc_us-gaapAdjustmentsToAdditionalPaidInCapitalStockSplit_70" />
      <link:definitionArc xlink:arcrole="http://xbrl.org/int/dim/arcrole/domain-member" xlink:from="loc_us-gaapStatementLineItems" xlink:to="loc_us-gaapAdjustmentsToAdditionalPaidInCapitalStockSplit_70" xlink:type="arc" order="17" />
      <link:loc xlink:type="locator" xlink:href="http://xbrl.fasb.org/us-gaap/2019/elts/us-gaap-2019-01-31.xsd#us-gaap_StockIssuedDuringPeriodSharesReverseStockSplits" xlink:label="loc_us-gaapStockIssuedDuringPeriodSharesReverseStockSplits_70" />
      <link:definitionArc xlink:arcrole="http://xbrl.org/int/dim/arcrole/domain-member" xlink:from="loc_us-gaapStatementLineItems" xlink:to="loc_us-gaapStockIssuedDuringPeriodSharesReverseStockSplits_70" xlink:type="arc" order="18" />
      <link:loc xlink:type="locator" xlink:href="http://xbrl.fasb.org/us-gaap/2019/elts/us-gaap-2019-01-31.xsd#us-gaap_NetIncomeLoss" xlink:label="loc_us-gaapNetIncomeLoss_70" />
      <link:definitionArc xlink:arcrole="http://xbrl.org/int/dim/arcrole/domain-member" xlink:from="loc_us-gaapStatementLineItems" xlink:to="loc_us-gaapNetIncomeLoss_70" xlink:type="arc" order="19" />
    </link:definitionLink>
    <link:definitionLink xlink:type="extended" xlink:role="http://marathonpg.com/role/CondensedStatementsOfCashFlows" xlink:title="00000006 - Statement - Consolidated Condensed Statements of Cash Flows (Unaudited)" />
    <link:definitionLink xlink:type="extended" xlink:role="http://marathonpg.com/role/OrganizationAndDescriptionOfBusiness" xlink:title="00000007 - Disclosure - Organization and Description of Business" />
    <link:definitionLink xlink:type="extended" xlink:role="http://marathonpg.com/role/SummaryOfSignificantAccountingPolicies" xlink:title="00000008 - Disclosure - Summary of Significant Accounting Policies" />
    <link:definitionLink xlink:type="extended" xlink:role="http://marathonpg.com/role/DigitalAssetMining" xlink:title="00000009 - Disclosure - Digital Asset Mining" />
    <link:definitionLink xlink:type="extended" xlink:role="http://marathonpg.com/role/StockholdersEquity" xlink:title="00000010 - Disclosure - Stockholders' Equity" />
    <link:definitionLink xlink:type="extended" xlink:role="http://marathonpg.com/role/DebtCommitmentsAndContingencies" xlink:title="00000011 - Disclosure - Debt, Commitments and Contingencies" />
    <link:definitionLink xlink:type="extended" xlink:role="http://marathonpg.com/role/SubsequentEvents" xlink:title="00000012 - Disclosure - Subsequent Events" />
    <link:definitionLink xlink:type="extended" xlink:role="http://marathonpg.com/role/SummaryOfSignificantAccountingPoliciesPolicies" xlink:title="00000013 - Disclosure - Summary of Significant Accounting Policies (Policies)" />
    <link:definitionLink xlink:type="extended" xlink:role="http://marathonpg.com/role/DisclosureSummaryOfSignificantAccountingPoliciesTables" xlink:title="00000014 - Disclosure - Summary of Significant Accounting Policies (Tables)" />
    <link:definitionLink xlink:type="extended" xlink:role="http://marathonpg.com/role/DigitalAssetMiningTables" xlink:title="00000015 - Disclosure - Digital Asset Mining (Tables)" />
    <link:definitionLink xlink:type="extended" xlink:role="http://marathonpg.com/role/StockholdersEquityTables" xlink:title="00000016 - Disclosure - Stockholders' Equity (Tables)" />
    <link:definitionLink xlink:type="extended" xlink:role="http://marathonpg.com/role/DebtCommitmentsAndContingenciesTables" xlink:title="00000017 - Disclosure - Debt, Commitments and Contingencies (Tables)" />
    <link:definitionLink xlink:type="extended" xlink:role="http://marathonpg.com/role/OrganizationAndDescriptionOfBusinessDetailsNarrative" xlink:title="00000018 - Disclosure - Organization and Description of Business (Details Narrative)" />
    <link:definitionLink xlink:type="extended" xlink:role="http://marathonpg.com/role/SummaryOfSignificantAccountingPoliciesDetailsNarrative" xlink:title="00000019 - Disclosure - Summary of Significant Accounting Policies (Details Narrative)" />
    <link:definitionLink xlink:type="extended" xlink:role="http://marathonpg.com/role/SummaryOfSignificantAccountingPolicies-ScheduleOfChangeInFairValueOfAssetsMeasuredLevel1Details" xlink:title="00000020 - Disclosure - Summary of Significant Accounting Policies -  Schedule of Change in Fair Value of Assets Measured Level 1 (Details)" />
    <link:definitionLink xlink:type="extended" xlink:role="http://marathonpg.com/role/SummaryOfSignificantAccountingPolicies-ScheduleOfAssetsAndLiabilitiesMeasuredAtFairValueOnRecurringBasisDetails" xlink:title="00000021 - Disclosure - Summary of Significant Accounting Policies - Schedule of Assets and Liabilities Measured at Fair Value on Recurring Basis (Details)">
      <link:loc xlink:type="locator" xlink:href="http://xbrl.fasb.org/us-gaap/2019/elts/us-gaap-2019-01-31.xsd#us-gaap_StatementLineItems" xlink:label="loc_us-gaapStatementLineItems" />
      <link:loc xlink:type="locator" xlink:href="http://xbrl.fasb.org/us-gaap/2019/elts/us-gaap-2019-01-31.xsd#us-gaap_StatementTable" xlink:label="loc_us-gaapStatementTable" />
      <link:definitionArc xlink:arcrole="http://xbrl.org/int/dim/arcrole/all" xbrldt:contextElement="segment" xlink:from="loc_us-gaapStatementLineItems" xlink:to="loc_us-gaapStatementTable" xlink:type="arc" order="10" xbrldt:closed="true" />
      <link:loc xlink:type="locator" xlink:href="http://xbrl.fasb.org/us-gaap/2019/elts/us-gaap-2019-01-31.xsd#us-gaap_FairValueByFairValueHierarchyLevelAxis" xlink:label="loc_us-gaapFairValueByFairValueHierarchyLevelAxis" />
      <link:definitionArc xlink:arcrole="http://xbrl.org/int/dim/arcrole/hypercube-dimension" xlink:from="loc_us-gaapStatementTable" xlink:to="loc_us-gaapFairValueByFairValueHierarchyLevelAxis" xlink:type="arc" order="1" />
      <link:loc xlink:type="locator" xlink:href="http://xbrl.fasb.org/us-gaap/2019/elts/us-gaap-2019-01-31.xsd#us-gaap_FairValueMeasurementsFairValueHierarchyDomain" xlink:label="loc_us-gaapFairValueMeasurementsFairValueHierarchyDomain" />
      <link:definitionArc xlink:arcrole="http://xbrl.org/int/dim/arcrole/dimension-domain" xlink:from="loc_us-gaapFairValueByFairValueHierarchyLevelAxis" xlink:to="loc_us-gaapFairValueMeasurementsFairValueHierarchyDomain" xlink:type="arc" order="20" />
      <link:loc xlink:type="locator" xlink:href="http://xbrl.fasb.org/us-gaap/2019/elts/us-gaap-2019-01-31.xsd#us-gaap_FairValueMeasurementsFairValueHierarchyDomain" xlink:label="loc_us-gaapFairValueMeasurementsFairValueHierarchyDomain_10" />
      <link:definitionArc xlink:arcrole="http://xbrl.org/int/dim/arcrole/dimension-default" xbrldt:contextElement="segment" xlink:from="loc_us-gaapFairValueByFairValueHierarchyLevelAxis" xlink:to="loc_us-gaapFairValueMeasurementsFairValueHierarchyDomain_10" xlink:type="arc" order="30" />
      <link:loc xlink:type="locator" xlink:href="http://xbrl.fasb.org/us-gaap/2019/elts/us-gaap-2019-01-31.xsd#us-gaap_FairValueInputsLevel1Member" xlink:label="loc_us-gaapFairValueInputsLevel1Member_10" />
      <link:definitionArc xlink:arcrole="http://xbrl.org/int/dim/arcrole/domain-member" xlink:from="loc_us-gaapFairValueMeasurementsFairValueHierarchyDomain" xlink:to="loc_us-gaapFairValueInputsLevel1Member_10" xlink:type="arc" order="11" />
      <link:loc xlink:type="locator" xlink:href="http://xbrl.fasb.org/us-gaap/2019/elts/us-gaap-2019-01-31.xsd#us-gaap_FairValueInputsLevel2Member" xlink:label="loc_us-gaapFairValueInputsLevel2Member_20" />
      <link:definitionArc xlink:arcrole="http://xbrl.org/int/dim/arcrole/domain-member" xlink:from="loc_us-gaapFairValueMeasurementsFairValueHierarchyDomain" xlink:to="loc_us-gaapFairValueInputsLevel2Member_20" xlink:type="arc" order="21" />
      <link:loc xlink:type="locator" xlink:href="http://xbrl.fasb.org/us-gaap/2019/elts/us-gaap-2019-01-31.xsd#us-gaap_FairValueInputsLevel3Member" xlink:label="loc_us-gaapFairValueInputsLevel3Member_30" />
      <link:definitionArc xlink:arcrole="http://xbrl.org/int/dim/arcrole/domain-member" xlink:from="loc_us-gaapFairValueMeasurementsFairValueHierarchyDomain" xlink:to="loc_us-gaapFairValueInputsLevel3Member_30" xlink:type="arc" order="31" />
      <link:loc xlink:type="locator" xlink:href="http://xbrl.fasb.org/us-gaap/2019/elts/us-gaap-2019-01-31.xsd#us-gaap_WarrantsAndRightsOutstanding" xlink:label="loc_us-gaapWarrantsAndRightsOutstanding_90" />
      <link:definitionArc xlink:arcrole="http://xbrl.org/int/dim/arcrole/domain-member" xlink:from="loc_us-gaapStatementLineItems" xlink:to="loc_us-gaapWarrantsAndRightsOutstanding_90" xlink:type="arc" order="1" />
    </link:definitionLink>
    <link:definitionLink xlink:type="extended" xlink:role="http://marathonpg.com/role/SummaryOfSignificantAccountingPolicies-ScheduleOfFairValueOfWarrantLiabilitiesDetails" xlink:title="00000022 - Disclosure - Summary of Significant Accounting Policies - Schedule of Fair Value of Warrant Liabilities (Details)" />
    <link:definitionLink xlink:type="extended" xlink:role="http://marathonpg.com/role/SummaryOfSignificantAccountingPolicies-ScheduleOfAntidilutiveSecuritiesExcludedFromComputationOfEarningsPerShareDetails" xlink:title="00000023 - Disclosure - Summary of Significant Accounting Policies -  Schedule of Antidilutive Securities Excluded from Computation of Earnings Per Share (Details)">
      <link:loc xlink:type="locator" xlink:href="http://xbrl.fasb.org/us-gaap/2019/elts/us-gaap-2019-01-31.xsd#us-gaap_AntidilutiveSecuritiesExcludedFromComputationOfEarningsPerShareLineItems" xlink:label="loc_us-gaapAntidilutiveSecuritiesExcludedFromComputationOfEarningsPerShareLineItems" />
      <link:loc xlink:type="locator" xlink:href="http://xbrl.fasb.org/us-gaap/2019/elts/us-gaap-2019-01-31.xsd#us-gaap_ScheduleOfAntidilutiveSecuritiesExcludedFromComputationOfEarningsPerShareTable" xlink:label="loc_us-gaapScheduleOfAntidilutiveSecuritiesExcludedFromComputationOfEarningsPerShareTable" />
      <link:definitionArc xlink:arcrole="http://xbrl.org/int/dim/arcrole/all" xbrldt:contextElement="segment" xlink:from="loc_us-gaapAntidilutiveSecuritiesExcludedFromComputationOfEarningsPerShareLineItems" xlink:to="loc_us-gaapScheduleOfAntidilutiveSecuritiesExcludedFromComputationOfEarningsPerShareTable" xlink:type="arc" order="10" xbrldt:closed="true" />
      <link:loc xlink:type="locator" xlink:href="http://xbrl.fasb.org/us-gaap/2019/elts/us-gaap-2019-01-31.xsd#us-gaap_AntidilutiveSecuritiesExcludedFromComputationOfEarningsPerShareByAntidilutiveSecuritiesAxis" xlink:label="loc_us-gaapAntidilutiveSecuritiesExcludedFromComputationOfEarningsPerShareByAntidilutiveSecuritiesAxis" />
      <link:definitionArc xlink:arcrole="http://xbrl.org/int/dim/arcrole/hypercube-dimension" xlink:from="loc_us-gaapScheduleOfAntidilutiveSecuritiesExcludedFromComputationOfEarningsPerShareTable" xlink:to="loc_us-gaapAntidilutiveSecuritiesExcludedFromComputationOfEarningsPerShareByAntidilutiveSecuritiesAxis" xlink:type="arc" order="1" />
      <link:loc xlink:type="locator" xlink:href="http://xbrl.fasb.org/us-gaap/2019/elts/us-gaap-2019-01-31.xsd#us-gaap_AntidilutiveSecuritiesNameDomain" xlink:label="loc_us-gaapAntidilutiveSecuritiesNameDomain" />
      <link:definitionArc xlink:arcrole="http://xbrl.org/int/dim/arcrole/dimension-domain" xlink:from="loc_us-gaapAntidilutiveSecuritiesExcludedFromComputationOfEarningsPerShareByAntidilutiveSecuritiesAxis" xlink:to="loc_us-gaapAntidilutiveSecuritiesNameDomain" xlink:type="arc" order="20" />
      <link:loc xlink:type="locator" xlink:href="http://xbrl.fasb.org/us-gaap/2019/elts/us-gaap-2019-01-31.xsd#us-gaap_AntidilutiveSecuritiesNameDomain" xlink:label="loc_us-gaapAntidilutiveSecuritiesNameDomain_10" />
      <link:definitionArc xlink:arcrole="http://xbrl.org/int/dim/arcrole/dimension-default" xbrldt:contextElement="segment" xlink:from="loc_us-gaapAntidilutiveSecuritiesExcludedFromComputationOfEarningsPerShareByAntidilutiveSecuritiesAxis" xlink:to="loc_us-gaapAntidilutiveSecuritiesNameDomain_10" xlink:type="arc" order="30" />
      <link:loc xlink:type="locator" xlink:href="mara-20190630.xsd#MARA_WarrantsToPurchaseCommonStockMember" xlink:label="loc_MARAWarrantsToPurchaseCommonStockMember_0" />
      <link:definitionArc xlink:arcrole="http://xbrl.org/int/dim/arcrole/domain-member" xlink:from="loc_us-gaapAntidilutiveSecuritiesNameDomain" xlink:to="loc_MARAWarrantsToPurchaseCommonStockMember_0" xlink:type="arc" order="1" />
      <link:loc xlink:type="locator" xlink:href="mara-20190630.xsd#MARA_OptionsToPurchaseCommonStockMember" xlink:label="loc_MARAOptionsToPurchaseCommonStockMember_10" />
      <link:definitionArc xlink:arcrole="http://xbrl.org/int/dim/arcrole/domain-member" xlink:from="loc_us-gaapAntidilutiveSecuritiesNameDomain" xlink:to="loc_MARAOptionsToPurchaseCommonStockMember_10" xlink:type="arc" order="11" />
      <link:loc xlink:type="locator" xlink:href="mara-20190630.xsd#MARA_PreferredStockToExchangeCommonStockMember" xlink:label="loc_MARAPreferredStockToExchangeCommonStockMember_20" />
      <link:definitionArc xlink:arcrole="http://xbrl.org/int/dim/arcrole/domain-member" xlink:from="loc_us-gaapAntidilutiveSecuritiesNameDomain" xlink:to="loc_MARAPreferredStockToExchangeCommonStockMember_20" xlink:type="arc" order="21" />
      <link:loc xlink:type="locator" xlink:href="mara-20190630.xsd#MARA_ConvertibleNotesToExchangeCommonStockMember" xlink:label="loc_MARAConvertibleNotesToExchangeCommonStockMember_30" />
      <link:definitionArc xlink:arcrole="http://xbrl.org/int/dim/arcrole/domain-member" xlink:from="loc_us-gaapAntidilutiveSecuritiesNameDomain" xlink:to="loc_MARAConvertibleNotesToExchangeCommonStockMember_30" xlink:type="arc" order="31" />
      <link:loc xlink:type="locator" xlink:href="http://xbrl.fasb.org/us-gaap/2019/elts/us-gaap-2019-01-31.xsd#us-gaap_AntidilutiveSecuritiesExcludedFromComputationOfEarningsPerShareAmount" xlink:label="loc_us-gaapAntidilutiveSecuritiesExcludedFromComputationOfEarningsPerShareAmount_110" />
      <link:definitionArc xlink:arcrole="http://xbrl.org/int/dim/arcrole/domain-member" xlink:from="loc_us-gaapAntidilutiveSecuritiesExcludedFromComputationOfEarningsPerShareLineItems" xlink:to="loc_us-gaapAntidilutiveSecuritiesExcludedFromComputationOfEarningsPerShareAmount_110" xlink:type="arc" order="1" />
    </link:definitionLink>
    <link:definitionLink xlink:type="extended" xlink:role="http://marathonpg.com/role/SummaryOfSignificantAccountingPolicies-ScheduleOfComputationOfBasicAndDilutedLossPerShareDetails" xlink:title="00000024 - Disclosure - Summary of Significant Accounting Policies - Schedule of Computation of Basic and Diluted Loss Per Share (Details)" />
    <link:definitionLink xlink:type="extended" xlink:role="http://marathonpg.com/role/DigitalAssetMiningDetailsNarrative" xlink:title="00000025 - Disclosure - Digital Asset Mining (Details Narrative)" />
    <link:definitionLink xlink:type="extended" xlink:role="http://marathonpg.com/role/DigitalAssetMining-ComponentsOfPropertyEquipmentAndIntangibleAssetsDetails" xlink:title="00000026 - Disclosure - Digital Asset Mining - Components of Property, Equipment and Intangible Assets (Details)">
      <link:loc xlink:type="locator" xlink:href="http://xbrl.fasb.org/us-gaap/2019/elts/us-gaap-2019-01-31.xsd#us-gaap_StatementLineItems" xlink:label="loc_us-gaapStatementLineItems" />
      <link:loc xlink:type="locator" xlink:href="http://xbrl.fasb.org/us-gaap/2019/elts/us-gaap-2019-01-31.xsd#us-gaap_StatementTable" xlink:label="loc_us-gaapStatementTable" />
      <link:definitionArc xlink:arcrole="http://xbrl.org/int/dim/arcrole/all" xbrldt:contextElement="segment" xlink:from="loc_us-gaapStatementLineItems" xlink:to="loc_us-gaapStatementTable" xlink:type="arc" order="10" xbrldt:closed="true" />
      <link:loc xlink:type="locator" xlink:href="http://xbrl.fasb.org/us-gaap/2019/elts/us-gaap-2019-01-31.xsd#us-gaap_PropertyPlantAndEquipmentByTypeAxis" xlink:label="loc_us-gaapPropertyPlantAndEquipmentByTypeAxis" />
      <link:definitionArc xlink:arcrole="http://xbrl.org/int/dim/arcrole/hypercube-dimension" xlink:from="loc_us-gaapStatementTable" xlink:to="loc_us-gaapPropertyPlantAndEquipmentByTypeAxis" xlink:type="arc" order="1" />
      <link:loc xlink:type="locator" xlink:href="http://xbrl.fasb.org/us-gaap/2019/elts/us-gaap-2019-01-31.xsd#us-gaap_PropertyPlantAndEquipmentTypeDomain" xlink:label="loc_us-gaapPropertyPlantAndEquipmentTypeDomain" />
      <link:definitionArc xlink:arcrole="http://xbrl.org/int/dim/arcrole/dimension-domain" xlink:from="loc_us-gaapPropertyPlantAndEquipmentByTypeAxis" xlink:to="loc_us-gaapPropertyPlantAndEquipmentTypeDomain" xlink:type="arc" order="20" />
      <link:loc xlink:type="locator" xlink:href="http://xbrl.fasb.org/us-gaap/2019/elts/us-gaap-2019-01-31.xsd#us-gaap_PropertyPlantAndEquipmentTypeDomain" xlink:label="loc_us-gaapPropertyPlantAndEquipmentTypeDomain_10" />
      <link:definitionArc xlink:arcrole="http://xbrl.org/int/dim/arcrole/dimension-default" xbrldt:contextElement="segment" xlink:from="loc_us-gaapPropertyPlantAndEquipmentByTypeAxis" xlink:to="loc_us-gaapPropertyPlantAndEquipmentTypeDomain_10" xlink:type="arc" order="30" />
      <link:loc xlink:type="locator" xlink:href="mara-20190630.xsd#MARA_WebsiteMember" xlink:label="loc_MARAWebsiteMember_0" />
      <link:definitionArc xlink:arcrole="http://xbrl.org/int/dim/arcrole/domain-member" xlink:from="loc_us-gaapPropertyPlantAndEquipmentTypeDomain" xlink:to="loc_MARAWebsiteMember_0" xlink:type="arc" order="1" />
      <link:loc xlink:type="locator" xlink:href="mara-20190630.xsd#MARA_MiningEquipmentMember" xlink:label="loc_MARAMiningEquipmentMember_10" />
      <link:definitionArc xlink:arcrole="http://xbrl.org/int/dim/arcrole/domain-member" xlink:from="loc_us-gaapPropertyPlantAndEquipmentTypeDomain" xlink:to="loc_MARAMiningEquipmentMember_10" xlink:type="arc" order="11" />
      <link:loc xlink:type="locator" xlink:href="mara-20190630.xsd#MARA_MiningPatentMember" xlink:label="loc_MARAMiningPatentMember_20" />
      <link:definitionArc xlink:arcrole="http://xbrl.org/int/dim/arcrole/domain-member" xlink:from="loc_us-gaapPropertyPlantAndEquipmentTypeDomain" xlink:to="loc_MARAMiningPatentMember_20" xlink:type="arc" order="21" />
      <link:loc xlink:type="locator" xlink:href="mara-20190630.xsd#MARA_PropertyEquipmentAndIntangibleAssetsUsefulLife" xlink:label="loc_MARAPropertyEquipmentAndIntangibleAssetsUsefulLife_120" />
      <link:definitionArc xlink:arcrole="http://xbrl.org/int/dim/arcrole/domain-member" xlink:from="loc_us-gaapStatementLineItems" xlink:to="loc_MARAPropertyEquipmentAndIntangibleAssetsUsefulLife_120" xlink:type="arc" order="1" />
      <link:loc xlink:type="locator" xlink:href="mara-20190630.xsd#MARA_PropertyEquipmentAndIntangibleAssetsGross" xlink:label="loc_MARAPropertyEquipmentAndIntangibleAssetsGross_120" />
      <link:definitionArc xlink:arcrole="http://xbrl.org/int/dim/arcrole/domain-member" xlink:from="loc_us-gaapStatementLineItems" xlink:to="loc_MARAPropertyEquipmentAndIntangibleAssetsGross_120" xlink:type="arc" order="2" />
      <link:loc xlink:type="locator" xlink:href="mara-20190630.xsd#MARA_AccumulatedDepreciationDepletionAndAmortizationPropertyEquipmentAndIntangibleAssets" xlink:label="loc_MARAAccumulatedDepreciationDepletionAndAmortizationPropertyEquipmentAndIntangibleAssets_120" />
      <link:definitionArc xlink:arcrole="http://xbrl.org/int/dim/arcrole/domain-member" xlink:from="loc_us-gaapStatementLineItems" xlink:to="loc_MARAAccumulatedDepreciationDepletionAndAmortizationPropertyEquipmentAndIntangibleAssets_120" xlink:type="arc" order="3" />
      <link:loc xlink:type="locator" xlink:href="mara-20190630.xsd#MARA_PropertyEquipmentAndIntangibleAssetsNet" xlink:label="loc_MARAPropertyEquipmentAndIntangibleAssetsNet_120" />
      <link:definitionArc xlink:arcrole="http://xbrl.org/int/dim/arcrole/domain-member" xlink:from="loc_us-gaapStatementLineItems" xlink:to="loc_MARAPropertyEquipmentAndIntangibleAssetsNet_120" xlink:type="arc" order="4" />
    </link:definitionLink>
    <link:definitionLink xlink:type="extended" xlink:role="http://marathonpg.com/role/StockholdersEquityDetailsNarrative" xlink:title="00000027 - Disclosure - Stockholders' Equity (Details Narrative)">
      <link:loc xlink:type="locator" xlink:href="http://xbrl.fasb.org/us-gaap/2019/elts/us-gaap-2019-01-31.xsd#us-gaap_StatementLineItems" xlink:label="loc_us-gaapStatementLineItems" />
      <link:loc xlink:type="locator" xlink:href="http://xbrl.fasb.org/us-gaap/2019/elts/us-gaap-2019-01-31.xsd#us-gaap_StatementTable" xlink:label="loc_us-gaapStatementTable" />
      <link:definitionArc xlink:arcrole="http://xbrl.org/int/dim/arcrole/all" xbrldt:contextElement="segment" xlink:from="loc_us-gaapStatementLineItems" xlink:to="loc_us-gaapStatementTable" xlink:type="arc" order="10" xbrldt:closed="true" />
      <link:loc xlink:type="locator" xlink:href="http://xbrl.fasb.org/us-gaap/2019/elts/us-gaap-2019-01-31.xsd#us-gaap_StatementEquityComponentsAxis" xlink:label="loc_us-gaapStatementEquityComponentsAxis" />
      <link:definitionArc xlink:arcrole="http://xbrl.org/int/dim/arcrole/hypercube-dimension" xlink:from="loc_us-gaapStatementTable" xlink:to="loc_us-gaapStatementEquityComponentsAxis" xlink:type="arc" order="1" />
      <link:loc xlink:type="locator" xlink:href="http://xbrl.fasb.org/us-gaap/2019/elts/us-gaap-2019-01-31.xsd#us-gaap_EquityComponentDomain" xlink:label="loc_us-gaapEquityComponentDomain" />
      <link:definitionArc xlink:arcrole="http://xbrl.org/int/dim/arcrole/dimension-domain" xlink:from="loc_us-gaapStatementEquityComponentsAxis" xlink:to="loc_us-gaapEquityComponentDomain" xlink:type="arc" order="20" />
      <link:loc xlink:type="locator" xlink:href="http://xbrl.fasb.org/us-gaap/2019/elts/us-gaap-2019-01-31.xsd#us-gaap_EquityComponentDomain" xlink:label="loc_us-gaapEquityComponentDomain_10" />
      <link:definitionArc xlink:arcrole="http://xbrl.org/int/dim/arcrole/dimension-default" xbrldt:contextElement="segment" xlink:from="loc_us-gaapStatementEquityComponentsAxis" xlink:to="loc_us-gaapEquityComponentDomain_10" xlink:type="arc" order="30" />
      <link:loc xlink:type="locator" xlink:href="http://xbrl.fasb.org/us-gaap/2019/elts/us-gaap-2019-01-31.xsd#us-gaap_WarrantMember" xlink:label="loc_us-gaapWarrantMember_20" />
      <link:definitionArc xlink:arcrole="http://xbrl.org/int/dim/arcrole/domain-member" xlink:from="loc_us-gaapEquityComponentDomain" xlink:to="loc_us-gaapWarrantMember_20" xlink:type="arc" order="21" />
      <link:loc xlink:type="locator" xlink:href="http://xbrl.fasb.org/us-gaap/2019/elts/us-gaap-2019-01-31.xsd#us-gaap_StatementClassOfStockAxis" xlink:label="loc_us-gaapStatementClassOfStockAxis" />
      <link:definitionArc xlink:arcrole="http://xbrl.org/int/dim/arcrole/hypercube-dimension" xlink:from="loc_us-gaapStatementTable" xlink:to="loc_us-gaapStatementClassOfStockAxis" xlink:type="arc" order="2" />
      <link:loc xlink:type="locator" xlink:href="http://xbrl.fasb.org/us-gaap/2019/elts/us-gaap-2019-01-31.xsd#us-gaap_ClassOfStockDomain" xlink:label="loc_us-gaapClassOfStockDomain" />
      <link:definitionArc xlink:arcrole="http://xbrl.org/int/dim/arcrole/dimension-domain" xlink:from="loc_us-gaapStatementClassOfStockAxis" xlink:to="loc_us-gaapClassOfStockDomain" xlink:type="arc" order="20" />
      <link:loc xlink:type="locator" xlink:href="http://xbrl.fasb.org/us-gaap/2019/elts/us-gaap-2019-01-31.xsd#us-gaap_ClassOfStockDomain" xlink:label="loc_us-gaapClassOfStockDomain_10" />
      <link:definitionArc xlink:arcrole="http://xbrl.org/int/dim/arcrole/dimension-default" xbrldt:contextElement="segment" xlink:from="loc_us-gaapStatementClassOfStockAxis" xlink:to="loc_us-gaapClassOfStockDomain_10" xlink:type="arc" order="30" />
      <link:loc xlink:type="locator" xlink:href="mara-20190630.xsd#MARA_SeriesBConvertiblePreferredStockMember" xlink:label="loc_MARASeriesBConvertiblePreferredStockMember_0" />
      <link:definitionArc xlink:arcrole="http://xbrl.org/int/dim/arcrole/domain-member" xlink:from="loc_us-gaapClassOfStockDomain" xlink:to="loc_MARASeriesBConvertiblePreferredStockMember_0" xlink:type="arc" order="1" />
      <link:loc xlink:type="locator" xlink:href="mara-20190630.xsd#MARA_SeriesEConvertiblePreferredStockMember" xlink:label="loc_MARASeriesEConvertiblePreferredStockMember_10" />
      <link:definitionArc xlink:arcrole="http://xbrl.org/int/dim/arcrole/domain-member" xlink:from="loc_us-gaapClassOfStockDomain" xlink:to="loc_MARASeriesEConvertiblePreferredStockMember_10" xlink:type="arc" order="11" />
      <link:loc xlink:type="locator" xlink:href="http://xbrl.fasb.org/us-gaap/2019/elts/us-gaap-2019-01-31.xsd#us-gaap_DebtInstrumentAxis" xlink:label="loc_us-gaapDebtInstrumentAxis" />
      <link:definitionArc xlink:arcrole="http://xbrl.org/int/dim/arcrole/hypercube-dimension" xlink:from="loc_us-gaapStatementTable" xlink:to="loc_us-gaapDebtInstrumentAxis" xlink:type="arc" order="3" />
      <link:loc xlink:type="locator" xlink:href="http://xbrl.fasb.org/us-gaap/2019/elts/us-gaap-2019-01-31.xsd#us-gaap_DebtInstrumentNameDomain" xlink:label="loc_us-gaapDebtInstrumentNameDomain" />
      <link:definitionArc xlink:arcrole="http://xbrl.org/int/dim/arcrole/dimension-domain" xlink:from="loc_us-gaapDebtInstrumentAxis" xlink:to="loc_us-gaapDebtInstrumentNameDomain" xlink:type="arc" order="20" />
      <link:loc xlink:type="locator" xlink:href="http://xbrl.fasb.org/us-gaap/2019/elts/us-gaap-2019-01-31.xsd#us-gaap_DebtInstrumentNameDomain" xlink:label="loc_us-gaapDebtInstrumentNameDomain_10" />
      <link:definitionArc xlink:arcrole="http://xbrl.org/int/dim/arcrole/dimension-default" xbrldt:contextElement="segment" xlink:from="loc_us-gaapDebtInstrumentAxis" xlink:to="loc_us-gaapDebtInstrumentNameDomain_10" xlink:type="arc" order="30" />
      <link:loc xlink:type="locator" xlink:href="http://xbrl.fasb.org/srt/2019/elts/srt-2019-01-31.xsd#srt_TitleOfIndividualAxis" xlink:label="loc_srtTitleOfIndividualAxis" />
      <link:definitionArc xlink:arcrole="http://xbrl.org/int/dim/arcrole/hypercube-dimension" xlink:from="loc_us-gaapStatementTable" xlink:to="loc_srtTitleOfIndividualAxis" xlink:type="arc" order="4" />
      <link:loc xlink:type="locator" xlink:href="http://xbrl.fasb.org/srt/2019/elts/srt-2019-01-31.xsd#srt_TitleOfIndividualWithRelationshipToEntityDomain" xlink:label="loc_srtTitleOfIndividualWithRelationshipToEntityDomain" />
      <link:definitionArc xlink:arcrole="http://xbrl.org/int/dim/arcrole/dimension-domain" xlink:from="loc_srtTitleOfIndividualAxis" xlink:to="loc_srtTitleOfIndividualWithRelationshipToEntityDomain" xlink:type="arc" order="20" />
      <link:loc xlink:type="locator" xlink:href="http://xbrl.fasb.org/srt/2019/elts/srt-2019-01-31.xsd#srt_TitleOfIndividualWithRelationshipToEntityDomain" xlink:label="loc_srtTitleOfIndividualWithRelationshipToEntityDomain_10" />
      <link:definitionArc xlink:arcrole="http://xbrl.org/int/dim/arcrole/dimension-default" xbrldt:contextElement="segment" xlink:from="loc_srtTitleOfIndividualAxis" xlink:to="loc_srtTitleOfIndividualWithRelationshipToEntityDomain_10" xlink:type="arc" order="30" />
      <link:loc xlink:type="locator" xlink:href="https://xbrl.sec.gov/dei/2019/dei-2019-01-31.xsd#dei_LegalEntityAxis" xlink:label="loc_deiLegalEntityAxis" />
      <link:definitionArc xlink:arcrole="http://xbrl.org/int/dim/arcrole/hypercube-dimension" xlink:from="loc_us-gaapStatementTable" xlink:to="loc_deiLegalEntityAxis" xlink:type="arc" order="5" />
      <link:loc xlink:type="locator" xlink:href="https://xbrl.sec.gov/dei/2019/dei-2019-01-31.xsd#dei_EntityDomain" xlink:label="loc_deiEntityDomain" />
      <link:definitionArc xlink:arcrole="http://xbrl.org/int/dim/arcrole/dimension-domain" xlink:from="loc_deiLegalEntityAxis" xlink:to="loc_deiEntityDomain" xlink:type="arc" order="20" />
      <link:loc xlink:type="locator" xlink:href="https://xbrl.sec.gov/dei/2019/dei-2019-01-31.xsd#dei_EntityDomain" xlink:label="loc_deiEntityDomain_10" />
      <link:definitionArc xlink:arcrole="http://xbrl.org/int/dim/arcrole/dimension-default" xbrldt:contextElement="segment" xlink:from="loc_deiLegalEntityAxis" xlink:to="loc_deiEntityDomain_10" xlink:type="arc" order="30" />
      <link:loc xlink:type="locator" xlink:href="http://xbrl.fasb.org/us-gaap/2019/elts/us-gaap-2019-01-31.xsd#us-gaap_OptionIndexedToIssuersEquityTypeAxis" xlink:label="loc_us-gaapOptionIndexedToIssuersEquityTypeAxis" />
      <link:definitionArc xlink:arcrole="http://xbrl.org/int/dim/arcrole/hypercube-dimension" xlink:from="loc_us-gaapStatementTable" xlink:to="loc_us-gaapOptionIndexedToIssuersEquityTypeAxis" xlink:type="arc" order="6" />
      <link:loc xlink:type="locator" xlink:href="http://xbrl.fasb.org/us-gaap/2019/elts/us-gaap-2019-01-31.xsd#us-gaap_OptionIndexedToIssuersEquityTypeDomain" xlink:label="loc_us-gaapOptionIndexedToIssuersEquityTypeDomain" />
      <link:definitionArc xlink:arcrole="http://xbrl.org/int/dim/arcrole/dimension-domain" xlink:from="loc_us-gaapOptionIndexedToIssuersEquityTypeAxis" xlink:to="loc_us-gaapOptionIndexedToIssuersEquityTypeDomain" xlink:type="arc" order="20" />
      <link:loc xlink:type="locator" xlink:href="http://xbrl.fasb.org/us-gaap/2019/elts/us-gaap-2019-01-31.xsd#us-gaap_OptionIndexedToIssuersEquityTypeDomain" xlink:label="loc_us-gaapOptionIndexedToIssuersEquityTypeDomain_10" />
      <link:definitionArc xlink:arcrole="http://xbrl.org/int/dim/arcrole/dimension-default" xbrldt:contextElement="segment" xlink:from="loc_us-gaapOptionIndexedToIssuersEquityTypeAxis" xlink:to="loc_us-gaapOptionIndexedToIssuersEquityTypeDomain_10" xlink:type="arc" order="30" />
      <link:loc xlink:type="locator" xlink:href="http://xbrl.fasb.org/us-gaap/2019/elts/us-gaap-2019-01-31.xsd#us-gaap_PreferredStockSharesOutstanding" xlink:label="loc_us-gaapPreferredStockSharesOutstanding_50" />
      <link:definitionArc xlink:arcrole="http://xbrl.org/int/dim/arcrole/domain-member" xlink:from="loc_us-gaapStatementLineItems" xlink:to="loc_us-gaapPreferredStockSharesOutstanding_50" xlink:type="arc" order="0" />
      <link:loc xlink:type="locator" xlink:href="http://xbrl.fasb.org/us-gaap/2019/elts/us-gaap-2019-01-31.xsd#us-gaap_ClassOfWarrantOrRightNumberOfSecuritiesCalledByWarrantsOrRights" xlink:label="loc_us-gaapClassOfWarrantOrRightNumberOfSecuritiesCalledByWarrantsOrRights_50" />
      <link:definitionArc xlink:arcrole="http://xbrl.org/int/dim/arcrole/domain-member" xlink:from="loc_us-gaapStatementLineItems" xlink:to="loc_us-gaapClassOfWarrantOrRightNumberOfSecuritiesCalledByWarrantsOrRights_50" xlink:type="arc" order="1" />
      <link:loc xlink:type="locator" xlink:href="http://xbrl.fasb.org/us-gaap/2019/elts/us-gaap-2019-01-31.xsd#us-gaap_ShareBasedCompensationArrangementByShareBasedPaymentAwardEquityInstrumentsOtherThanOptionsOutstandingWeightedAverageRemainingContractualTerms" xlink:label="loc_us-gaapShareBasedCompensationArrangementByShareBasedPaymentAwardEquityInstrumentsOtherThanOptionsOutstandingWeightedAverageRemainingContractualTerms_50" />
      <link:definitionArc xlink:arcrole="http://xbrl.org/int/dim/arcrole/domain-member" xlink:from="loc_us-gaapStatementLineItems" xlink:to="loc_us-gaapShareBasedCompensationArrangementByShareBasedPaymentAwardEquityInstrumentsOtherThanOptionsOutstandingWeightedAverageRemainingContractualTerms_50" xlink:type="arc" order="2" />
      <link:loc xlink:type="locator" xlink:href="mara-20190630.xsd#MARA_ShareBasedCompensationArrangementByShareBasedPaymentAwardOtherThanOptionEquityInstrumentsExercisesInPeriodWeightedAverageExercisePrice" xlink:label="loc_MARAShareBasedCompensationArrangementByShareBasedPaymentAwardOtherThanOptionEquityInstrumentsExercisesInPeriodWeightedAverageExercisePrice_50" />
      <link:definitionArc xlink:arcrole="http://xbrl.org/int/dim/arcrole/domain-member" xlink:from="loc_us-gaapStatementLineItems" xlink:to="loc_MARAShareBasedCompensationArrangementByShareBasedPaymentAwardOtherThanOptionEquityInstrumentsExercisesInPeriodWeightedAverageExercisePrice_50" xlink:type="arc" order="3" />
    </link:definitionLink>
    <link:definitionLink xlink:type="extended" xlink:role="http://marathonpg.com/role/StockholdersEquity-SummaryOfStockOptionsAndChangesDuringPeriodDetails" xlink:title="00000028 - Disclosure - Stockholders' Equity - Summary of Stock Options and Changes During the Period (Details)" />
    <link:definitionLink xlink:type="extended" xlink:role="http://marathonpg.com/role/DebtCommitmentsAndContingenciesDetailsNarrative" xlink:title="00000029 - Disclosure - Debt, Commitments and Contingencies (Details Narrative)">
      <link:loc xlink:type="locator" xlink:href="http://xbrl.fasb.org/us-gaap/2019/elts/us-gaap-2019-01-31.xsd#us-gaap_StatementLineItems" xlink:label="loc_us-gaapStatementLineItems" />
      <link:loc xlink:type="locator" xlink:href="http://xbrl.fasb.org/us-gaap/2019/elts/us-gaap-2019-01-31.xsd#us-gaap_StatementTable" xlink:label="loc_us-gaapStatementTable" />
      <link:definitionArc xlink:arcrole="http://xbrl.org/int/dim/arcrole/all" xbrldt:contextElement="segment" xlink:from="loc_us-gaapStatementLineItems" xlink:to="loc_us-gaapStatementTable" xlink:type="arc" order="10" xbrldt:closed="true" />
      <link:loc xlink:type="locator" xlink:href="http://xbrl.fasb.org/us-gaap/2019/elts/us-gaap-2019-01-31.xsd#us-gaap_TypeOfArrangementAxis" xlink:label="loc_us-gaapTypeOfArrangementAxis" />
      <link:definitionArc xlink:arcrole="http://xbrl.org/int/dim/arcrole/hypercube-dimension" xlink:from="loc_us-gaapStatementTable" xlink:to="loc_us-gaapTypeOfArrangementAxis" xlink:type="arc" order="1" />
      <link:loc xlink:type="locator" xlink:href="http://xbrl.fasb.org/us-gaap/2019/elts/us-gaap-2019-01-31.xsd#us-gaap_ArrangementsAndNonarrangementTransactionsMember" xlink:label="loc_us-gaapArrangementsAndNonarrangementTransactionsMember" />
      <link:definitionArc xlink:arcrole="http://xbrl.org/int/dim/arcrole/dimension-domain" xlink:from="loc_us-gaapTypeOfArrangementAxis" xlink:to="loc_us-gaapArrangementsAndNonarrangementTransactionsMember" xlink:type="arc" order="20" />
      <link:loc xlink:type="locator" xlink:href="http://xbrl.fasb.org/us-gaap/2019/elts/us-gaap-2019-01-31.xsd#us-gaap_ArrangementsAndNonarrangementTransactionsMember" xlink:label="loc_us-gaapArrangementsAndNonarrangementTransactionsMember_10" />
      <link:definitionArc xlink:arcrole="http://xbrl.org/int/dim/arcrole/dimension-default" xbrldt:contextElement="segment" xlink:from="loc_us-gaapTypeOfArrangementAxis" xlink:to="loc_us-gaapArrangementsAndNonarrangementTransactionsMember_10" xlink:type="arc" order="30" />
      <link:loc xlink:type="locator" xlink:href="mara-20190630.xsd#MARA_UnitPurchaseAgreementMember" xlink:label="loc_MARAUnitPurchaseAgreementMember_0" />
      <link:definitionArc xlink:arcrole="http://xbrl.org/int/dim/arcrole/domain-member" xlink:from="loc_us-gaapArrangementsAndNonarrangementTransactionsMember" xlink:to="loc_MARAUnitPurchaseAgreementMember_0" xlink:type="arc" order="1" />
      <link:loc xlink:type="locator" xlink:href="http://xbrl.fasb.org/srt/2019/elts/srt-2019-01-31.xsd#srt_TitleOfIndividualAxis" xlink:label="loc_srtTitleOfIndividualAxis" />
      <link:definitionArc xlink:arcrole="http://xbrl.org/int/dim/arcrole/hypercube-dimension" xlink:from="loc_us-gaapStatementTable" xlink:to="loc_srtTitleOfIndividualAxis" xlink:type="arc" order="2" />
      <link:loc xlink:type="locator" xlink:href="http://xbrl.fasb.org/srt/2019/elts/srt-2019-01-31.xsd#srt_TitleOfIndividualWithRelationshipToEntityDomain" xlink:label="loc_srtTitleOfIndividualWithRelationshipToEntityDomain" />
      <link:definitionArc xlink:arcrole="http://xbrl.org/int/dim/arcrole/dimension-domain" xlink:from="loc_srtTitleOfIndividualAxis" xlink:to="loc_srtTitleOfIndividualWithRelationshipToEntityDomain" xlink:type="arc" order="20" />
      <link:loc xlink:type="locator" xlink:href="http://xbrl.fasb.org/srt/2019/elts/srt-2019-01-31.xsd#srt_TitleOfIndividualWithRelationshipToEntityDomain" xlink:label="loc_srtTitleOfIndividualWithRelationshipToEntityDomain_10" />
      <link:definitionArc xlink:arcrole="http://xbrl.org/int/dim/arcrole/dimension-default" xbrldt:contextElement="segment" xlink:from="loc_srtTitleOfIndividualAxis" xlink:to="loc_srtTitleOfIndividualWithRelationshipToEntityDomain_10" xlink:type="arc" order="30" />
      <link:loc xlink:type="locator" xlink:href="http://xbrl.fasb.org/us-gaap/2019/elts/us-gaap-2019-01-31.xsd#us-gaap_InvestorMember" xlink:label="loc_us-gaapInvestorMember_20" />
      <link:definitionArc xlink:arcrole="http://xbrl.org/int/dim/arcrole/domain-member" xlink:from="loc_srtTitleOfIndividualWithRelationshipToEntityDomain" xlink:to="loc_us-gaapInvestorMember_20" xlink:type="arc" order="22" />
      <link:loc xlink:type="locator" xlink:href="http://xbrl.fasb.org/srt/2019/elts/srt-2019-01-31.xsd#srt_ScheduleOfEquityMethodInvestmentEquityMethodInvesteeNameAxis" xlink:label="loc_srtScheduleOfEquityMethodInvestmentEquityMethodInvesteeNameAxis" />
      <link:definitionArc xlink:arcrole="http://xbrl.org/int/dim/arcrole/hypercube-dimension" xlink:from="loc_us-gaapStatementTable" xlink:to="loc_srtScheduleOfEquityMethodInvestmentEquityMethodInvesteeNameAxis" xlink:type="arc" order="3" />
      <link:loc xlink:type="locator" xlink:href="http://xbrl.fasb.org/srt/2019/elts/srt-2019-01-31.xsd#srt_EquityMethodInvesteeNameDomain" xlink:label="loc_srtEquityMethodInvesteeNameDomain" />
      <link:definitionArc xlink:arcrole="http://xbrl.org/int/dim/arcrole/dimension-domain" xlink:from="loc_srtScheduleOfEquityMethodInvestmentEquityMethodInvesteeNameAxis" xlink:to="loc_srtEquityMethodInvesteeNameDomain" xlink:type="arc" order="20" />
      <link:loc xlink:type="locator" xlink:href="http://xbrl.fasb.org/srt/2019/elts/srt-2019-01-31.xsd#srt_EquityMethodInvesteeNameDomain" xlink:label="loc_srtEquityMethodInvesteeNameDomain_10" />
      <link:definitionArc xlink:arcrole="http://xbrl.org/int/dim/arcrole/dimension-default" xbrldt:contextElement="segment" xlink:from="loc_srtScheduleOfEquityMethodInvestmentEquityMethodInvesteeNameAxis" xlink:to="loc_srtEquityMethodInvesteeNameDomain_10" xlink:type="arc" order="30" />
      <link:loc xlink:type="locator" xlink:href="http://xbrl.fasb.org/us-gaap/2019/elts/us-gaap-2019-01-31.xsd#us-gaap_DebtInstrumentFaceAmount" xlink:label="loc_us-gaapDebtInstrumentFaceAmount_120" />
      <link:definitionArc xlink:arcrole="http://xbrl.org/int/dim/arcrole/domain-member" xlink:from="loc_us-gaapStatementLineItems" xlink:to="loc_us-gaapDebtInstrumentFaceAmount_120" xlink:type="arc" order="0" />
      <link:loc xlink:type="locator" xlink:href="http://xbrl.fasb.org/us-gaap/2019/elts/us-gaap-2019-01-31.xsd#us-gaap_DebtInstrumentInterestRateStatedPercentage" xlink:label="loc_us-gaapDebtInstrumentInterestRateStatedPercentage_120" />
      <link:definitionArc xlink:arcrole="http://xbrl.org/int/dim/arcrole/domain-member" xlink:from="loc_us-gaapStatementLineItems" xlink:to="loc_us-gaapDebtInstrumentInterestRateStatedPercentage_120" xlink:type="arc" order="1" />
      <link:loc xlink:type="locator" xlink:href="http://xbrl.fasb.org/us-gaap/2019/elts/us-gaap-2019-01-31.xsd#us-gaap_ClassOfWarrantOrRightNumberOfSecuritiesCalledByWarrantsOrRights" xlink:label="loc_us-gaapClassOfWarrantOrRightNumberOfSecuritiesCalledByWarrantsOrRights_120" />
      <link:definitionArc xlink:arcrole="http://xbrl.org/int/dim/arcrole/domain-member" xlink:from="loc_us-gaapStatementLineItems" xlink:to="loc_us-gaapClassOfWarrantOrRightNumberOfSecuritiesCalledByWarrantsOrRights_120" xlink:type="arc" order="2" />
      <link:loc xlink:type="locator" xlink:href="http://xbrl.fasb.org/us-gaap/2019/elts/us-gaap-2019-01-31.xsd#us-gaap_DebtConversionDescription" xlink:label="loc_us-gaapDebtConversionDescription_120" />
      <link:definitionArc xlink:arcrole="http://xbrl.org/int/dim/arcrole/domain-member" xlink:from="loc_us-gaapStatementLineItems" xlink:to="loc_us-gaapDebtConversionDescription_120" xlink:type="arc" order="3" />
      <link:loc xlink:type="locator" xlink:href="http://xbrl.fasb.org/us-gaap/2019/elts/us-gaap-2019-01-31.xsd#us-gaap_DebtInstrumentConvertibleConversionPrice1" xlink:label="loc_us-gaapDebtInstrumentConvertibleConversionPrice1_120" />
      <link:definitionArc xlink:arcrole="http://xbrl.org/int/dim/arcrole/domain-member" xlink:from="loc_us-gaapStatementLineItems" xlink:to="loc_us-gaapDebtInstrumentConvertibleConversionPrice1_120" xlink:type="arc" order="4" />
      <link:loc xlink:type="locator" xlink:href="http://xbrl.fasb.org/us-gaap/2019/elts/us-gaap-2019-01-31.xsd#us-gaap_ClassOfWarrantOrRightExercisePriceOfWarrantsOrRights1" xlink:label="loc_us-gaapClassOfWarrantOrRightExercisePriceOfWarrantsOrRights1_120" />
      <link:definitionArc xlink:arcrole="http://xbrl.org/int/dim/arcrole/domain-member" xlink:from="loc_us-gaapStatementLineItems" xlink:to="loc_us-gaapClassOfWarrantOrRightExercisePriceOfWarrantsOrRights1_120" xlink:type="arc" order="5" />
      <link:loc xlink:type="locator" xlink:href="http://xbrl.fasb.org/us-gaap/2019/elts/us-gaap-2019-01-31.xsd#us-gaap_DebtInstrumentMaturityDate" xlink:label="loc_us-gaapDebtInstrumentMaturityDate_120" />
      <link:definitionArc xlink:arcrole="http://xbrl.org/int/dim/arcrole/domain-member" xlink:from="loc_us-gaapStatementLineItems" xlink:to="loc_us-gaapDebtInstrumentMaturityDate_120" xlink:type="arc" order="6" />
      <link:loc xlink:type="locator" xlink:href="http://xbrl.fasb.org/us-gaap/2019/elts/us-gaap-2019-01-31.xsd#us-gaap_DebtInstrumentMaturityDateDescription" xlink:label="loc_us-gaapDebtInstrumentMaturityDateDescription_120" />
      <link:definitionArc xlink:arcrole="http://xbrl.org/int/dim/arcrole/domain-member" xlink:from="loc_us-gaapStatementLineItems" xlink:to="loc_us-gaapDebtInstrumentMaturityDateDescription_120" xlink:type="arc" order="7" />
      <link:loc xlink:type="locator" xlink:href="http://xbrl.fasb.org/us-gaap/2019/elts/us-gaap-2019-01-31.xsd#us-gaap_ConvertibleNotesPayable" xlink:label="loc_us-gaapConvertibleNotesPayable_120" />
      <link:definitionArc xlink:arcrole="http://xbrl.org/int/dim/arcrole/domain-member" xlink:from="loc_us-gaapStatementLineItems" xlink:to="loc_us-gaapConvertibleNotesPayable_120" xlink:type="arc" order="8" />
      <link:loc xlink:type="locator" xlink:href="http://xbrl.fasb.org/us-gaap/2019/elts/us-gaap-2019-01-31.xsd#us-gaap_InterestPayableCurrentAndNoncurrent" xlink:label="loc_us-gaapInterestPayableCurrentAndNoncurrent_120" />
      <link:definitionArc xlink:arcrole="http://xbrl.org/int/dim/arcrole/domain-member" xlink:from="loc_us-gaapStatementLineItems" xlink:to="loc_us-gaapInterestPayableCurrentAndNoncurrent_120" xlink:type="arc" order="9" />
      <link:loc xlink:type="locator" xlink:href="http://xbrl.fasb.org/us-gaap/2019/elts/us-gaap-2019-01-31.xsd#us-gaap_InterestExpense" xlink:label="loc_us-gaapInterestExpense_120" />
      <link:definitionArc xlink:arcrole="http://xbrl.org/int/dim/arcrole/domain-member" xlink:from="loc_us-gaapStatementLineItems" xlink:to="loc_us-gaapInterestExpense_120" xlink:type="arc" order="10" />
      <link:loc xlink:type="locator" xlink:href="http://xbrl.fasb.org/us-gaap/2019/elts/us-gaap-2019-01-31.xsd#us-gaap_AmortizationOfDebtDiscountPremium" xlink:label="loc_us-gaapAmortizationOfDebtDiscountPremium_120" />
      <link:definitionArc xlink:arcrole="http://xbrl.org/int/dim/arcrole/domain-member" xlink:from="loc_us-gaapStatementLineItems" xlink:to="loc_us-gaapAmortizationOfDebtDiscountPremium_120" xlink:type="arc" order="11" />
      <link:loc xlink:type="locator" xlink:href="http://xbrl.fasb.org/us-gaap/2019/elts/us-gaap-2019-01-31.xsd#us-gaap_OperatingLeasesRentExpenseNet" xlink:label="loc_us-gaapOperatingLeasesRentExpenseNet_120" />
      <link:definitionArc xlink:arcrole="http://xbrl.org/int/dim/arcrole/domain-member" xlink:from="loc_us-gaapStatementLineItems" xlink:to="loc_us-gaapOperatingLeasesRentExpenseNet_120" xlink:type="arc" order="12" />
      <link:loc xlink:type="locator" xlink:href="http://xbrl.fasb.org/us-gaap/2019/elts/us-gaap-2019-01-31.xsd#us-gaap_SecurityDeposit" xlink:label="loc_us-gaapSecurityDeposit_120" />
      <link:definitionArc xlink:arcrole="http://xbrl.org/int/dim/arcrole/domain-member" xlink:from="loc_us-gaapStatementLineItems" xlink:to="loc_us-gaapSecurityDeposit_120" xlink:type="arc" order="13" />
    </link:definitionLink>
    <link:definitionLink xlink:type="extended" xlink:role="http://marathonpg.com/role/DebtCommitmentsAndContingencies-ScheduleOfDebtDetails" xlink:title="00000030 - Disclosure - Debt, Commitments and Contingencies - Schedule of Debt (Details)" />
    <link:definitionLink xlink:type="extended" xlink:role="http://marathonpg.com/role/DebtCommitmentsAndContingencies-ScheduleOfComponentsOfLeaseCostDetails" xlink:title="00000031 - Disclosure - Debt, Commitments and Contingencies - Schedule of Components of Lease Cost (Details)" />
    <link:definitionLink xlink:type="extended" xlink:role="http://marathonpg.com/role/DebtCommitmentsAndContingencies-ScheduleOfWeightedAverageLeaseDetails" xlink:title="00000032 - Disclosure - Debt, Commitments and Contingencies - Schedule of Weighted Average Lease (Details)" />
    <link:definitionLink xlink:type="extended" xlink:role="http://marathonpg.com/role/DebtCommitmentsAndContingencies-ScheduleOfMinimumLeasePaymentsDetails" xlink:title="00000033 - Disclosure - Debt, Commitments and Contingencies - Schedule of Minimum Lease Payments (Details)" />
    <link:definitionLink xlink:type="extended" xlink:role="http://marathonpg.com/role/SubsequentEventsDetailsNarrative" xlink:title="00000034 - Disclosure - Subsequent Events (Details Narrative)">
      <link:loc xlink:type="locator" xlink:href="http://xbrl.fasb.org/us-gaap/2019/elts/us-gaap-2019-01-31.xsd#us-gaap_StatementLineItems" xlink:label="loc_us-gaapStatementLineItems" />
      <link:loc xlink:type="locator" xlink:href="http://xbrl.fasb.org/us-gaap/2019/elts/us-gaap-2019-01-31.xsd#us-gaap_StatementTable" xlink:label="loc_us-gaapStatementTable" />
      <link:definitionArc xlink:arcrole="http://xbrl.org/int/dim/arcrole/all" xbrldt:contextElement="segment" xlink:from="loc_us-gaapStatementLineItems" xlink:to="loc_us-gaapStatementTable" xlink:type="arc" order="10" xbrldt:closed="true" />
      <link:loc xlink:type="locator" xlink:href="http://xbrl.fasb.org/us-gaap/2019/elts/us-gaap-2019-01-31.xsd#us-gaap_SubsequentEventTypeAxis" xlink:label="loc_us-gaapSubsequentEventTypeAxis" />
      <link:definitionArc xlink:arcrole="http://xbrl.org/int/dim/arcrole/hypercube-dimension" xlink:from="loc_us-gaapStatementTable" xlink:to="loc_us-gaapSubsequentEventTypeAxis" xlink:type="arc" order="1" />
      <link:loc xlink:type="locator" xlink:href="http://xbrl.fasb.org/us-gaap/2019/elts/us-gaap-2019-01-31.xsd#us-gaap_SubsequentEventTypeDomain" xlink:label="loc_us-gaapSubsequentEventTypeDomain" />
      <link:definitionArc xlink:arcrole="http://xbrl.org/int/dim/arcrole/dimension-domain" xlink:from="loc_us-gaapSubsequentEventTypeAxis" xlink:to="loc_us-gaapSubsequentEventTypeDomain" xlink:type="arc" order="20" />
      <link:loc xlink:type="locator" xlink:href="http://xbrl.fasb.org/us-gaap/2019/elts/us-gaap-2019-01-31.xsd#us-gaap_SubsequentEventTypeDomain" xlink:label="loc_us-gaapSubsequentEventTypeDomain_10" />
      <link:definitionArc xlink:arcrole="http://xbrl.org/int/dim/arcrole/dimension-default" xbrldt:contextElement="segment" xlink:from="loc_us-gaapSubsequentEventTypeAxis" xlink:to="loc_us-gaapSubsequentEventTypeDomain_10" xlink:type="arc" order="30" />
      <link:loc xlink:type="locator" xlink:href="http://xbrl.fasb.org/us-gaap/2019/elts/us-gaap-2019-01-31.xsd#us-gaap_SubsequentEventMember" xlink:label="loc_us-gaapSubsequentEventMember_0" />
      <link:definitionArc xlink:arcrole="http://xbrl.org/int/dim/arcrole/domain-member" xlink:from="loc_us-gaapSubsequentEventTypeDomain" xlink:to="loc_us-gaapSubsequentEventMember_0" xlink:type="arc" order="1" />
      <link:loc xlink:type="locator" xlink:href="http://xbrl.fasb.org/us-gaap/2019/elts/us-gaap-2019-01-31.xsd#us-gaap_TypeOfArrangementAxis" xlink:label="loc_us-gaapTypeOfArrangementAxis" />
      <link:definitionArc xlink:arcrole="http://xbrl.org/int/dim/arcrole/hypercube-dimension" xlink:from="loc_us-gaapStatementTable" xlink:to="loc_us-gaapTypeOfArrangementAxis" xlink:type="arc" order="2" />
      <link:loc xlink:type="locator" xlink:href="http://xbrl.fasb.org/us-gaap/2019/elts/us-gaap-2019-01-31.xsd#us-gaap_ArrangementsAndNonarrangementTransactionsMember" xlink:label="loc_us-gaapArrangementsAndNonarrangementTransactionsMember" />
      <link:definitionArc xlink:arcrole="http://xbrl.org/int/dim/arcrole/dimension-domain" xlink:from="loc_us-gaapTypeOfArrangementAxis" xlink:to="loc_us-gaapArrangementsAndNonarrangementTransactionsMember" xlink:type="arc" order="20" />
      <link:loc xlink:type="locator" xlink:href="http://xbrl.fasb.org/us-gaap/2019/elts/us-gaap-2019-01-31.xsd#us-gaap_ArrangementsAndNonarrangementTransactionsMember" xlink:label="loc_us-gaapArrangementsAndNonarrangementTransactionsMember_10" />
      <link:definitionArc xlink:arcrole="http://xbrl.org/int/dim/arcrole/dimension-default" xbrldt:contextElement="segment" xlink:from="loc_us-gaapTypeOfArrangementAxis" xlink:to="loc_us-gaapArrangementsAndNonarrangementTransactionsMember_10" xlink:type="arc" order="30" />
      <link:loc xlink:type="locator" xlink:href="mara-20190630.xsd#MARA_TheMarketOfferingAgreementMember" xlink:label="loc_MARATheMarketOfferingAgreementMember_0" />
      <link:definitionArc xlink:arcrole="http://xbrl.org/int/dim/arcrole/domain-member" xlink:from="loc_us-gaapArrangementsAndNonarrangementTransactionsMember" xlink:to="loc_MARATheMarketOfferingAgreementMember_0" xlink:type="arc" order="2" />
      <link:loc xlink:type="locator" xlink:href="http://xbrl.fasb.org/srt/2019/elts/srt-2019-01-31.xsd#srt_RangeAxis" xlink:label="loc_srtRangeAxis" />
      <link:definitionArc xlink:arcrole="http://xbrl.org/int/dim/arcrole/hypercube-dimension" xlink:from="loc_us-gaapStatementTable" xlink:to="loc_srtRangeAxis" xlink:type="arc" order="3" />
      <link:loc xlink:type="locator" xlink:href="http://xbrl.fasb.org/srt/2019/elts/srt-2019-01-31.xsd#srt_RangeMember" xlink:label="loc_srtRangeMember" />
      <link:definitionArc xlink:arcrole="http://xbrl.org/int/dim/arcrole/dimension-domain" xlink:from="loc_srtRangeAxis" xlink:to="loc_srtRangeMember" xlink:type="arc" order="20" />
      <link:loc xlink:type="locator" xlink:href="http://xbrl.fasb.org/srt/2019/elts/srt-2019-01-31.xsd#srt_RangeMember" xlink:label="loc_srtRangeMember_10" />
      <link:definitionArc xlink:arcrole="http://xbrl.org/int/dim/arcrole/dimension-default" xbrldt:contextElement="segment" xlink:from="loc_srtRangeAxis" xlink:to="loc_srtRangeMember_10" xlink:type="arc" order="30" />
      <link:loc xlink:type="locator" xlink:href="http://xbrl.fasb.org/srt/2019/elts/srt-2019-01-31.xsd#srt_MaximumMember" xlink:label="loc_srtMaximumMember_10" />
      <link:definitionArc xlink:arcrole="http://xbrl.org/int/dim/arcrole/domain-member" xlink:from="loc_srtRangeMember" xlink:to="loc_srtMaximumMember_10" xlink:type="arc" order="13" />
      <link:loc xlink:type="locator" xlink:href="http://xbrl.fasb.org/srt/2019/elts/srt-2019-01-31.xsd#srt_TitleOfIndividualAxis" xlink:label="loc_srtTitleOfIndividualAxis" />
      <link:definitionArc xlink:arcrole="http://xbrl.org/int/dim/arcrole/hypercube-dimension" xlink:from="loc_us-gaapStatementTable" xlink:to="loc_srtTitleOfIndividualAxis" xlink:type="arc" order="4" />
      <link:loc xlink:type="locator" xlink:href="http://xbrl.fasb.org/srt/2019/elts/srt-2019-01-31.xsd#srt_TitleOfIndividualWithRelationshipToEntityDomain" xlink:label="loc_srtTitleOfIndividualWithRelationshipToEntityDomain" />
      <link:definitionArc xlink:arcrole="http://xbrl.org/int/dim/arcrole/dimension-domain" xlink:from="loc_srtTitleOfIndividualAxis" xlink:to="loc_srtTitleOfIndividualWithRelationshipToEntityDomain" xlink:type="arc" order="20" />
      <link:loc xlink:type="locator" xlink:href="http://xbrl.fasb.org/srt/2019/elts/srt-2019-01-31.xsd#srt_TitleOfIndividualWithRelationshipToEntityDomain" xlink:label="loc_srtTitleOfIndividualWithRelationshipToEntityDomain_10" />
      <link:definitionArc xlink:arcrole="http://xbrl.org/int/dim/arcrole/dimension-default" xbrldt:contextElement="segment" xlink:from="loc_srtTitleOfIndividualAxis" xlink:to="loc_srtTitleOfIndividualWithRelationshipToEntityDomain_10" xlink:type="arc" order="30" />
      <link:loc xlink:type="locator" xlink:href="mara-20190630.xsd#MARA_EightEmployeesAndConsultantsMember" xlink:label="loc_MARAEightEmployeesAndConsultantsMember_30" />
      <link:definitionArc xlink:arcrole="http://xbrl.org/int/dim/arcrole/domain-member" xlink:from="loc_srtTitleOfIndividualWithRelationshipToEntityDomain" xlink:to="loc_MARAEightEmployeesAndConsultantsMember_30" xlink:type="arc" order="32" />
      <link:loc xlink:type="locator" xlink:href="http://xbrl.fasb.org/us-gaap/2019/elts/us-gaap-2019-01-31.xsd#us-gaap_CommonStockParOrStatedValuePerShare" xlink:label="loc_us-gaapCommonStockParOrStatedValuePerShare_60" />
      <link:definitionArc xlink:arcrole="http://xbrl.org/int/dim/arcrole/domain-member" xlink:from="loc_us-gaapStatementLineItems" xlink:to="loc_us-gaapCommonStockParOrStatedValuePerShare_60" xlink:type="arc" order="0" />
      <link:loc xlink:type="locator" xlink:href="http://xbrl.fasb.org/us-gaap/2019/elts/us-gaap-2019-01-31.xsd#us-gaap_ProceedsFromIssuanceInitialPublicOffering" xlink:label="loc_us-gaapProceedsFromIssuanceInitialPublicOffering_60" />
      <link:definitionArc xlink:arcrole="http://xbrl.org/int/dim/arcrole/domain-member" xlink:from="loc_us-gaapStatementLineItems" xlink:to="loc_us-gaapProceedsFromIssuanceInitialPublicOffering_60" xlink:type="arc" order="1" />
      <link:loc xlink:type="locator" xlink:href="http://xbrl.fasb.org/us-gaap/2019/elts/us-gaap-2019-01-31.xsd#us-gaap_SaleOfStockDescriptionOfTransaction" xlink:label="loc_us-gaapSaleOfStockDescriptionOfTransaction_60" />
      <link:definitionArc xlink:arcrole="http://xbrl.org/int/dim/arcrole/domain-member" xlink:from="loc_us-gaapStatementLineItems" xlink:to="loc_us-gaapSaleOfStockDescriptionOfTransaction_60" xlink:type="arc" order="2" />
      <link:loc xlink:type="locator" xlink:href="mara-20190630.xsd#MARA_FeesAndDisbursementsAmount" xlink:label="loc_MARAFeesAndDisbursementsAmount_60" />
      <link:definitionArc xlink:arcrole="http://xbrl.org/int/dim/arcrole/domain-member" xlink:from="loc_us-gaapStatementLineItems" xlink:to="loc_MARAFeesAndDisbursementsAmount_60" xlink:type="arc" order="3" />
      <link:loc xlink:type="locator" xlink:href="http://xbrl.fasb.org/us-gaap/2019/elts/us-gaap-2019-01-31.xsd#us-gaap_ShareBasedCompensationArrangementByShareBasedPaymentAwardSharesPurchasedForAward" xlink:label="loc_us-gaapShareBasedCompensationArrangementByShareBasedPaymentAwardSharesPurchasedForAward_60" />
      <link:definitionArc xlink:arcrole="http://xbrl.org/int/dim/arcrole/domain-member" xlink:from="loc_us-gaapStatementLineItems" xlink:to="loc_us-gaapShareBasedCompensationArrangementByShareBasedPaymentAwardSharesPurchasedForAward_60" xlink:type="arc" order="4" />
      <link:loc xlink:type="locator" xlink:href="http://xbrl.fasb.org/us-gaap/2019/elts/us-gaap-2019-01-31.xsd#us-gaap_ShareBasedCompensationArrangementByShareBasedPaymentAwardAwardVestingPeriod1" xlink:label="loc_us-gaapShareBasedCompensationArrangementByShareBasedPaymentAwardAwardVestingPeriod1_60" />
      <link:definitionArc xlink:arcrole="http://xbrl.org/int/dim/arcrole/domain-member" xlink:from="loc_us-gaapStatementLineItems" xlink:to="loc_us-gaapShareBasedCompensationArrangementByShareBasedPaymentAwardAwardVestingPeriod1_60" xlink:type="arc" order="5" />
      <link:loc xlink:type="locator" xlink:href="http://xbrl.fasb.org/us-gaap/2019/elts/us-gaap-2019-01-31.xsd#us-gaap_ShareBasedCompensationArrangementByShareBasedPaymentAwardPerShareWeightedAveragePriceOfSharesPurchased" xlink:label="loc_us-gaapShareBasedCompensationArrangementByShareBasedPaymentAwardPerShareWeightedAveragePriceOfSharesPurchased_60" />
      <link:definitionArc xlink:arcrole="http://xbrl.org/int/dim/arcrole/domain-member" xlink:from="loc_us-gaapStatementLineItems" xlink:to="loc_us-gaapShareBasedCompensationArrangementByShareBasedPaymentAwardPerShareWeightedAveragePriceOfSharesPurchased_60" xlink:type="arc" order="6" />
    </link:definitionLink>
</link:linkbase>
