<?xml version="1.0" encoding="US-ASCII" standalone="no"?>
    <!-- Field: Doc-Info; Name: Generator; Value: GoFiler Complete; Version: 5.0b -->
    <!-- Field: Doc-Info; Name: VendorURI; Value: http://www.novaworks.co -->
    <!-- Field: Doc-Info; Name: Source; Value: MARA %2D 20190630 10Q Q2 DFN.xfr; Date: 2019%2D08%2D01T20:12:06Z -->
    <!-- Field: Doc-Info; Name: Status; Value: 0x80070000 -->
<link:linkbase xmlns:xsi="http://www.w3.org/2001/XMLSchema-instance" xmlns:xlink="http://www.w3.org/1999/xlink" xmlns:link="http://www.xbrl.org/2003/linkbase" xmlns:xbrli="http://www.xbrl.org/2003/instance" xsi:schemaLocation="http://www.xbrl.org/2003/linkbase http://www.xbrl.org/2003/xbrl-linkbase-2003-12-31.xsd">
    <link:roleRef roleURI="http://marathonpg.com/role/DocumentAndEntityInformation" xlink:href="mara-20190630.xsd#DocumentAndEntityInformation" xlink:type="simple" />
    <link:roleRef roleURI="http://marathonpg.com/role/CondensedBalanceSheets" xlink:href="mara-20190630.xsd#CondensedBalanceSheets" xlink:type="simple" />
    <link:roleRef roleURI="http://marathonpg.com/role/CondensedBalanceSheetsParenthetical" xlink:href="mara-20190630.xsd#CondensedBalanceSheetsParenthetical" xlink:type="simple" />
    <link:roleRef roleURI="http://marathonpg.com/role/CondensedStatementsOfOperationsAndComprehensiveIncome" xlink:href="mara-20190630.xsd#CondensedStatementsOfOperationsAndComprehensiveIncome" xlink:type="simple" />
    <link:roleRef roleURI="http://marathonpg.com/role/CondensedStatementsOfStockholdersEquity" xlink:href="mara-20190630.xsd#CondensedStatementsOfStockholdersEquity" xlink:type="simple" />
    <link:roleRef roleURI="http://marathonpg.com/role/CondensedStatementsOfCashFlows" xlink:href="mara-20190630.xsd#CondensedStatementsOfCashFlows" xlink:type="simple" />
    <link:roleRef roleURI="http://marathonpg.com/role/OrganizationAndDescriptionOfBusiness" xlink:href="mara-20190630.xsd#OrganizationAndDescriptionOfBusiness" xlink:type="simple" />
    <link:roleRef roleURI="http://marathonpg.com/role/SummaryOfSignificantAccountingPolicies" xlink:href="mara-20190630.xsd#SummaryOfSignificantAccountingPolicies" xlink:type="simple" />
    <link:roleRef roleURI="http://marathonpg.com/role/DigitalAssetMining" xlink:href="mara-20190630.xsd#DigitalAssetMining" xlink:type="simple" />
    <link:roleRef roleURI="http://marathonpg.com/role/StockholdersEquity" xlink:href="mara-20190630.xsd#StockholdersEquity" xlink:type="simple" />
    <link:roleRef roleURI="http://marathonpg.com/role/DebtCommitmentsAndContingencies" xlink:href="mara-20190630.xsd#DebtCommitmentsAndContingencies" xlink:type="simple" />
    <link:roleRef roleURI="http://marathonpg.com/role/SubsequentEvents" xlink:href="mara-20190630.xsd#SubsequentEvents" xlink:type="simple" />
    <link:roleRef roleURI="http://marathonpg.com/role/SummaryOfSignificantAccountingPoliciesPolicies" xlink:href="mara-20190630.xsd#SummaryOfSignificantAccountingPoliciesPolicies" xlink:type="simple" />
    <link:roleRef roleURI="http://marathonpg.com/role/DisclosureSummaryOfSignificantAccountingPoliciesTables" xlink:href="mara-20190630.xsd#DisclosureSummaryOfSignificantAccountingPoliciesTables" xlink:type="simple" />
    <link:roleRef roleURI="http://marathonpg.com/role/DigitalAssetMiningTables" xlink:href="mara-20190630.xsd#DigitalAssetMiningTables" xlink:type="simple" />
    <link:roleRef roleURI="http://marathonpg.com/role/StockholdersEquityTables" xlink:href="mara-20190630.xsd#StockholdersEquityTables" xlink:type="simple" />
    <link:roleRef roleURI="http://marathonpg.com/role/DebtCommitmentsAndContingenciesTables" xlink:href="mara-20190630.xsd#DebtCommitmentsAndContingenciesTables" xlink:type="simple" />
    <link:roleRef roleURI="http://marathonpg.com/role/OrganizationAndDescriptionOfBusinessDetailsNarrative" xlink:href="mara-20190630.xsd#OrganizationAndDescriptionOfBusinessDetailsNarrative" xlink:type="simple" />
    <link:roleRef roleURI="http://marathonpg.com/role/SummaryOfSignificantAccountingPoliciesDetailsNarrative" xlink:href="mara-20190630.xsd#SummaryOfSignificantAccountingPoliciesDetailsNarrative" xlink:type="simple" />
    <link:roleRef roleURI="http://marathonpg.com/role/SummaryOfSignificantAccountingPolicies-ScheduleOfChangeInFairValueOfAssetsMeasuredLevel1Details" xlink:href="mara-20190630.xsd#SummaryOfSignificantAccountingPolicies-ScheduleOfChangeInFairValueOfAssetsMeasuredLevel1Details" xlink:type="simple" />
    <link:roleRef roleURI="http://marathonpg.com/role/SummaryOfSignificantAccountingPolicies-ScheduleOfAssetsAndLiabilitiesMeasuredAtFairValueOnRecurringBasisDetails" xlink:href="mara-20190630.xsd#SummaryOfSignificantAccountingPolicies-ScheduleOfAssetsAndLiabilitiesMeasuredAtFairValueOnRecurringBasisDetails" xlink:type="simple" />
    <link:roleRef roleURI="http://marathonpg.com/role/SummaryOfSignificantAccountingPolicies-ScheduleOfFairValueOfWarrantLiabilitiesDetails" xlink:href="mara-20190630.xsd#SummaryOfSignificantAccountingPolicies-ScheduleOfFairValueOfWarrantLiabilitiesDetails" xlink:type="simple" />
    <link:roleRef roleURI="http://marathonpg.com/role/SummaryOfSignificantAccountingPolicies-ScheduleOfAntidilutiveSecuritiesExcludedFromComputationOfEarningsPerShareDetails" xlink:href="mara-20190630.xsd#SummaryOfSignificantAccountingPolicies-ScheduleOfAntidilutiveSecuritiesExcludedFromComputationOfEarningsPerShareDetails" xlink:type="simple" />
    <link:roleRef roleURI="http://marathonpg.com/role/SummaryOfSignificantAccountingPolicies-ScheduleOfComputationOfBasicAndDilutedLossPerShareDetails" xlink:href="mara-20190630.xsd#SummaryOfSignificantAccountingPolicies-ScheduleOfComputationOfBasicAndDilutedLossPerShareDetails" xlink:type="simple" />
    <link:roleRef roleURI="http://marathonpg.com/role/DigitalAssetMiningDetailsNarrative" xlink:href="mara-20190630.xsd#DigitalAssetMiningDetailsNarrative" xlink:type="simple" />
    <link:roleRef roleURI="http://marathonpg.com/role/DigitalAssetMining-ComponentsOfPropertyEquipmentAndIntangibleAssetsDetails" xlink:href="mara-20190630.xsd#DigitalAssetMining-ComponentsOfPropertyEquipmentAndIntangibleAssetsDetails" xlink:type="simple" />
    <link:roleRef roleURI="http://marathonpg.com/role/StockholdersEquityDetailsNarrative" xlink:href="mara-20190630.xsd#StockholdersEquityDetailsNarrative" xlink:type="simple" />
    <link:roleRef roleURI="http://marathonpg.com/role/StockholdersEquity-SummaryOfStockOptionsAndChangesDuringPeriodDetails" xlink:href="mara-20190630.xsd#StockholdersEquity-SummaryOfStockOptionsAndChangesDuringPeriodDetails" xlink:type="simple" />
    <link:roleRef roleURI="http://marathonpg.com/role/DebtCommitmentsAndContingenciesDetailsNarrative" xlink:href="mara-20190630.xsd#DebtCommitmentsAndContingenciesDetailsNarrative" xlink:type="simple" />
    <link:roleRef roleURI="http://marathonpg.com/role/DebtCommitmentsAndContingencies-ScheduleOfDebtDetails" xlink:href="mara-20190630.xsd#DebtCommitmentsAndContingencies-ScheduleOfDebtDetails" xlink:type="simple" />
    <link:roleRef roleURI="http://marathonpg.com/role/DebtCommitmentsAndContingencies-ScheduleOfComponentsOfLeaseCostDetails" xlink:href="mara-20190630.xsd#DebtCommitmentsAndContingencies-ScheduleOfComponentsOfLeaseCostDetails" xlink:type="simple" />
    <link:roleRef roleURI="http://marathonpg.com/role/DebtCommitmentsAndContingencies-ScheduleOfWeightedAverageLeaseDetails" xlink:href="mara-20190630.xsd#DebtCommitmentsAndContingencies-ScheduleOfWeightedAverageLeaseDetails" xlink:type="simple" />
    <link:roleRef roleURI="http://marathonpg.com/role/DebtCommitmentsAndContingencies-ScheduleOfMinimumLeasePaymentsDetails" xlink:href="mara-20190630.xsd#DebtCommitmentsAndContingencies-ScheduleOfMinimumLeasePaymentsDetails" xlink:type="simple" />
    <link:roleRef roleURI="http://marathonpg.com/role/SubsequentEventsDetailsNarrative" xlink:href="mara-20190630.xsd#SubsequentEventsDetailsNarrative" xlink:type="simple" />
    <link:calculationLink xlink:type="extended" xlink:role="http://marathonpg.com/role/DocumentAndEntityInformation" xlink:title="00000001 - Document - Document and Entity Information" />
    <link:calculationLink xlink:type="extended" xlink:role="http://marathonpg.com/role/CondensedBalanceSheets" xlink:title="00000002 - Statement - Consolidated Condensed Balance Sheets">
      <link:loc xlink:type="locator" xlink:href="http://xbrl.fasb.org/us-gaap/2019/elts/us-gaap-2019-01-31.xsd#us-gaap_AssetsCurrent" xlink:label="loc_us-gaapAssetsCurrent" />
      <link:loc xlink:type="locator" xlink:href="http://xbrl.fasb.org/us-gaap/2019/elts/us-gaap-2019-01-31.xsd#us-gaap_CashAndCashEquivalentsAtCarryingValue" xlink:label="loc_us-gaapCashAndCashEquivalentsAtCarryingValue" />
      <link:calculationArc order="1" xlink:arcrole="http://www.xbrl.org/2003/arcrole/summation-item" xlink:from="loc_us-gaapAssetsCurrent" xlink:to="loc_us-gaapCashAndCashEquivalentsAtCarryingValue" xlink:type="arc" weight="1" />
      <link:loc xlink:type="locator" xlink:href="http://xbrl.fasb.org/us-gaap/2019/elts/us-gaap-2019-01-31.xsd#us-gaap_PrepaidExpenseAndOtherAssetsCurrent" xlink:label="loc_us-gaapPrepaidExpenseAndOtherAssetsCurrent" />
      <link:calculationArc order="2" xlink:arcrole="http://www.xbrl.org/2003/arcrole/summation-item" xlink:from="loc_us-gaapAssetsCurrent" xlink:to="loc_us-gaapPrepaidExpenseAndOtherAssetsCurrent" xlink:type="arc" weight="1" />
      <link:loc xlink:type="locator" xlink:href="mara-20190630.xsd#MARA_DigitalCurrencies" xlink:label="loc_MARADigitalCurrencies" />
      <link:calculationArc order="3" xlink:arcrole="http://www.xbrl.org/2003/arcrole/summation-item" xlink:from="loc_us-gaapAssetsCurrent" xlink:to="loc_MARADigitalCurrencies" xlink:type="arc" weight="1" />
      <link:loc xlink:type="locator" xlink:href="http://xbrl.fasb.org/us-gaap/2019/elts/us-gaap-2019-01-31.xsd#us-gaap_AssetsNoncurrent" xlink:label="loc_us-gaapAssetsNoncurrent" />
      <link:loc xlink:type="locator" xlink:href="http://xbrl.fasb.org/us-gaap/2019/elts/us-gaap-2019-01-31.xsd#us-gaap_PropertyPlantAndEquipmentNet" xlink:label="loc_us-gaapPropertyPlantAndEquipmentNet" />
      <link:calculationArc order="1" xlink:arcrole="http://www.xbrl.org/2003/arcrole/summation-item" xlink:from="loc_us-gaapAssetsNoncurrent" xlink:to="loc_us-gaapPropertyPlantAndEquipmentNet" xlink:type="arc" weight="1" />
      <link:loc xlink:type="locator" xlink:href="http://xbrl.fasb.org/us-gaap/2019/elts/us-gaap-2019-01-31.xsd#us-gaap_FiniteLivedIntangibleAssetsNet" xlink:label="loc_us-gaapFiniteLivedIntangibleAssetsNet" />
      <link:calculationArc order="2" xlink:arcrole="http://www.xbrl.org/2003/arcrole/summation-item" xlink:from="loc_us-gaapAssetsNoncurrent" xlink:to="loc_us-gaapFiniteLivedIntangibleAssetsNet" xlink:type="arc" weight="1" />
      <link:loc xlink:type="locator" xlink:href="http://xbrl.fasb.org/us-gaap/2019/elts/us-gaap-2019-01-31.xsd#us-gaap_OperatingLeaseRightOfUseAsset" xlink:label="loc_us-gaapOperatingLeaseRightOfUseAsset" />
      <link:calculationArc order="3" xlink:arcrole="http://www.xbrl.org/2003/arcrole/summation-item" xlink:from="loc_us-gaapAssetsNoncurrent" xlink:to="loc_us-gaapOperatingLeaseRightOfUseAsset" xlink:type="arc" weight="1" />
      <link:loc xlink:type="locator" xlink:href="http://xbrl.fasb.org/us-gaap/2019/elts/us-gaap-2019-01-31.xsd#us-gaap_Assets" xlink:label="loc_us-gaapAssets" />
      <link:calculationArc order="1" xlink:arcrole="http://www.xbrl.org/2003/arcrole/summation-item" xlink:from="loc_us-gaapAssets" xlink:to="loc_us-gaapAssetsCurrent" xlink:type="arc" weight="1" />
      <link:calculationArc order="2" xlink:arcrole="http://www.xbrl.org/2003/arcrole/summation-item" xlink:from="loc_us-gaapAssets" xlink:to="loc_us-gaapAssetsNoncurrent" xlink:type="arc" weight="1" />
      <link:loc xlink:type="locator" xlink:href="http://xbrl.fasb.org/us-gaap/2019/elts/us-gaap-2019-01-31.xsd#us-gaap_LiabilitiesCurrent" xlink:label="loc_us-gaapLiabilitiesCurrent" />
      <link:loc xlink:type="locator" xlink:href="http://xbrl.fasb.org/us-gaap/2019/elts/us-gaap-2019-01-31.xsd#us-gaap_AccountsPayableAndAccruedLiabilitiesCurrent" xlink:label="loc_us-gaapAccountsPayableAndAccruedLiabilitiesCurrent" />
      <link:calculationArc order="1" xlink:arcrole="http://www.xbrl.org/2003/arcrole/summation-item" xlink:from="loc_us-gaapLiabilitiesCurrent" xlink:to="loc_us-gaapAccountsPayableAndAccruedLiabilitiesCurrent" xlink:type="arc" weight="1" />
      <link:loc xlink:type="locator" xlink:href="http://xbrl.fasb.org/us-gaap/2019/elts/us-gaap-2019-01-31.xsd#us-gaap_WarrantsAndRightsOutstanding" xlink:label="loc_us-gaapWarrantsAndRightsOutstanding" />
      <link:calculationArc order="2" xlink:arcrole="http://www.xbrl.org/2003/arcrole/summation-item" xlink:from="loc_us-gaapLiabilitiesCurrent" xlink:to="loc_us-gaapWarrantsAndRightsOutstanding" xlink:type="arc" weight="1" />
      <link:loc xlink:type="locator" xlink:href="http://xbrl.fasb.org/us-gaap/2019/elts/us-gaap-2019-01-31.xsd#us-gaap_NotesPayableCurrent" xlink:label="loc_us-gaapNotesPayableCurrent" />
      <link:calculationArc order="3" xlink:arcrole="http://www.xbrl.org/2003/arcrole/summation-item" xlink:from="loc_us-gaapLiabilitiesCurrent" xlink:to="loc_us-gaapNotesPayableCurrent" xlink:type="arc" weight="1" />
      <link:loc xlink:type="locator" xlink:href="http://xbrl.fasb.org/us-gaap/2019/elts/us-gaap-2019-01-31.xsd#us-gaap_OperatingLeaseLiabilityCurrent" xlink:label="loc_us-gaapOperatingLeaseLiabilityCurrent" />
      <link:calculationArc order="4" xlink:arcrole="http://www.xbrl.org/2003/arcrole/summation-item" xlink:from="loc_us-gaapLiabilitiesCurrent" xlink:to="loc_us-gaapOperatingLeaseLiabilityCurrent" xlink:type="arc" weight="1" />
      <link:loc xlink:type="locator" xlink:href="http://xbrl.fasb.org/us-gaap/2019/elts/us-gaap-2019-01-31.xsd#us-gaap_LiabilitiesNoncurrent" xlink:label="loc_us-gaapLiabilitiesNoncurrent" />
      <link:loc xlink:type="locator" xlink:href="http://xbrl.fasb.org/us-gaap/2019/elts/us-gaap-2019-01-31.xsd#us-gaap_OperatingLeaseLiabilityNoncurrent" xlink:label="loc_us-gaapOperatingLeaseLiabilityNoncurrent" />
      <link:calculationArc order="1" xlink:arcrole="http://www.xbrl.org/2003/arcrole/summation-item" xlink:from="loc_us-gaapLiabilitiesNoncurrent" xlink:to="loc_us-gaapOperatingLeaseLiabilityNoncurrent" xlink:type="arc" weight="1" />
      <link:loc xlink:type="locator" xlink:href="http://xbrl.fasb.org/us-gaap/2019/elts/us-gaap-2019-01-31.xsd#us-gaap_Liabilities" xlink:label="loc_us-gaapLiabilities" />
      <link:calculationArc order="1" xlink:arcrole="http://www.xbrl.org/2003/arcrole/summation-item" xlink:from="loc_us-gaapLiabilities" xlink:to="loc_us-gaapLiabilitiesCurrent" xlink:type="arc" weight="1" />
      <link:calculationArc order="2" xlink:arcrole="http://www.xbrl.org/2003/arcrole/summation-item" xlink:from="loc_us-gaapLiabilities" xlink:to="loc_us-gaapLiabilitiesNoncurrent" xlink:type="arc" weight="1" />
      <link:loc xlink:type="locator" xlink:href="http://xbrl.fasb.org/us-gaap/2019/elts/us-gaap-2019-01-31.xsd#us-gaap_StockholdersEquity" xlink:label="loc_us-gaapStockholdersEquity" />
      <link:loc xlink:type="locator" xlink:href="http://xbrl.fasb.org/us-gaap/2019/elts/us-gaap-2019-01-31.xsd#us-gaap_PreferredStockValue" xlink:label="loc_us-gaapPreferredStockValue" />
      <link:calculationArc order="1" xlink:arcrole="http://www.xbrl.org/2003/arcrole/summation-item" xlink:from="loc_us-gaapStockholdersEquity" xlink:to="loc_us-gaapPreferredStockValue" xlink:type="arc" weight="1" />
      <link:loc xlink:type="locator" xlink:href="http://xbrl.fasb.org/us-gaap/2019/elts/us-gaap-2019-01-31.xsd#us-gaap_CommonStockValue" xlink:label="loc_us-gaapCommonStockValue" />
      <link:calculationArc order="2" xlink:arcrole="http://www.xbrl.org/2003/arcrole/summation-item" xlink:from="loc_us-gaapStockholdersEquity" xlink:to="loc_us-gaapCommonStockValue" xlink:type="arc" weight="1" />
      <link:loc xlink:type="locator" xlink:href="http://xbrl.fasb.org/us-gaap/2019/elts/us-gaap-2019-01-31.xsd#us-gaap_AdditionalPaidInCapital" xlink:label="loc_us-gaapAdditionalPaidInCapital" />
      <link:calculationArc order="3" xlink:arcrole="http://www.xbrl.org/2003/arcrole/summation-item" xlink:from="loc_us-gaapStockholdersEquity" xlink:to="loc_us-gaapAdditionalPaidInCapital" xlink:type="arc" weight="1" />
      <link:loc xlink:type="locator" xlink:href="http://xbrl.fasb.org/us-gaap/2019/elts/us-gaap-2019-01-31.xsd#us-gaap_AccumulatedOtherComprehensiveIncomeLossNetOfTax" xlink:label="loc_us-gaapAccumulatedOtherComprehensiveIncomeLossNetOfTax" />
      <link:calculationArc order="4" xlink:arcrole="http://www.xbrl.org/2003/arcrole/summation-item" xlink:from="loc_us-gaapStockholdersEquity" xlink:to="loc_us-gaapAccumulatedOtherComprehensiveIncomeLossNetOfTax" xlink:type="arc" weight="1" />
      <link:loc xlink:type="locator" xlink:href="http://xbrl.fasb.org/us-gaap/2019/elts/us-gaap-2019-01-31.xsd#us-gaap_RetainedEarningsAccumulatedDeficit" xlink:label="loc_us-gaapRetainedEarningsAccumulatedDeficit" />
      <link:calculationArc order="5" xlink:arcrole="http://www.xbrl.org/2003/arcrole/summation-item" xlink:from="loc_us-gaapStockholdersEquity" xlink:to="loc_us-gaapRetainedEarningsAccumulatedDeficit" xlink:type="arc" weight="1" />
      <link:loc xlink:type="locator" xlink:href="http://xbrl.fasb.org/us-gaap/2019/elts/us-gaap-2019-01-31.xsd#us-gaap_LiabilitiesAndStockholdersEquity" xlink:label="loc_us-gaapLiabilitiesAndStockholdersEquity" />
      <link:calculationArc order="1" xlink:arcrole="http://www.xbrl.org/2003/arcrole/summation-item" xlink:from="loc_us-gaapLiabilitiesAndStockholdersEquity" xlink:to="loc_us-gaapLiabilities" xlink:type="arc" weight="1" />
      <link:calculationArc order="2" xlink:arcrole="http://www.xbrl.org/2003/arcrole/summation-item" xlink:from="loc_us-gaapLiabilitiesAndStockholdersEquity" xlink:to="loc_us-gaapStockholdersEquity" xlink:type="arc" weight="1" />
    </link:calculationLink>
    <link:calculationLink xlink:type="extended" xlink:role="http://marathonpg.com/role/CondensedBalanceSheetsParenthetical" xlink:title="00000003 - Statement - Consolidated Condensed Balance Sheets (Parenthetical)" />
    <link:calculationLink xlink:type="extended" xlink:role="http://marathonpg.com/role/CondensedStatementsOfOperationsAndComprehensiveIncome" xlink:title="00000004 - Statement - Consolidated Condensed Statements of Operations and Comprehensive Income (Unaudited)">
      <link:loc xlink:type="locator" xlink:href="http://xbrl.fasb.org/us-gaap/2019/elts/us-gaap-2019-01-31.xsd#us-gaap_OperatingExpenses" xlink:label="loc_us-gaapOperatingExpenses" />
      <link:loc xlink:type="locator" xlink:href="http://xbrl.fasb.org/us-gaap/2019/elts/us-gaap-2019-01-31.xsd#us-gaap_LaborAndRelatedExpense" xlink:label="loc_us-gaapLaborAndRelatedExpense" />
      <link:calculationArc order="1" xlink:arcrole="http://www.xbrl.org/2003/arcrole/summation-item" xlink:from="loc_us-gaapOperatingExpenses" xlink:to="loc_us-gaapLaborAndRelatedExpense" xlink:type="arc" weight="1" />
      <link:loc xlink:type="locator" xlink:href="mara-20190630.xsd#MARA_ProfessionalAndContractServicesExpenseBenefit" xlink:label="loc_MARAProfessionalAndContractServicesExpenseBenefit" />
      <link:calculationArc order="2" xlink:arcrole="http://www.xbrl.org/2003/arcrole/summation-item" xlink:from="loc_us-gaapOperatingExpenses" xlink:to="loc_MARAProfessionalAndContractServicesExpenseBenefit" xlink:type="arc" weight="1" />
      <link:loc xlink:type="locator" xlink:href="http://xbrl.fasb.org/us-gaap/2019/elts/us-gaap-2019-01-31.xsd#us-gaap_ProfessionalFees" xlink:label="loc_us-gaapProfessionalFees" />
      <link:calculationArc order="3" xlink:arcrole="http://www.xbrl.org/2003/arcrole/summation-item" xlink:from="loc_us-gaapOperatingExpenses" xlink:to="loc_us-gaapProfessionalFees" xlink:type="arc" weight="1" />
      <link:loc xlink:type="locator" xlink:href="http://xbrl.fasb.org/us-gaap/2019/elts/us-gaap-2019-01-31.xsd#us-gaap_GeneralAndAdministrativeExpense" xlink:label="loc_us-gaapGeneralAndAdministrativeExpense" />
      <link:calculationArc order="4" xlink:arcrole="http://www.xbrl.org/2003/arcrole/summation-item" xlink:from="loc_us-gaapOperatingExpenses" xlink:to="loc_us-gaapGeneralAndAdministrativeExpense" xlink:type="arc" weight="1" />
      <link:loc xlink:type="locator" xlink:href="http://xbrl.fasb.org/us-gaap/2019/elts/us-gaap-2019-01-31.xsd#us-gaap_CostOfRevenue" xlink:label="loc_us-gaapCostOfRevenue" />
      <link:calculationArc order="5" xlink:arcrole="http://www.xbrl.org/2003/arcrole/summation-item" xlink:from="loc_us-gaapOperatingExpenses" xlink:to="loc_us-gaapCostOfRevenue" xlink:type="arc" weight="1" />
      <link:loc xlink:type="locator" xlink:href="mara-20190630.xsd#MARA_ShareBreakUpFee" xlink:label="loc_MARAShareBreakUpFee" />
      <link:calculationArc order="6" xlink:arcrole="http://www.xbrl.org/2003/arcrole/summation-item" xlink:from="loc_us-gaapOperatingExpenses" xlink:to="loc_MARAShareBreakUpFee" xlink:type="arc" weight="1" />
      <link:loc xlink:type="locator" xlink:href="http://xbrl.fasb.org/us-gaap/2019/elts/us-gaap-2019-01-31.xsd#us-gaap_OperatingIncomeLoss" xlink:label="loc_us-gaapOperatingIncomeLoss" />
      <link:calculationArc order="1" xlink:arcrole="http://www.xbrl.org/2003/arcrole/summation-item" xlink:from="loc_us-gaapOperatingIncomeLoss" xlink:to="loc_us-gaapOperatingExpenses" xlink:type="arc" weight="-1" />
      <link:loc xlink:type="locator" xlink:href="http://xbrl.fasb.org/us-gaap/2019/elts/us-gaap-2019-01-31.xsd#us-gaap_RevenueFromContractWithCustomerExcludingAssessedTax" xlink:label="loc_us-gaapRevenueFromContractWithCustomerExcludingAssessedTax" />
      <link:calculationArc order="2" xlink:arcrole="http://www.xbrl.org/2003/arcrole/summation-item" xlink:from="loc_us-gaapOperatingIncomeLoss" xlink:to="loc_us-gaapRevenueFromContractWithCustomerExcludingAssessedTax" xlink:type="arc" weight="1" />
      <link:loc xlink:type="locator" xlink:href="http://xbrl.fasb.org/us-gaap/2019/elts/us-gaap-2019-01-31.xsd#us-gaap_NonoperatingIncomeExpense" xlink:label="loc_us-gaapNonoperatingIncomeExpense" />
      <link:loc xlink:type="locator" xlink:href="http://xbrl.fasb.org/us-gaap/2019/elts/us-gaap-2019-01-31.xsd#us-gaap_OtherNonoperatingIncomeExpense" xlink:label="loc_us-gaapOtherNonoperatingIncomeExpense" />
      <link:calculationArc order="1" xlink:arcrole="http://www.xbrl.org/2003/arcrole/summation-item" xlink:from="loc_us-gaapNonoperatingIncomeExpense" xlink:to="loc_us-gaapOtherNonoperatingIncomeExpense" xlink:type="arc" weight="1" />
      <link:loc xlink:type="locator" xlink:href="http://xbrl.fasb.org/us-gaap/2019/elts/us-gaap-2019-01-31.xsd#us-gaap_EffectOfExchangeRateOnCash" xlink:label="loc_us-gaapEffectOfExchangeRateOnCash" />
      <link:calculationArc order="2" xlink:arcrole="http://www.xbrl.org/2003/arcrole/summation-item" xlink:from="loc_us-gaapNonoperatingIncomeExpense" xlink:to="loc_us-gaapEffectOfExchangeRateOnCash" xlink:type="arc" weight="-1" />
      <link:loc xlink:type="locator" xlink:href="mara-20190630.xsd#MARA_RealizedGainLossOnSaleOfDigitalCurrencies" xlink:label="loc_MARARealizedGainLossOnSaleOfDigitalCurrencies" />
      <link:calculationArc order="3" xlink:arcrole="http://www.xbrl.org/2003/arcrole/summation-item" xlink:from="loc_us-gaapNonoperatingIncomeExpense" xlink:to="loc_MARARealizedGainLossOnSaleOfDigitalCurrencies" xlink:type="arc" weight="-1" />
      <link:loc xlink:type="locator" xlink:href="http://xbrl.fasb.org/us-gaap/2019/elts/us-gaap-2019-01-31.xsd#us-gaap_FairValueAdjustmentOfWarrants" xlink:label="loc_us-gaapFairValueAdjustmentOfWarrants" />
      <link:calculationArc order="4" xlink:arcrole="http://www.xbrl.org/2003/arcrole/summation-item" xlink:from="loc_us-gaapNonoperatingIncomeExpense" xlink:to="loc_us-gaapFairValueAdjustmentOfWarrants" xlink:type="arc" weight="-1" />
      <link:loc xlink:type="locator" xlink:href="http://xbrl.fasb.org/us-gaap/2019/elts/us-gaap-2019-01-31.xsd#us-gaap_AmortizationOfDebtDiscountPremium" xlink:label="loc_us-gaapAmortizationOfDebtDiscountPremium" />
      <link:calculationArc order="5" xlink:arcrole="http://www.xbrl.org/2003/arcrole/summation-item" xlink:from="loc_us-gaapNonoperatingIncomeExpense" xlink:to="loc_us-gaapAmortizationOfDebtDiscountPremium" xlink:type="arc" weight="-1" />
      <link:loc xlink:type="locator" xlink:href="http://xbrl.fasb.org/us-gaap/2019/elts/us-gaap-2019-01-31.xsd#us-gaap_InvestmentIncomeInterest" xlink:label="loc_us-gaapInvestmentIncomeInterest" />
      <link:calculationArc order="6" xlink:arcrole="http://www.xbrl.org/2003/arcrole/summation-item" xlink:from="loc_us-gaapNonoperatingIncomeExpense" xlink:to="loc_us-gaapInvestmentIncomeInterest" xlink:type="arc" weight="1" />
      <link:loc xlink:type="locator" xlink:href="http://xbrl.fasb.org/us-gaap/2019/elts/us-gaap-2019-01-31.xsd#us-gaap_InterestExpense" xlink:label="loc_us-gaapInterestExpense" />
      <link:calculationArc order="7" xlink:arcrole="http://www.xbrl.org/2003/arcrole/summation-item" xlink:from="loc_us-gaapNonoperatingIncomeExpense" xlink:to="loc_us-gaapInterestExpense" xlink:type="arc" weight="-1" />
      <link:loc xlink:type="locator" xlink:href="http://xbrl.fasb.org/us-gaap/2019/elts/us-gaap-2019-01-31.xsd#us-gaap_NetIncomeLoss" xlink:label="loc_us-gaapNetIncomeLoss" />
      <link:calculationArc order="1" xlink:arcrole="http://www.xbrl.org/2003/arcrole/summation-item" xlink:from="loc_us-gaapNetIncomeLoss" xlink:to="loc_us-gaapOperatingIncomeLoss" xlink:type="arc" weight="1" />
      <link:calculationArc order="2" xlink:arcrole="http://www.xbrl.org/2003/arcrole/summation-item" xlink:from="loc_us-gaapNetIncomeLoss" xlink:to="loc_us-gaapNonoperatingIncomeExpense" xlink:type="arc" weight="1" />
      <link:loc xlink:type="locator" xlink:href="http://xbrl.fasb.org/us-gaap/2019/elts/us-gaap-2019-01-31.xsd#us-gaap_ComprehensiveIncomeNetOfTax" xlink:label="loc_us-gaapComprehensiveIncomeNetOfTax" />
      <link:calculationArc order="1" xlink:arcrole="http://www.xbrl.org/2003/arcrole/summation-item" xlink:from="loc_us-gaapComprehensiveIncomeNetOfTax" xlink:to="loc_us-gaapNetIncomeLoss" xlink:type="arc" weight="1" />
      <link:loc xlink:type="locator" xlink:href="http://xbrl.fasb.org/us-gaap/2019/elts/us-gaap-2019-01-31.xsd#us-gaap_OtherComprehensiveIncomeForeignCurrencyTransactionAndTranslationAdjustmentNetOfTaxPortionAttributableToParent" xlink:label="loc_us-gaapOtherComprehensiveIncomeForeignCurrencyTransactionAndTranslationAdjustmentNetOfTaxPortionAttributableToParent" />
      <link:calculationArc order="2" xlink:arcrole="http://www.xbrl.org/2003/arcrole/summation-item" xlink:from="loc_us-gaapComprehensiveIncomeNetOfTax" xlink:to="loc_us-gaapOtherComprehensiveIncomeForeignCurrencyTransactionAndTranslationAdjustmentNetOfTaxPortionAttributableToParent" xlink:type="arc" weight="1" />
    </link:calculationLink>
    <link:calculationLink xlink:type="extended" xlink:role="http://marathonpg.com/role/CondensedStatementsOfStockholdersEquity" xlink:title="00000005 - Statement - Consolidated Condensed Statements of Stockholders' Equity (Unaudited)" />
    <link:calculationLink xlink:type="extended" xlink:role="http://marathonpg.com/role/CondensedStatementsOfCashFlows" xlink:title="00000006 - Statement - Consolidated Condensed Statements of Cash Flows (Unaudited)">
      <link:loc xlink:type="locator" xlink:href="http://xbrl.fasb.org/us-gaap/2019/elts/us-gaap-2019-01-31.xsd#us-gaap_NetCashProvidedByUsedInOperatingActivities" xlink:label="loc_us-gaapNetCashProvidedByUsedInOperatingActivities" />
      <link:loc xlink:type="locator" xlink:href="http://xbrl.fasb.org/us-gaap/2019/elts/us-gaap-2019-01-31.xsd#us-gaap_NetIncomeLoss" xlink:label="loc_us-gaapNetIncomeLoss" />
      <link:calculationArc order="1" xlink:arcrole="http://www.xbrl.org/2003/arcrole/summation-item" xlink:from="loc_us-gaapNetCashProvidedByUsedInOperatingActivities" xlink:to="loc_us-gaapNetIncomeLoss" xlink:type="arc" weight="1" />
      <link:loc xlink:type="locator" xlink:href="http://xbrl.fasb.org/us-gaap/2019/elts/us-gaap-2019-01-31.xsd#us-gaap_Depreciation" xlink:label="loc_us-gaapDepreciation" />
      <link:calculationArc order="2" xlink:arcrole="http://www.xbrl.org/2003/arcrole/summation-item" xlink:from="loc_us-gaapNetCashProvidedByUsedInOperatingActivities" xlink:to="loc_us-gaapDepreciation" xlink:type="arc" weight="1" />
      <link:loc xlink:type="locator" xlink:href="http://xbrl.fasb.org/us-gaap/2019/elts/us-gaap-2019-01-31.xsd#us-gaap_AmortizationOfIntangibleAssets" xlink:label="loc_us-gaapAmortizationOfIntangibleAssets" />
      <link:calculationArc order="3" xlink:arcrole="http://www.xbrl.org/2003/arcrole/summation-item" xlink:from="loc_us-gaapNetCashProvidedByUsedInOperatingActivities" xlink:to="loc_us-gaapAmortizationOfIntangibleAssets" xlink:type="arc" weight="1" />
      <link:loc xlink:type="locator" xlink:href="http://xbrl.fasb.org/us-gaap/2019/elts/us-gaap-2019-01-31.xsd#us-gaap_FairValueAdjustmentOfWarrants" xlink:label="loc_us-gaapFairValueAdjustmentOfWarrants" />
      <link:calculationArc order="4" xlink:arcrole="http://www.xbrl.org/2003/arcrole/summation-item" xlink:from="loc_us-gaapNetCashProvidedByUsedInOperatingActivities" xlink:to="loc_us-gaapFairValueAdjustmentOfWarrants" xlink:type="arc" weight="1" />
      <link:loc xlink:type="locator" xlink:href="http://xbrl.fasb.org/us-gaap/2019/elts/us-gaap-2019-01-31.xsd#us-gaap_ShareBasedCompensation" xlink:label="loc_us-gaapShareBasedCompensation" />
      <link:calculationArc order="5" xlink:arcrole="http://www.xbrl.org/2003/arcrole/summation-item" xlink:from="loc_us-gaapNetCashProvidedByUsedInOperatingActivities" xlink:to="loc_us-gaapShareBasedCompensation" xlink:type="arc" weight="1" />
      <link:loc xlink:type="locator" xlink:href="http://xbrl.fasb.org/us-gaap/2019/elts/us-gaap-2019-01-31.xsd#us-gaap_AmortizationOfDebtDiscountPremium" xlink:label="loc_us-gaapAmortizationOfDebtDiscountPremium" />
      <link:calculationArc order="6" xlink:arcrole="http://www.xbrl.org/2003/arcrole/summation-item" xlink:from="loc_us-gaapNetCashProvidedByUsedInOperatingActivities" xlink:to="loc_us-gaapAmortizationOfDebtDiscountPremium" xlink:type="arc" weight="1" />
      <link:loc xlink:type="locator" xlink:href="http://xbrl.fasb.org/us-gaap/2019/elts/us-gaap-2019-01-31.xsd#us-gaap_ProvisionForDoubtfulAccounts" xlink:label="loc_us-gaapProvisionForDoubtfulAccounts" />
      <link:calculationArc order="7" xlink:arcrole="http://www.xbrl.org/2003/arcrole/summation-item" xlink:from="loc_us-gaapNetCashProvidedByUsedInOperatingActivities" xlink:to="loc_us-gaapProvisionForDoubtfulAccounts" xlink:type="arc" weight="1" />
      <link:loc xlink:type="locator" xlink:href="mara-20190630.xsd#MARA_IncreaseDecreaseInDigitalCurrencies" xlink:label="loc_MARAIncreaseDecreaseInDigitalCurrencies" />
      <link:calculationArc order="8" xlink:arcrole="http://www.xbrl.org/2003/arcrole/summation-item" xlink:from="loc_us-gaapNetCashProvidedByUsedInOperatingActivities" xlink:to="loc_MARAIncreaseDecreaseInDigitalCurrencies" xlink:type="arc" weight="-1" />
      <link:loc xlink:type="locator" xlink:href="mara-20190630.xsd#MARA_IncreaseDecreaseInLitigationLiability" xlink:label="loc_MARAIncreaseDecreaseInLitigationLiability" />
      <link:calculationArc order="9" xlink:arcrole="http://www.xbrl.org/2003/arcrole/summation-item" xlink:from="loc_us-gaapNetCashProvidedByUsedInOperatingActivities" xlink:to="loc_MARAIncreaseDecreaseInLitigationLiability" xlink:type="arc" weight="1" />
      <link:loc xlink:type="locator" xlink:href="http://xbrl.fasb.org/us-gaap/2019/elts/us-gaap-2019-01-31.xsd#us-gaap_IncreaseDecreaseInPrepaidDeferredExpenseAndOtherAssets" xlink:label="loc_us-gaapIncreaseDecreaseInPrepaidDeferredExpenseAndOtherAssets" />
      <link:calculationArc order="10" xlink:arcrole="http://www.xbrl.org/2003/arcrole/summation-item" xlink:from="loc_us-gaapNetCashProvidedByUsedInOperatingActivities" xlink:to="loc_us-gaapIncreaseDecreaseInPrepaidDeferredExpenseAndOtherAssets" xlink:type="arc" weight="-1" />
      <link:loc xlink:type="locator" xlink:href="http://xbrl.fasb.org/us-gaap/2019/elts/us-gaap-2019-01-31.xsd#us-gaap_IncreaseDecreaseInAccountsPayableAndAccruedLiabilities" xlink:label="loc_us-gaapIncreaseDecreaseInAccountsPayableAndAccruedLiabilities" />
      <link:calculationArc order="11" xlink:arcrole="http://www.xbrl.org/2003/arcrole/summation-item" xlink:from="loc_us-gaapNetCashProvidedByUsedInOperatingActivities" xlink:to="loc_us-gaapIncreaseDecreaseInAccountsPayableAndAccruedLiabilities" xlink:type="arc" weight="1" />
      <link:loc xlink:type="locator" xlink:href="mara-20190630.xsd#MARA_OperatingLeaseRightOfUseAssetAmortization" xlink:label="loc_MARAOperatingLeaseRightOfUseAssetAmortization" />
      <link:calculationArc order="12" xlink:arcrole="http://www.xbrl.org/2003/arcrole/summation-item" xlink:from="loc_us-gaapNetCashProvidedByUsedInOperatingActivities" xlink:to="loc_MARAOperatingLeaseRightOfUseAssetAmortization" xlink:type="arc" weight="1" />
      <link:loc xlink:type="locator" xlink:href="mara-20190630.xsd#MARA_RealizedGainLossOnSaleOfDigitalCurrencies" xlink:label="loc_MARARealizedGainLossOnSaleOfDigitalCurrencies" />
      <link:calculationArc order="13" xlink:arcrole="http://www.xbrl.org/2003/arcrole/summation-item" xlink:from="loc_us-gaapNetCashProvidedByUsedInOperatingActivities" xlink:to="loc_MARARealizedGainLossOnSaleOfDigitalCurrencies" xlink:type="arc" weight="1" />
      <link:loc xlink:type="locator" xlink:href="mara-20190630.xsd#MARA_ShareBreakUpFee" xlink:label="loc_MARAShareBreakUpFee" />
      <link:calculationArc order="14" xlink:arcrole="http://www.xbrl.org/2003/arcrole/summation-item" xlink:from="loc_us-gaapNetCashProvidedByUsedInOperatingActivities" xlink:to="loc_MARAShareBreakUpFee" xlink:type="arc" weight="1" />
      <link:loc xlink:type="locator" xlink:href="mara-20190630.xsd#MARA_IncreaseDecreaseInLeaseLiability" xlink:label="loc_MARAIncreaseDecreaseInLeaseLiability" />
      <link:calculationArc order="15" xlink:arcrole="http://www.xbrl.org/2003/arcrole/summation-item" xlink:from="loc_us-gaapNetCashProvidedByUsedInOperatingActivities" xlink:to="loc_MARAIncreaseDecreaseInLeaseLiability" xlink:type="arc" weight="1" />
      <link:loc xlink:type="locator" xlink:href="http://xbrl.fasb.org/us-gaap/2019/elts/us-gaap-2019-01-31.xsd#us-gaap_NetCashProvidedByUsedInInvestingActivities" xlink:label="loc_us-gaapNetCashProvidedByUsedInInvestingActivities" />
      <link:loc xlink:type="locator" xlink:href="http://xbrl.fasb.org/us-gaap/2019/elts/us-gaap-2019-01-31.xsd#us-gaap_PaymentsToAcquireIntangibleAssets" xlink:label="loc_us-gaapPaymentsToAcquireIntangibleAssets" />
      <link:calculationArc order="1" xlink:arcrole="http://www.xbrl.org/2003/arcrole/summation-item" xlink:from="loc_us-gaapNetCashProvidedByUsedInInvestingActivities" xlink:to="loc_us-gaapPaymentsToAcquireIntangibleAssets" xlink:type="arc" weight="-1" />
      <link:loc xlink:type="locator" xlink:href="http://xbrl.fasb.org/us-gaap/2019/elts/us-gaap-2019-01-31.xsd#us-gaap_PaymentsToAcquirePropertyPlantAndEquipment" xlink:label="loc_us-gaapPaymentsToAcquirePropertyPlantAndEquipment" />
      <link:calculationArc order="2" xlink:arcrole="http://www.xbrl.org/2003/arcrole/summation-item" xlink:from="loc_us-gaapNetCashProvidedByUsedInInvestingActivities" xlink:to="loc_us-gaapPaymentsToAcquirePropertyPlantAndEquipment" xlink:type="arc" weight="-1" />
      <link:loc xlink:type="locator" xlink:href="mara-20190630.xsd#MARA_ProceedsFromSaleOfDigitalCurrencies" xlink:label="loc_MARAProceedsFromSaleOfDigitalCurrencies" />
      <link:calculationArc order="3" xlink:arcrole="http://www.xbrl.org/2003/arcrole/summation-item" xlink:from="loc_us-gaapNetCashProvidedByUsedInInvestingActivities" xlink:to="loc_MARAProceedsFromSaleOfDigitalCurrencies" xlink:type="arc" weight="1" />
      <link:loc xlink:type="locator" xlink:href="http://xbrl.fasb.org/us-gaap/2019/elts/us-gaap-2019-01-31.xsd#us-gaap_CashCashEquivalentsRestrictedCashAndRestrictedCashEquivalentsPeriodIncreaseDecreaseIncludingExchangeRateEffect" xlink:label="loc_us-gaapCashCashEquivalentsRestrictedCashAndRestrictedCashEquivalentsPeriodIncreaseDecreaseIncludingExchangeRateEffect" />
      <link:calculationArc order="1" xlink:arcrole="http://www.xbrl.org/2003/arcrole/summation-item" xlink:from="loc_us-gaapCashCashEquivalentsRestrictedCashAndRestrictedCashEquivalentsPeriodIncreaseDecreaseIncludingExchangeRateEffect" xlink:to="loc_us-gaapNetCashProvidedByUsedInOperatingActivities" xlink:type="arc" weight="1" />
      <link:calculationArc order="2" xlink:arcrole="http://www.xbrl.org/2003/arcrole/summation-item" xlink:from="loc_us-gaapCashCashEquivalentsRestrictedCashAndRestrictedCashEquivalentsPeriodIncreaseDecreaseIncludingExchangeRateEffect" xlink:to="loc_us-gaapNetCashProvidedByUsedInInvestingActivities" xlink:type="arc" weight="1" />
      <link:loc xlink:type="locator" xlink:href="http://xbrl.fasb.org/us-gaap/2019/elts/us-gaap-2019-01-31.xsd#us-gaap_EffectOfExchangeRateOnCashAndCashEquivalents" xlink:label="loc_us-gaapEffectOfExchangeRateOnCashAndCashEquivalents" />
      <link:calculationArc order="3" xlink:arcrole="http://www.xbrl.org/2003/arcrole/summation-item" xlink:from="loc_us-gaapCashCashEquivalentsRestrictedCashAndRestrictedCashEquivalentsPeriodIncreaseDecreaseIncludingExchangeRateEffect" xlink:to="loc_us-gaapEffectOfExchangeRateOnCashAndCashEquivalents" xlink:type="arc" weight="1" />
    </link:calculationLink>
    <link:calculationLink xlink:type="extended" xlink:role="http://marathonpg.com/role/OrganizationAndDescriptionOfBusiness" xlink:title="00000007 - Disclosure - Organization and Description of Business" />
    <link:calculationLink xlink:type="extended" xlink:role="http://marathonpg.com/role/SummaryOfSignificantAccountingPolicies" xlink:title="00000008 - Disclosure - Summary of Significant Accounting Policies" />
    <link:calculationLink xlink:type="extended" xlink:role="http://marathonpg.com/role/DigitalAssetMining" xlink:title="00000009 - Disclosure - Digital Asset Mining" />
    <link:calculationLink xlink:type="extended" xlink:role="http://marathonpg.com/role/StockholdersEquity" xlink:title="00000010 - Disclosure - Stockholders' Equity" />
    <link:calculationLink xlink:type="extended" xlink:role="http://marathonpg.com/role/DebtCommitmentsAndContingencies" xlink:title="00000011 - Disclosure - Debt, Commitments and Contingencies" />
    <link:calculationLink xlink:type="extended" xlink:role="http://marathonpg.com/role/SubsequentEvents" xlink:title="00000012 - Disclosure - Subsequent Events" />
    <link:calculationLink xlink:type="extended" xlink:role="http://marathonpg.com/role/SummaryOfSignificantAccountingPoliciesPolicies" xlink:title="00000013 - Disclosure - Summary of Significant Accounting Policies (Policies)" />
    <link:calculationLink xlink:type="extended" xlink:role="http://marathonpg.com/role/DisclosureSummaryOfSignificantAccountingPoliciesTables" xlink:title="00000014 - Disclosure - Summary of Significant Accounting Policies (Tables)" />
    <link:calculationLink xlink:type="extended" xlink:role="http://marathonpg.com/role/DigitalAssetMiningTables" xlink:title="00000015 - Disclosure - Digital Asset Mining (Tables)" />
    <link:calculationLink xlink:type="extended" xlink:role="http://marathonpg.com/role/StockholdersEquityTables" xlink:title="00000016 - Disclosure - Stockholders' Equity (Tables)" />
    <link:calculationLink xlink:type="extended" xlink:role="http://marathonpg.com/role/DebtCommitmentsAndContingenciesTables" xlink:title="00000017 - Disclosure - Debt, Commitments and Contingencies (Tables)" />
    <link:calculationLink xlink:type="extended" xlink:role="http://marathonpg.com/role/OrganizationAndDescriptionOfBusinessDetailsNarrative" xlink:title="00000018 - Disclosure - Organization and Description of Business (Details Narrative)" />
    <link:calculationLink xlink:type="extended" xlink:role="http://marathonpg.com/role/SummaryOfSignificantAccountingPoliciesDetailsNarrative" xlink:title="00000019 - Disclosure - Summary of Significant Accounting Policies (Details Narrative)" />
    <link:calculationLink xlink:type="extended" xlink:role="http://marathonpg.com/role/SummaryOfSignificantAccountingPolicies-ScheduleOfChangeInFairValueOfAssetsMeasuredLevel1Details" xlink:title="00000020 - Disclosure - Summary of Significant Accounting Policies -  Schedule of Change in Fair Value of Assets Measured Level 1 (Details)" />
    <link:calculationLink xlink:type="extended" xlink:role="http://marathonpg.com/role/SummaryOfSignificantAccountingPolicies-ScheduleOfAssetsAndLiabilitiesMeasuredAtFairValueOnRecurringBasisDetails" xlink:title="00000021 - Disclosure - Summary of Significant Accounting Policies - Schedule of Assets and Liabilities Measured at Fair Value on Recurring Basis (Details)" />
    <link:calculationLink xlink:type="extended" xlink:role="http://marathonpg.com/role/SummaryOfSignificantAccountingPolicies-ScheduleOfFairValueOfWarrantLiabilitiesDetails" xlink:title="00000022 - Disclosure - Summary of Significant Accounting Policies - Schedule of Fair Value of Warrant Liabilities (Details)" />
    <link:calculationLink xlink:type="extended" xlink:role="http://marathonpg.com/role/SummaryOfSignificantAccountingPolicies-ScheduleOfAntidilutiveSecuritiesExcludedFromComputationOfEarningsPerShareDetails" xlink:title="00000023 - Disclosure - Summary of Significant Accounting Policies -  Schedule of Antidilutive Securities Excluded from Computation of Earnings Per Share (Details)" />
    <link:calculationLink xlink:type="extended" xlink:role="http://marathonpg.com/role/SummaryOfSignificantAccountingPolicies-ScheduleOfComputationOfBasicAndDilutedLossPerShareDetails" xlink:title="00000024 - Disclosure - Summary of Significant Accounting Policies - Schedule of Computation of Basic and Diluted Loss Per Share (Details)" />
    <link:calculationLink xlink:type="extended" xlink:role="http://marathonpg.com/role/DigitalAssetMiningDetailsNarrative" xlink:title="00000025 - Disclosure - Digital Asset Mining (Details Narrative)" />
    <link:calculationLink xlink:type="extended" xlink:role="http://marathonpg.com/role/DigitalAssetMining-ComponentsOfPropertyEquipmentAndIntangibleAssetsDetails" xlink:title="00000026 - Disclosure - Digital Asset Mining - Components of Property, Equipment and Intangible Assets (Details)" />
    <link:calculationLink xlink:type="extended" xlink:role="http://marathonpg.com/role/StockholdersEquityDetailsNarrative" xlink:title="00000027 - Disclosure - Stockholders' Equity (Details Narrative)" />
    <link:calculationLink xlink:type="extended" xlink:role="http://marathonpg.com/role/StockholdersEquity-SummaryOfStockOptionsAndChangesDuringPeriodDetails" xlink:title="00000028 - Disclosure - Stockholders' Equity - Summary of Stock Options and Changes During the Period (Details)" />
    <link:calculationLink xlink:type="extended" xlink:role="http://marathonpg.com/role/DebtCommitmentsAndContingenciesDetailsNarrative" xlink:title="00000029 - Disclosure - Debt, Commitments and Contingencies (Details Narrative)" />
    <link:calculationLink xlink:type="extended" xlink:role="http://marathonpg.com/role/DebtCommitmentsAndContingencies-ScheduleOfDebtDetails" xlink:title="00000030 - Disclosure - Debt, Commitments and Contingencies - Schedule of Debt (Details)" />
    <link:calculationLink xlink:type="extended" xlink:role="http://marathonpg.com/role/DebtCommitmentsAndContingencies-ScheduleOfComponentsOfLeaseCostDetails" xlink:title="00000031 - Disclosure - Debt, Commitments and Contingencies - Schedule of Components of Lease Cost (Details)">
      <link:loc xlink:type="locator" xlink:href="http://xbrl.fasb.org/us-gaap/2019/elts/us-gaap-2019-01-31.xsd#us-gaap_OperatingLeaseExpense" xlink:label="loc_us-gaapOperatingLeaseExpense" />
      <link:loc xlink:type="locator" xlink:href="http://xbrl.fasb.org/us-gaap/2019/elts/us-gaap-2019-01-31.xsd#us-gaap_OperatingLeaseCost" xlink:label="loc_us-gaapOperatingLeaseCost" />
      <link:calculationArc order="1" xlink:arcrole="http://www.xbrl.org/2003/arcrole/summation-item" xlink:from="loc_us-gaapOperatingLeaseExpense" xlink:to="loc_us-gaapOperatingLeaseCost" xlink:type="arc" weight="1" />
      <link:loc xlink:type="locator" xlink:href="http://xbrl.fasb.org/us-gaap/2019/elts/us-gaap-2019-01-31.xsd#us-gaap_LeaseAndRentalExpense" xlink:label="loc_us-gaapLeaseAndRentalExpense" />
      <link:calculationArc order="1" xlink:arcrole="http://www.xbrl.org/2003/arcrole/summation-item" xlink:from="loc_us-gaapLeaseAndRentalExpense" xlink:to="loc_us-gaapOperatingLeaseExpense" xlink:type="arc" weight="1" />
      <link:loc xlink:type="locator" xlink:href="http://xbrl.fasb.org/us-gaap/2019/elts/us-gaap-2019-01-31.xsd#us-gaap_ShortTermLeaseCost" xlink:label="loc_us-gaapShortTermLeaseCost" />
      <link:calculationArc order="2" xlink:arcrole="http://www.xbrl.org/2003/arcrole/summation-item" xlink:from="loc_us-gaapLeaseAndRentalExpense" xlink:to="loc_us-gaapShortTermLeaseCost" xlink:type="arc" weight="1" />
    </link:calculationLink>
    <link:calculationLink xlink:type="extended" xlink:role="http://marathonpg.com/role/DebtCommitmentsAndContingencies-ScheduleOfWeightedAverageLeaseDetails" xlink:title="00000032 - Disclosure - Debt, Commitments and Contingencies - Schedule of Weighted Average Lease (Details)" />
    <link:calculationLink xlink:type="extended" xlink:role="http://marathonpg.com/role/DebtCommitmentsAndContingencies-ScheduleOfMinimumLeasePaymentsDetails" xlink:title="00000033 - Disclosure - Debt, Commitments and Contingencies - Schedule of Minimum Lease Payments (Details)" />
    <link:calculationLink xlink:type="extended" xlink:role="http://marathonpg.com/role/SubsequentEventsDetailsNarrative" xlink:title="00000034 - Disclosure - Subsequent Events (Details Narrative)" />
</link:linkbase>
